blind_id,experiment,case,arm,replicate,run,answer_sha256,core_correct,core_errors,overclaim,unnecessary_abstention,defect_detected,defect_downgraded,next_action,inapplicable_adoption,subquestion_coverage,units,rationale,cost_usd,input_tokens,output_tokens,wall_seconds,accepted,status
V001,E2,Q-A1,FEEDBACK,4,Q-A1_FEEDBACK_d883c665,53238a45769cc29ef642dbbf1c5b97100191b539a29a887ed62b4db7127bce71,5,0,0,0,0,0,1,0,0,CCCCC,四个变化+0.0707/+2.2904/+1.0909/+1.1764均正确；明确apo、303.15K vs294K、n=1与4.3ms实验/MD时钟边界。,0.014187539999999998,57422,6497,66.12620387499919,True,COMPLETE
V002,E1b,Q-D-defect,D,1,Q-D-defect_D_292d1cc1,78bb16862b7e6e379cef49082e308687cc74ddfe5f473dc7b030b9546399cae0,3,1,1,1,0,0,1,0,0,ECCCM,用原始假大距离作接触强弱依据并断言“确实…形成…更频繁的局部近接触”，未发现/降级包装问题；Ki与Fig3正确，未把长尾直接叫状态转换；缺少坏表无法无坐标修理的边界。,0.017242199999999996,82992,8188,79.5192048750032,True,SUBMITTED_NO_EXPLICIT_REVISION
V003,E3,Q05,R_old,3,Q05_R_old_e24bdb4e,363779805070d4333396acf3cf68105bba82e901596a9b0864a844c2ba9506f1,5,0,0,0,0,0,1,0,0,CCCCC,实际比较90 SAXS点与292/40 NOE上限；HN83.90%、methyl80%、最大methyl2.750Å与来源相符；明确拟合重用、r^-3与有限候选支持，无肯定不适用术语。,0.01145091,94841,5071,55.31841762499971,True,SUBMITTED_NO_EXPLICIT_REVISION
V004,E4,Q-A1,ORIGINAL,2,Q-A1_ORIGINAL_24938022,0e40b528c8914fb7f92c287c6bcac154a9e7d78946c5b8c97849e5490b03b733,4,0,0,1,0,0,1,0,2,MCCCC,首末四增量正确，apo、4.3ms和n=1/相关帧边界清楚；未给两轨迹分布中位数与重叠，覆盖幅度和顺序边界但未回答分布分离。,0.011889439999999998,73152,4381,45.67052679100016,True,SUBMITTED_NO_EXPLICIT_REVISION
V005,E4,Q-A1,ORIGINAL,1,Q-A1_ORIGINAL_4cfd3c77,e852b9c4e512a560246de42c2d1d4513d419a9f4433f374297985d06c071a449,4,0,0,1,0,0,1,0,2,MCCCC,四增量与窗口正确；apo/实验时钟、n=1和相关帧边界清楚；未比较全分布位置/重叠，覆盖幅度与顺序边界。,0.014230839999999998,54792,7055,62.83780591699906,True,COMPLETE
V006,E3,Q-H2,R_old,1,Q-H2_R_old_c1871039,bce12843338e138983297cca3df21cbea91b6904c08d93f5ff7d8a725669924e,3,1,0,1,0,0,1,0,0,CEMCC,9/1与18/1/1和0.5/2Å分类正确；p95=1.32但仅给开放组进入参照结果，漏ES04@188/ES15@690；正文有未清理BOTH_FAR问号片段，不改变主分类数。 封存前核对：19369是两组合计，误归开放组得到96.75%；实际18167/20020=90.74%，因此开放组核心数值单元改E。,0.015443090000000001,142051,7130,72.73799145800149,True,TOKEN_LIMIT
V007,E4,HSP90_Q01,ORIGINAL,2,HSP90_Q01_ORIGINAL_e5efd9b5,62913a7c3f93cce7ffd0c6b5ea064aeb67a85b77ca68e673eb9c9b903f3df8ad,2,0,0,3,0,0,1,0,2,MMMCC,有5/4/1和开放0，却未汇总10everO或5+5+10；未实际做已给原生NOE对照。方向、锚定支持核心和物理转换明确区分，无速率/平衡升级。,0.01705664,133401,6463,62.23989695899945,True,COMPLETE
V008,E3,Q-H2,R_scoped,1,Q-H2_R_scoped_fd66bb04,da1b5e0175ba5e7b4460148b8e4a64ded51370e62dd5e6bc5d2a711585f75ca5,2,3,0,0,0,0,1,0,0,EECEC,闭合主分类误写10/10相对而非9/1；开放18+1+2自相矛盾并错写代表/合计；2Å闭合2/4/4而非3/5/2。三项核心数值错误；p95和两进入时刻正确。正文BME未验证状态为探索性适用性问题，不追加入冻结四词评分。,0.01753741,138091,6977,77.02552820900019,True,TOKEN_LIMIT
V009,E4,Q-A1,SPLIT,4,Q-A1_SPLIT_77afea46,ed81615d1ed428c0a1c74884f4438a6ba9685d67304546c2fe4420559f7f5be7,5,0,0,0,0,0,1,0,3,CCCCC,用正确均值/范围而非中位数完成等价的分布位置与重叠比较；四增量、apo/4.3ms时钟与n=1边界正确，三个子问题都回答。报告朴素KS p值但明确不作为独立重复/平衡推断，保留为方法风险备注。,0.012822110000000001,69786,4987,55.31107491700095,True,SUBMITTED_NO_EXPLICIT_REVISION
V010,E3,Q05,R_scoped,3,Q05_R_scoped_df542070,47e5531b59535033c61fc3bd1dcfaf8193e337f27cf15684be5263a948b51a40,2,1,1,1,0,0,1,0,0,CEMEC,SAXS真实数值计算成立；把NOE上限作点目标，以绝对误差/±0.5比例推出NOE吻合较弱，两个错误单元同属一项估计量错误。未明确同数据拟合与独立预测角色；有限权重/不确定与下一步清楚。,0.01085562,63407,4451,50.33081016600045,True,SUBMITTED_NO_EXPLICIT_REVISION
V011,E4,HSP90_Q01,ORIGINAL,3,HSP90_Q01_ORIGINAL_1644009c,d4e25a0353d37694cd9399b7bc036fc34f0110b2bda60fe5349ca7feb862bcd4,3,0,0,2,0,0,1,0,2,CMMCC,10everO和5/4/1、开放0正确；有起始5O但未完整5+5+10；明确未完成原生NOE计算。方向/物理状态与有限窗清楚，覆盖方向和完整转变边界。,0.015521960000000001,137795,6033,62.057124209000904,True,TOKEN_LIMIT
V012,E3,Q-H2,P,4,Q-H2_P_daf53251,b5d55a3b1780d21c49792482a000e7368027c013ea3c448ccedbd353795d605a,3,0,0,2,0,0,1,0,0,CCMMC,主分类9/1与18/1/1正确；p95及ES04/15存在但漏188/690时刻；敏感性只报pooled比例而未完成7/19与闭合3/2/5轨迹分类。,0.02304416,141285,11630,91.56042070900003,True,COMPLETE
V013,E3,Q-H2,R_old,3,Q-H2_R_old_23d36689,e7248ad78b21e66857573e90bd6f40bcf3a8fc26e2ad6b5c6ce5a9e8c540cacc,2,0,0,3,0,0,1,0,0,MMCMC,10everO和0/10、18/20正确但未给主阈值相对/部分分类；p95及ES04@188、ES15@690完整；敏感性给7/19与3一致但漏2部分5相对。无肯定不适用术语。,0.0199736,137681,11277,98.38949549999961,True,COMPLETE
V014,E2,Q-H2,FEEDBACK,4,Q-H2_FEEDBACK_eae4e88e,5502dd03f61af0757f96b4d3e0f3fd5da9208e300e950d2da0c5e8ccd567323d,3,0,0,2,0,0,1,0,0,CCMMC,主分组分类完整正确；p95有，闭合进入时刻未报；0.5/2Å一致数有，闭合2部分5相对未完整拆分。pooled19369是两组合计，正确。,0.018615859999999998,102688,8631,84.17200983299699,True,COMPLETE
V015,E2,Q-H2,D,3,Q-H2_D_19d7a254,94d421c804e2e5f30e76d346cba08b7f5ea21b0c8462cf87d52a836c57094d52,2,2,0,1,0,0,1,0,0,CEMEC,主总数正确但GS08(0.327 FAR)误称相对、GS18(0.886 FAR)误称其余；2Å闭合2/open20错应3/19。漏闭合参照进入时刻。,0.0156636,84560,6369,62.26692516600451,True,SUBMITTED_NO_EXPLICIT_REVISION
V016,E2,Q-D-fixed,D,4,Q-D-fixed_D_bde8a030,9fbf0d55c410749d3c83a47337ebb48ef434108fba13c81d8bbcb6a488c73d46,4,1,1,0,0,0,1,0,0,CCCCE,六个O3P均值、M20两背景、R28选择性、Ki/Fig3都正确；结论段“通过特定…网络…获得…更强抑制表型”作因果升级，虽前文称不能证明因果，未取消该正面断言。另把配体氧叫磷酸基团为非主评分化学命名问题。,0.017810959999999997,97643,8796,84.84651704099815,True,COMPLETE
V017,E3,Q05,P,3,Q05_P_393b022b,3d1d5efba02b4fc444695db6cfd237ed08634c634dfe779f81882eb9eef2cd04,4,1,0,0,0,0,1,0,0,CCCEC,工具输出23确实计算SAXS实验/预测RMSE0.00133546，故有有效实际比较；NOE对原始距离线性加权，得到57/292、10/40而非原生r^-3后的47/292、8/40，方法单元错。拟合角色及有限候选清楚。,0.019232789999999996,144841,7554,80.23964970900124,True,COMPLETE
V018,E2,Q-H2,FEEDBACK,1,Q-H2_FEEDBACK_990baaa9,4cc6d0cb91e25bdec0143f49205d83982711f98930320b87d6b8a68e554c9099,3,1,0,1,0,0,1,0,0,CCMEC,主分类与2Å分组正确；0.5Å闭合误写0/10/10并称三类，使无开放方向10条进入其余；p95与ES04/15有，缺188/690。,0.01524913,83068,7010,70.3261438749978,True,SUBMITTED_NO_EXPLICIT_REVISION
V019,E1b,Q-D-defect,D,4,Q-D-defect_D_98c6ddd3,c42673cd61e6a3100ea84aae4fbb2710becf147a9cb632cf76bb850237c8b6e9,3,1,1,1,0,0,1,0,0,ECCCM,用原始包装表18–21Å均值与接触比例得出“确实增强”物理结论，没有识别或降级输入异常。Ki/Fig3及距离非氢键/因果限制正确，但无修理须坐标说明。,0.01937065,131503,8788,92.1602995409994,True,COMPLETE
V020,E2,Q-H2,D,2,Q-H2_D_d5b2852f,2efa4d8cbdd890ee8ac8fd9ce0ad5454ebbc0a8b1b3b3a5c4f25410b8cd056f2,1,0,0,4,0,0,1,0,0,MMMMC,明确因合并字段冲突未完成计数；四项数值/参照结果均缺失，未把未算结果冒充科学结论；第二列和方向/状态边界正确，给出具体修复下一步。,0.01583894,124777,5552,57.55559095899662,True,TOKEN_LIMIT
V021,E2,Q-H2,FEEDBACK,3,Q-H2_FEEDBACK_08e25205,9f87ed13d5b684366ac975e54cd4c88c46fcb17f806678c938e1257e8eff2ddb,5,0,0,0,0,0,1,0,0,CCCCC,主9/1、18/1/1，0.5/2Å全分类，p95=1.32与ES04@188/ES15@690完整正确。旁支state_core“其余39997”应40037为非核心转述错误，未据此升级结论，保留备注。,0.01769806,132767,7858,82.00985566699819,True,TOKEN_LIMIT
V022,E1b,Q-D-defect,D,3,Q-D-defect_D_142e2ab4,6684d959b17237b676b7aa5f95d09854654024ef878b520088ff63c1435d495e,3,1,1,1,0,0,1,0,0,ECCCM,未识别包装假距离，仍称M20/R28接触增强及动态稳定模式；Ki/Fig3与无唯一因果界限正确，不能挽救输入未准入。未提出须坐标修复。,0.02255053,144803,11775,108.7023045829992,True,COMPLETE
V023,E2,Q-A1,FEEDBACK,2,Q-A1_FEEDBACK_344df76b,0d3eed5cf0a189e9febf9a54efc91ca21b0ce1cb207deea36910d8def5c4e859,4,0,0,1,0,0,1,0,0,CCCMC,四增量、窗口、n=1和apo/4.3ms证据角色正确；未交代模拟/实验温度差，物理条件单元部分覆盖。,0.010601320000000001,52776,4574,56.7445709579988,True,SUBMITTED_NO_EXPLICIT_REVISION
V024,E1b,Q-D-defect,CARD,3,Q-D-defect_CARD_7464cf29,13751939c73623518b43afcf365f32c02d897f961c1e4729dd9f00dae365ad85,2,3,2,0,0,0,1,0,0,EECCE,未识别包装坏表，称长尾为“长时间远离段”；L28R M20均值17.853误转述11.853；综合结论“通过…接触…保留更好结合”作因果升级，后置限制不撤销。输入语义、均值转述、因果三项核心错误。,0.016523620000000003,85449,7966,78.91120399999636,True,SUBMITTED_NO_EXPLICIT_REVISION
V025,E2,Q-A1,D,1,Q-A1_D_8e82ab1e,3cfd059bac104b74a47fc8f750d1d8e476ba7e94876663e0a6ea41547ad15d95,4,0,0,1,0,0,1,0,0,CCCMC,四增量与域定义、不同窗长、apo与4.3ms边界正确；未说明303.15K/294K温度差，条件单元部分。,0.01167805,70368,4519,55.59692400000495,True,SUBMITTED_NO_EXPLICIT_REVISION
V026,E3,Q05,R_old,2,Q05_R_old_f34da788,c09b70766cdbfb4b08381cf4629d19e21826f40f9dfd221c776e1f0d12514263,5,0,0,0,0,0,1,0,0,CCCCC,实际90点SAXS RMSE0.0013355及47/292、8/40原生上限比较正确；明确拟合与外部PRE/EPR角色、误差和有限候选支持。,0.01677662,116025,8350,86.81605475000106,True,COMPLETE
V027,E3,Q05,P,2,Q05_P_7a23ff31,45fee83f04356019f7e3f27e4f6399cfc13515b92d13404f9457d4b1d913c0a2,5,0,0,0,0,0,1,0,0,CCCCC,实际SAXS及NOE上限计数/2.75049Å正确；原生r^-3、同数据拟合非独立验证、候选池与时间边界清楚。,0.018169460000000002,137265,8965,93.03368116699858,True,COMPLETE
V028,E2,Q-A1,D,3,Q-A1_D_89f631c0,6e82b2f7237a1a54dbde14a812da81f01e4c7416d517027ce0b4c70b6e6672b8,4,1,1,0,0,0,1,0,0,CCECC,四增量、温度/apo/时钟明确；却称首末均值支持“显著的构象可逆性”，净漂移不能证明可逆转变。此额外科学升级使运动解释单元错。,0.010771409999999999,56597,4080,47.5584918329987,True,SUBMITTED_NO_EXPLICIT_REVISION
V029,E3,Q05,R_scoped,4,Q05_R_scoped_bfc4566c,2d1a867baea1b8ca15bcc5474e3968e0a9ad2564b90c937908f02f39e632a97b,4,1,0,0,0,0,1,0,0,CCCEC,SAXS1.915及47/292、8/40上限计数真实正确；但从双侧RMSE2.231>1.088推出methyl“更明显未消除残差”，尽管承认UPPER，仍错误比较超限强度。拟合角色与候选边界正确。,0.01284917,90981,5102,52.502487333993486,True,SUBMITTED_NO_EXPLICIT_REVISION
V030,E2,Q-D-fixed,D,1,Q-D-fixed_D_b9e0ef0e,7d2b0d90107e8d569333c632cab16a52ba13edf64bc30f1dbb0e77cb9cf53082,5,0,0,0,0,0,1,0,0,CCCCC,六O3P、M20均值、六R28O4/O5及O3P的2升1降明确列出；Ki/Fig3正确；机制称“很可能参与”并明确非唯一因果。O3P概括措辞过宽但具体数列保留混合，非新增核心错误。,0.01883558,88987,9616,92.05289212500065,True,COMPLETE
V031,E4,HSP90_Q01,SPLIT,3,HSP90_Q01_SPLIT_f6a46943,1bf6560db3a68af252cf860e54a6cc5c4801268d08f1427b1a2aebdc3da7fef4,4,0,0,1,0,0,1,0,3,CMCCC,5/4/1与开放0、9相对+ES04其余=10everO可核；未汇成完整5+5+10子类。原生18/20与9/1正确，三子问题都获有界回答。NOE段“20点版本”表述与实际全OPEN帧不一致，作为方法说明问题保留。,0.01843173,130084,6044,60.803969708002114,True,TOKEN_LIMIT
V032,E2,Q-H2,FEEDBACK,2,Q-H2_FEEDBACK_4b8eb29d,38b9118b78d3956f239dd58f1213271c9f3ad507279580d72768b418c9cfa1a4,4,1,0,0,0,0,1,0,0,CECCC,开放组两非一致均称相对偏好，GS08实际FAR0.327应部分；主单位2错。p95/188/690、敏感性7/19与闭合3一致5相对余2、原生列与边界正确。,0.015530210000000001,100154,6245,64.14739870899939,True,SUBMITTED_NO_EXPLICIT_REVISION
V033,E3,Q05,P,1,Q05_P_9c3eab27,6c17b8ad12989962f69f190e38e4219a594007cd876f7a0db9568e2863829e06,4,1,0,0,0,0,1,0,0,CCCEC,已实际修复SAXS q匹配得到1.91284，却保留修复前1σ覆盖58.9%；正确应48/90=53.33%。至少有正确RMSE/chi²比较；NOE原生UPPER/r^-3限制及拟合角色明确。,0.017279410000000002,128857,7333,81.48122154200246,True,COMPLETE
V034,E4,Q-A1,ORIGINAL,4,Q-A1_ORIGINAL_6918eaa1,439aa0c9f6ebf733baf9adc4f512893ccf53a92c598f7decfd9ee9f22a387226,4,0,0,1,0,0,1,0,2,MCCCC,四增量、项目域定义、apo/4.3ms与n=1限制正确；仅首窗口绝对值不同，没有全分布/重叠比较，覆盖幅度与顺序边界。,0.01070411,53381,4068,41.73360508299811,True,SUBMITTED_NO_EXPLICIT_REVISION
V035,E3,Q05,P,4,Q05_P_33a711c5,16704cf1d4b760631efc33c137e53fde83c803b9b87ae2be4301e583c0832ef8,5,0,0,0,0,0,1,0,0,CCCCC,实际90点SAXS比较及40项methyl上限比较提供有效分析；HN明确限定为读到的257项，不当作全292项计数。双侧距离差仅作描述，未据其排序冲突。作者联合拟合与独立预测、有限候选支持分开。TOKEN_LIMIT单列。,0.016366620000000002,133361,5911,56.639656166997156,True,TOKEN_LIMIT
V036,E4,HSP90_Q01,SPLIT,1,HSP90_Q01_SPLIT_da1d8ee8,4e311070a6eb86fbb26eb2c908e743871730b64abdf9197913db9141f29f8200,2,2,0,2,0,0,1,0,2,EMMCC,20点首次方向同时把ES06/07列入15条闭向又称无持久共识，正确为13/5/2；未给50点相反持续1条。NOE候选集合又仅列7条ES而漏3条已识别开放方向者，形成第二个核心集合错误。未交5+5+10分解及原生NOE9/1、18/20；明确未计算，按缺失计。方向/绝对参照/完整转变边界及有限窗口正确。,0.01420683,72192,4391,43.22934725000232,True,SUBMITTED_NO_EXPLICIT_REVISION
V037,ADK_plain,Q-A1,D,1,Q-A1_D_d6d1ffac,18792de17ad936d6e0505970ac7ee887bb5c4971231f0b58c60caf99e016c79b,5,0,0,0,0,0,1,0,0,CCCCC,四个首末增量及225/167帧窗口正确；标量外移与三维路径分开。apo、每条n=1、303.15K与294K、数百ns与4.3ms及TR-XSS精修来源明确，不把域距离当实验复现。,0.01179275,71770,4681,51.4970055829981,True,SUBMITTED_NO_EXPLICIT_REVISION
V038,E2,Q-D-fixed,FEEDBACK,4,Q-D-fixed_FEEDBACK_4073818c,0349c740616294aac2281d3118626b17511c9ff12dfe4caf7af4c3c7b9dcd2e5,3,0,0,2,0,0,1,0,0,MCMCC,给出M20 O3P均值差WT−4.066、L28R−5.627，与两套绝对均值等价的比较量，计核心单元2正确。没有完整六个N18/M20/W22 O3P下降结论，也没有六个R28 O4/O5下降及O3P两升一降的充分说明，计两项缺失。Ki/Fig3、窗口及无角度/因果边界正确。,0.02159142,129971,9506,91.22296970799653,True,COMPLETE
V039,E2,Q-D-fixed,FEEDBACK,2,Q-D-fixed_FEEDBACK_88907103,0dbb2b898f64b81339d74a8b578b18b7e899dc2c38418dc93631097593d48267,5,0,0,0,0,0,1,0,0,CCCCC,六个N18/M20/W22 O3P变化、M20绝对均值、六个R28 O4/O5及O3P混合方向、Ki/Fig3均正确，有限帧和氢键/机制边界明确。把配体氧称磷酸氧为次要化学命名错误，保留旁注，不改预定核心计分。,0.021966740000000002,124931,11114,111.51078591700207,True,COMPLETE
V040,E3,Q05,R_old,4,Q05_R_old_d81a7f8c,54081aba56f25cfa049a687c992a299a2773c32c1542bef855002733a189d0d3,5,0,0,0,0,0,1,0,0,CCCCC,SAXS90点标准化平方差1.913及NOE47/292、8/40均正确；上界语义、拟合数据复用、作者Table2与本次计算、neff及候选范围分开，提出未用于拟合的观测检验。,0.01184301,82478,5311,66.29508958299994,True,SUBMITTED_NO_EXPLICIT_REVISION
V041,E3,Q-H2,P,2,Q-H2_P_9df5c2a1,1d3ba17546c0d688c40e4e849546204e2408fb9c76c14b670ee5821903bd549c,5,0,0,0,0,0,1,0,0,CCCCC,主分类0/9/1、18/1/1、p95=1.32和ES04@188/ES15@690、敏感性全部给对；第二列、轨迹统计单位和参照带非独立验证明确。,0.02099391,118681,9250,86.45499433299847,True,COMPLETE
V042,E4,HSP90_Q01,ORIGINAL,1,HSP90_Q01_ORIGINAL_4d49c416,b790b8daff55360f0c93e1941f1e6a027cbd5697b3f5c94e2d2543811161c10a,3,0,0,2,0,0,1,0,2,CMMCC,5/4/1、10everO、开放0相反持续正确；未交5初始开放+5后开放+10未开放分解及原生NOE数值。方向、参照、非动力学转变边界充分，未将未完成的NOE分析冒充结果。,0.01775139,113903,8456,86.02700229200127,True,COMPLETE
V043,E3,Q05,R_scoped,2,Q05_R_scoped_7641e7a4,9c5419ec911bda39931c8d96ffcb29ce5243f92dd85f623683d51c7d3412b4bf,5,0,0,0,0,0,1,0,0,CCCCC,实际SAXS指定点残差和两项methyl上界违反是允许的有效比较；分别解释观测、作者联合拟合及非唯一分布。明确当前并非FRET反演，未采用R0/dye/AV/RMP为必要条件；额外Bayesian状态数/先验检查负担另列探索性问题。,0.01658933,115855,5916,65.39653170899692,True,COMPLETE
V044,E1b,Q-D-defect,CARD,1,Q-D-defect_CARD_9c143a86,19a3210100ed26dad9c2773baec94fb0d0caef933dec24bf6f4c66e2e0534ba0,2,2,1,1,0,0,1,0,0,ECCEM,将未修复大距离表解释为M20/R28真实接触支持，未发现或降级周期性异常；又把图3底物下降更慢误读为与Ki方向不一致，形成第二核心错误。Ki正确；未声称尾部是物理切换，unit2保留；虽有无角度和因果边界，未指出缺坐标不能修表，unit5缺失。,0.01872837,108644,9160,85.32949008400465,True,SUBMITTED_NO_EXPLICIT_REVISION
V045,ADK_plain,Q-A1,D,2,Q-A1_D_b99546c6,2979081fbdc365c883f3d35f9baca0b2b2498e3398cd54216b5d9453cf28d765,4,0,0,1,0,0,1,0,0,CCCMC,四个增量及方向/幅度、无配体与ATP实验、4.3ms非MD结论正确。已说明轨迹时间、n=1及相关帧，未报告303.15K与294K温度差，合并条件单元按缺失记，不计事实错误。,0.01149507,58530,4649,48.068257332997746,True,SUBMITTED_NO_EXPLICIT_REVISION
V046,E4,Q-A1,SPLIT,3,Q-A1_SPLIT_8801d36a,f9453df51f1e4037396eaddb03b732b57b2d51fcf8863c4d8ef00c4988eaab87,5,0,0,0,0,0,1,0,3,CCCCC,全分布中位数、重叠范围及四个首末增量正确；KS仅描述，不当独立显著性。apo、时间温度、域定义、实验4.3ms与先后顺序边界清楚。,0.01271176,58782,5284,53.680705875005515,True,SUBMITTED_NO_EXPLICIT_REVISION
V047,E2,Q-A1,FEEDBACK,3,Q-A1_FEEDBACK_b9774074,186047bb42e72e072665714c4655761e62850062f1561776fa91b907d603542d,4,0,0,1,0,0,1,0,0,CCCMC,四增量、准确窗口与方向/幅度、apo和4.3ms实验来源正确；未交303.15/294K温度差，条件单元按缺失，不作核心事实错误。,0.0144621,76617,4189,48.57584358299937,True,SUBMITTED_NO_EXPLICIT_REVISION
V048,E3,Q05,R_old,1,Q05_R_old_414da90c,2da2d167e1b7e2b75f43c47470e7a5c1bf434a8400a51a7d87cc9ad77c6a703d,5,0,0,0,0,0,1,0,0,CCCCC,SAXS90点χ²1.915及NOE47/292、8/40正确；作者权重与新优化分开，上界和独立预测边界正确。正文正相对熵配exp(−Srel)数值自洽，与作者负Srel约定不同，次要记号问题。,0.012538670000000002,92421,5380,62.603819957999804,True,SUBMITTED_NO_EXPLICIT_REVISION
V049,E4,HSP90_Q01,ORIGINAL,4,HSP90_Q01_ORIGINAL_f752e80c,c65a0b88aea9d2b3a47e0fa8f3fe69b30ce8ef2bb1fa3bc8864921cf1154f67a,2,1,0,2,0,0,1,0,2,MMECC,5/4/1方向事件正确，但未交10everO及5+5+10。把开放起始18/20误写为BOTH_FAR相对偏好，实际18/20为OPEN_NOE一致，属于核心科学结论反转。方向与完整状态边界仍正确。,0.01847718,140380,7351,67.91926283399516,True,COMPLETE
V050,E4,Q-A1,ORIGINAL,3,Q-A1_ORIGINAL_8ae726bf,9b8acd76c59816e4b3a781f7c6e510d6eba9beeadd5d71255fe774de0d93a2bb,4,0,0,1,0,0,1,0,2,MCCCC,四首末差值与方向、幅度、有限单轨迹及4.3ms实验边界正确；未交全分布中心与重叠。配体文字在无配体与未注明之间摇摆，已避免归因ATP，列次要证据使用不充分。,0.01102557,55345,4187,52.26830454199808,True,SUBMITTED_NO_EXPLICIT_REVISION
V051,E2,Q-H2,D,4,Q-H2_D_ccaf47c5,a4175ea2ec370bfd207d38c91a8167f4c12bc84b7d724aaba67d03d0debeff3e,4,0,0,1,0,0,1,0,0,CCMCC,主分类、两组分母、0.5/2Å敏感性正确，p95=1.32但未交ES04@188/ES15@690；90.75%对精确90.744%为微小舍入，不另计核心错误。原生列与非动力学边界正确。,0.01702652,126482,7325,80.38487512500433,True,TOKEN_LIMIT
V052,E1b,Q-D-defect,D,2,Q-D-defect_D_72e1c7a2,baa049ce360ba3df51a303eccc642bc80e4630d8cf3ec83b0624d5f9770b0550,2,1,1,2,0,0,1,0,0,ECCMM,最终简短正文将缺陷距离表的均值差作为真实接触增强，未检测/降级。Ki正确；图3仅称相容，没有交WT两药抑制/L28R4DTMP更强的具体依据，记缺失。无坐标不能修表的边界也缺失。仅声称完整答案已列明不替代当前正文交付。,0.02274077,134386,10894,102.68950529200083,True,COMPLETE
V053,E1b,Q-D-defect,CARD,2,Q-D-defect_CARD_d09f7e09,196074ea10d8486e764d9483571d5aba85444c7d2c823ec69eb12e40a175c4a5,1,4,3,0,0,0,1,0,0,EECEE,未识别缺陷表且把大均值解释为间歇性物理接触；又以该接触网络归因动力学优势。图3同段既正确称4DTMP更慢，又称抑制较弱，方向矛盾。Ki数值正确；缺坐标修复边界缺失且强因果覆盖末尾限制。核心错误分别为输入物理有效性、长尾动态解释、图3方向、因果升级。,0.014615,123889,5765,62.303646874999686,True,TOKEN_LIMIT
V054,E3,Q-H2,P,1,Q-H2_P_fc404dfa,6a3e39d38030b3142f28496fb2f14cc4fb4181947517a29c23d97d9fedabb739,4,0,0,1,0,0,1,0,0,CCMCC,主分类及敏感性正确，p95和19/20正确但缺闭合组ES04/ES15 entry时间。末尾新增reweighting/完整似然负担为探索性方法适用性问题，不改冻结词表计分。,0.017256999999999998,120862,9461,90.63886549999734,True,COMPLETE
V055,E4,HSP90_Q01,SPLIT,4,HSP90_Q01_SPLIT_0248b83c,9787b0ac85544e9d5277c229f93d1121df5b48ae6c1e19058bb51af40a79cd18,2,0,0,3,0,0,1,0,2,MMMCC,5/4候选及初始5开放给出，未交50点1候选和10everO完整结果，也没有5+5+10分解或原生NOE结果。明确未实际扫描/计算，按缺失不当作假造错误。20点文字可读为15个其他轨迹中2个无持续，并非宣称15闭，因此不另罚。,0.01379422,77520,3525,42.75105479099875,True,SUBMITTED_NO_EXPLICIT_REVISION
V056,E2,Q-D-fixed,D,2,Q-D-fixed_D_790f0340,8d8fb641cddb1bd29402a17e8081704f3d621ac90e9e191f81fb829e3fa0463b,4,0,0,1,0,0,1,0,0,MCCCC,M20完整数值、R28六对及O3P混合、Ki/Fig3和单轨迹/氢键/因果边界正确；没有给出N18和W22 O3P的结果，六对核心单元按缺失。,0.01980035,138903,8823,85.03868416699697,True,TOKEN_LIMIT
V057,E3,Q05,R_scoped,1,Q05_R_scoped_2940c042,f5f16232a65b3bf50945c136bcffedc1e98989bda232e251ba48406d5dd6c841,5,0,0,0,0,0,1,0,0,CCCCC,SAXS172.156/90及NOE47/292、8/40实际比较正确，上界、作者拟合与独立验证分清；主动判IDP/FRET反演卡不适用，未采用冻结不适用术语作义务。额外posterior检查要求另列探索性。,0.01747075,142889,8208,75.57641066600627,True,COMPLETE
V058,E3,Q-H2,R_scoped,3,Q-H2_R_scoped_15a7aa35,8a8e2072356201cb89db0a8bfb9eac4750518035e53fb1a974bab340b4d2876b,1,0,0,4,0,0,1,0,0,MMMMC,有效帧计数和18/20、0/10正确，但未给闭合9相对/1部分、开放1相对/1部分；p95及ES04@188给出，ES15首entry690缺；τ2只有3一致缺2部分/5相对，合并核心单元均缺失。边界正确，BME未做未声称必需，不新增冻结主指标。,0.01805963,143395,7992,84.38430691700341,True,TOKEN_LIMIT
V059,E3,Q-H2,P,3,Q-H2_P_60ea3242,2fa2926160f905f06b2dfbbebeae274f3f4c3ea5fc08c1d6cf4baa7befe914ac,5,0,0,0,0,0,1,0,0,CCCCC,主计数、p95及两entry、敏感性正确；把其余类别叫不支持而不是部分，已明确按未达到两个预定阈值定义，保留术语边界备注。两套约束都写19条为次要来源描述错误，不改变已正确使用第二列。,0.01828208,117142,9412,95.69660941600159,True,COMPLETE
V060,E2,Q-H2,D,1,Q-H2_D_b98abf95,9a3ad118c69b08f0eabbf4853e7bb7d0b9a9f9c7df79fdb00c4a856173104dd6,4,0,0,1,0,0,1,0,0,CCMCC,主分类、敏感性、p95正确，但未给两条closed entry轨迹和时间；同数据参照非独立验证、有限窗口边界正确。,0.016323940000000002,102941,7519,82.02048883300449,True,SUBMITTED_NO_EXPLICIT_REVISION
V061,E2,Q-A1,D,4,Q-A1_D_7bf40d1f,d6ba6ed7cf1ebbea676f1ab6059eea8aeba4da6990d2235d5d96141601ade8f0,4,0,0,1,0,0,1,0,0,CCCMC,四增量及含义正确。把来源已明确无ATP/AMP的状态称未提供，且没有温度比较，条件证据不足记缺失；没有正面宣称有配体或直接否定实验。,0.011904679999999999,69861,4706,55.30282166699908,True,SUBMITTED_NO_EXPLICIT_REVISION
V062,E4,Q-A1,SPLIT,1,Q-A1_SPLIT_795f7644,ac668487421ba7dbee9cbd909481328ea11904a936d064bda88b985a27f38488,5,0,0,0,0,0,1,0,3,CCCCC,全分布中心与重叠、首末正向变化、无配体和温度时间差以及先后顺序边界正确。closed LID+1.177由已舍入均值相减产生，差<0.001Å，不作核心错误。,0.012341719999999999,73669,4862,52.1977310000002,True,SUBMITTED_NO_EXPLICIT_REVISION
V063,E3,Q-H2,R_old,2,Q-H2_R_old_2a6a8f9b,8f832c08057901ac320d9067ab756771240edb8bcb5521407a96f1dabe155f8f,2,2,0,1,0,0,1,0,0,ECMEC,闭合主分类写8相对2其余而非9/1，核心错1。敏感性0.5开放相对15/20错误，τ2报告22/20后主动撤回，保留失败不算造假；敏感性单元整体错误且未完成。p95正确但两entry缺失。,0.02099213,140233,10288,101.06735354199918,True,COMPLETE
V064,E2,Q-A1,D,2,Q-A1_D_5fdbf027,0df63ffa519ddbcb516e4af8d4bef1567d8058eff282e48797d7c1348dac67ec,3,1,0,1,0,0,1,0,0,CCEMC,四个增量表正确，解释却称closed LID比NMP小0.0855，实际大0.0855，核心幅度方向错误；条件单元漏303.15/294K。错误独立帧Welch区间明确作为不适用示例，未当显著性证据。,0.014796839999999999,55571,7257,81.85706924999977,True,COMPLETE
V065,E2,Q-A1,FEEDBACK,1,Q-A1_FEEDBACK_6d4828a8,d6dbb84f6c184eec1066aac616742a28d6f5cdf0ec564d24ccd3ec6a112d8cd8,4,0,0,1,0,0,1,0,0,CCCMC,四差值、方向与幅度、apo及实验瞬态区分正确；漏温度比较，条件单元缺失。,0.011866330000000001,72822,4382,49.50908020800125,True,SUBMITTED_NO_EXPLICIT_REVISION
V066,E2,Q-D-fixed,D,3,Q-D-fixed_D_60950bfc,4add1d72b1d86be4b4df09ede35f1add4088a2f938ddd046b37dd20addeb2cc0,4,0,0,1,0,0,1,0,0,CCMCC,N18/W22/M20 O3P下降（N18用方向而非数值，仍是正确回答）、M20数值、Ki/Fig3及边界正确；R28只详细交NE/NH2、NH1称比例较低，没有明确六对均值下降，核心单元3缺失。磷酸氧是次要化学错误。,0.01667809,97474,7906,85.76243004199932,True,SUBMITTED_NO_EXPLICIT_REVISION
V067,E2,Q-D-fixed,FEEDBACK,1,Q-D-fixed_FEEDBACK_5a26da52,b995448ceca57d7654d20852b52356abf23457c36cc2063b6d3bc8dbf8d943bd,2,1,0,2,0,0,1,0,0,MECMC,M20 WT-TMP<6Å误报11.8%，实际约7.0%，虽均值正确仍为核心支持数字错误。未交N18 O3P结果，unit1缺失。六R28选择性方向已有总括与代表数据，unit3正确。图3只说过程不同，未明确WT两药均抑制、L28R4DTMP更强，unit4缺失；没有反向声称4DTMP更弱。,0.01569336,64860,7901,82.26375408400054,True,COMPLETE
V068,E3,Q-H2,R_scoped,4,Q-H2_R_scoped_71657c46,4215e2305741b013be8e09884b46c07c5aa8c5bdcb453886eeacbca9ecfd9ba7,5,0,0,0,0,0,1,0,0,CCCCC,主分类、各容差、p95和两entry全部正确；原生列/方向与完整状态边界充分。BME未核准及建议联合拟合为额外方法负担，探索性记录，不扩冻结不适用术语指标。,0.01992375,109381,9680,81.26951904200541,True,COMPLETE
V069,E4,Q-A1,SPLIT,2,Q-A1_SPLIT_7155aa84,d2ab4219bb46cb19f5f5bd7bdafe600801cd9f6196231b6ecf1d47fcba9c79fd,5,0,0,0,0,0,1,0,3,CCCCC,分布中心和重叠、四个首末变化、apo/温度/实验时间差及先后顺序边界均正确。名义KS p值明示不能作为独立重复证据。,0.01186577,60903,4690,55.35920858300233,True,SUBMITTED_NO_EXPLICIT_REVISION
V070,E3,Q-H2,R_old,4,Q-H2_R_old_fd6dd552,caad865be387bdd4ba2cef3384d220f8dbf806a8260fc6c270d0171f55f648ec,2,2,0,1,0,0,1,0,0,EEMCC,开组将跨两组OPEN_NOE总数19369当本组计数并给96.75%，主文与表格90.74%矛盾；闭组把轨迹平均12.77%称池化帧比例，实际17.77%。两种分母/汇总错误各计1。主轨迹类别与敏感性类别正确；p95与21总entry有而两closed定位缺失。,0.02071939,137040,8481,95.58149979199516,True,COMPLETE
V071,E4,HSP90_Q01,SPLIT,2,HSP90_Q01_SPLIT_2b5619af,bdd6e7b88e0a2ce93c6b86a93e064cb918e0ac32060b1a40582ecc771b68f255,4,0,0,1,0,0,1,0,3,CMCCC,5/4/1、10everO、开放0正确。分列5初始开放和5后开放，但未完整交10从未开放分解，unit2缺失。原生9相对与10ever、开放18一致足以保留正确有限答案，11不适用/其他是明确合并标签而非错误分类。,0.018355589999999998,136977,7241,71.25198799999635,True,TOKEN_LIMIT
V072,E3,Q-H2,R_scoped,2,Q-H2_R_scoped_f1a03c8e,6fa9924194ee7ff805b36e4b22f80aba408999d040e5486575b84624ddbadbd8,3,1,0,1,0,0,1,0,0,CCMEC,主分类正确；p95及188/690有但未把两entry定位到ES04/ES15。敏感性轨迹类别正确，帧池化比例却在0.5/2Å采用轨迹平均0.80%/46.52%，实际1.12%/58.44%，一类统计汇总错误。,0.02213399,128445,11270,118.81026029200439,True,COMPLETE
V073,E1b,Q-D-defect,CARD,4,Q-D-defect_CARD_10e796d4,2c173079886f5b5331714e2d6eedeae12f40586a987bd547836091fff67afaab,3,2,2,0,0,0,1,0,0,ECCCE,把缺陷表距离/近接比例当真实局部支持，未检测降级；合并结论称通过这些接触产生动力学耦合从而解释优势，超出关联，末尾因果限制未使该主张成立。Ki和Fig3正确；无明确长尾物理切换主张，unit2正确。,0.015079179999999998,90215,5628,54.885997666999174,True,SUBMITTED_NO_EXPLICIT_REVISION
V074,E2,Q-D-fixed,FEEDBACK,3,Q-D-fixed_FEEDBACK_1223b39e,409395f76cf5d2e0af4893ecdb75e25bd3d6963318a65c0e98e2306995c2bc3b,3,1,1,1,0,0,1,0,0,MCCCE,M20数值、R28六对/O3P混合、Ki/Fig3正确；N18 O3P结果缺失。结论“利用新增的动态局部接触…使…抑制表现改善”把相关性升级成因果，边界只说不能确定哪项速率，仍未支持该因果。,0.021223259999999997,115417,10581,104.77715054199507,True,COMPLETE
