case,condition,column,n,mean,median,fraction_lt6,minimum,maximum
Q-D-defect,d4tmpp-l28r,r18_O_O3P,990,18.500472050252522,6.17184353,0.3656565656565657,3.99021316,88.90200043
Q-D-defect,d4tmpp-l28r,r18_O_O4P,990,19.782576104818183,8.15372944,0.00202020202020202,5.64410925,88.11208344
Q-D-defect,d4tmpp-l28r,r18_O_O5P,990,20.797856815929293,9.118046759999999,0.0,6.22289801,90.08427429
Q-D-defect,d4tmpp-l28r,r20_N_O3P,990,17.852960537858582,4.726042505,0.701010101010101,3.18271685,89.10598755
Q-D-defect,d4tmpp-l28r,r20_N_O4P,990,19.713403726030304,7.45301151,0.00202020202020202,4.71526289,88.10177612
Q-D-defect,d4tmpp-l28r,r20_N_O5P,990,21.46436861548485,9.406085489999999,0.0,7.2985301,89.77313995
Q-D-defect,d4tmpp-l28r,r22_O_O3P,990,18.80611461609091,5.19528103,0.7101010101010101,3.81792212,92.08240509
Q-D-defect,d4tmpp-l28r,r22_O_O4P,990,19.687782395949498,6.64579701,0.18282828282828284,4.36817455,91.00325775
Q-D-defect,d4tmpp-l28r,r22_O_O5P,990,21.761705403333334,8.98886347,0.0,7.20305395,92.60469055
Q-D-defect,d4tmpp-l28r,r27_OD1_O3P,990,19.38473490510101,7.56746888,0.2383838383838384,4.58442402,88.5796051
Q-D-defect,d4tmpp-l28r,r27_OD1_O4P,990,19.690963079282827,8.12658882,0.022222222222222223,5.48199463,86.22871399
Q-D-defect,d4tmpp-l28r,r27_OD1_O5P,990,19.847316313333337,7.835659025,0.0,6.08686781,85.70953369
Q-D-defect,d4tmpp-l28r,r27_OD2_O3P,990,19.107675730959595,7.15746498,0.39090909090909093,4.38751698,88.44503784
Q-D-defect,d4tmpp-l28r,r27_OD2_O4P,990,19.477088112303033,7.78688002,0.03434343434343434,5.46434641,86.10834503
Q-D-defect,d4tmpp-l28r,r27_OD2_O5P,990,19.748439786888888,7.551745175,0.0,6.02463198,85.65657806
Q-D-defect,d4tmpp-l28r,r49_O_O3P,990,20.01035871018182,7.85158634,0.020202020202020204,5.52307272,89.25112915
Q-D-defect,d4tmpp-l28r,r49_O_O4P,990,19.53743090291919,7.547816275000001,0.06060606060606061,5.1096487,88.27404022
Q-D-defect,d4tmpp-l28r,r49_O_O5P,990,20.01670675534343,7.947078705,0.01919191919191919,5.04379702,90.09897614
Q-D-defect,d4tmpp-l28r,r52_NH1_O3P,990,25.562203952111112,15.98219395,0.00101010101010101,5.4677577,96.75697327
Q-D-defect,d4tmpp-l28r,r52_NH1_O4P,990,23.664012659929295,13.8943944,0.022222222222222223,3.64201498,94.19464111
Q-D-defect,d4tmpp-l28r,r52_NH1_O5P,990,23.06793934611111,13.11750412,0.15252525252525254,2.87687397,94.24427795
Q-D-defect,d4tmpp-l28r,r52_NH2_O3P,990,25.363088046737374,15.738545415,0.0,6.52326012,98.6285553
Q-D-defect,d4tmpp-l28r,r52_NH2_O4P,990,23.533622615535357,13.576312065,0.021212121212121213,4.40410566,96.05466461
Q-D-defect,d4tmpp-l28r,r52_NH2_O5P,990,22.999261413232322,12.727828500000001,0.1393939393939394,3.35123158,95.31716919
Q-D-defect,d4tmpp-l28r,r28_NE_O3P,990,19.542770433656568,6.2301576149999995,0.3808080808080808,2.83518815,93.08350372
Q-D-defect,d4tmpp-l28r,r28_NE_O4P,990,17.521528642777778,3.66639197,0.7505050505050505,2.62036633,90.69259644
Q-D-defect,d4tmpp-l28r,r28_NE_O5P,990,17.81156417208081,4.143226385,0.7313131313131314,2.61786318,90.2470932
Q-D-defect,d4tmpp-l28r,r28_NH1_O3P,990,20.774936927323235,7.45438814,0.03737373737373737,3.72911644,94.49474335
Q-D-defect,d4tmpp-l28r,r28_NH1_O4P,990,18.762965087474747,4.986265185000001,0.7292929292929293,2.73436832,92.10606384
Q-D-defect,d4tmpp-l28r,r28_NH1_O5P,990,19.384118735202016,5.69189835,0.5373737373737374,2.7424984,92.35095978
Q-D-defect,d4tmpp-l28r,r28_NH2_O3P,990,19.836048933707072,6.658619645,0.36363636363636365,2.63109922,93.13550568
Q-D-defect,d4tmpp-l28r,r28_NH2_O4P,990,17.914442341535352,4.1226150950000005,0.7,2.62874484,90.72310638
Q-D-defect,d4tmpp-l28r,r28_NH2_O5P,990,18.46651104676768,5.18354106,0.6121212121212121,2.71534562,91.23403168
Q-D-defect,d4tmpp-wt,r18_O_O3P,990,12.158515950282828,6.058246855,0.44242424242424244,3.96241188,61.50666809
Q-D-defect,d4tmpp-wt,r18_O_O4P,990,13.468119024373737,7.82512045,0.025252525252525252,4.60577011,62.31904602
Q-D-defect,d4tmpp-wt,r18_O_O5P,990,14.225449831383838,8.527088165,0.00202020202020202,5.19308043,62.43866348
Q-D-defect,d4tmpp-wt,r20_N_O3P,990,11.085120497323231,4.658188105,0.8555555555555555,2.75193286,60.66838455
Q-D-defect,d4tmpp-wt,r20_N_O4P,990,13.225245068020204,7.345643754999999,0.024242424242424242,3.6097331,62.53156281
Q-D-defect,d4tmpp-wt,r20_N_O5P,990,15.012164318707072,9.239384655,0.0,6.29726219,64.57443237
Q-D-defect,d4tmpp-wt,r22_O_O3P,990,11.828715753030302,5.053568365,0.803030303030303,3.75395823,63.17571259
Q-D-defect,d4tmpp-wt,r22_O_O4P,990,13.014341671545456,6.645141125,0.18787878787878787,4.42761278,64.81089783
Q-D-defect,d4tmpp-wt,r22_O_O5P,990,15.280928543818183,9.134979725,0.00101010101010101,5.92570686,66.84592438
Q-D-defect,d4tmpp-wt,r27_OD1_O3P,990,13.039343289383838,7.51180482,0.23333333333333334,4.51382494,63.59078217
Q-D-defect,d4tmpp-wt,r27_OD1_O4P,990,13.67798867039394,8.352961539999999,0.013131313131313131,5.37214231,63.7648735
Q-D-defect,d4tmpp-wt,r27_OD1_O5P,990,13.948082944232322,8.332949165,0.0,6.13101006,63.76706314
Q-D-defect,d4tmpp-wt,r27_OD2_O3P,990,12.480823684949494,6.304650544999999,0.402020202020202,4.06401014,61.92343903
Q-D-defect,d4tmpp-wt,r27_OD2_O4P,990,13.153407277969698,7.34465456,0.01919191919191919,4.96327543,62.52842712
Q-D-defect,d4tmpp-wt,r27_OD2_O5P,990,13.55156489561616,7.7558887,0.0,6.10862398,63.18450165
Q-D-defect,d4tmpp-wt,r49_O_O3P,990,13.774046109313133,7.3675949549999995,0.03535353535353535,4.26456547,64.46805573
Q-D-defect,d4tmpp-wt,r49_O_O4P,990,13.026170003474748,6.6951348799999995,0.1898989898989899,3.78970218,64.69020844
Q-D-defect,d4tmpp-wt,r49_O_O5P,990,13.186553397454546,6.8070118399999995,0.17777777777777778,4.06777382,64.76197052
Q-D-defect,d4tmpp-wt,r52_NH1_O3P,990,18.400747180131315,11.90772915,0.0,6.62430906,74.14746094
Q-D-defect,d4tmpp-wt,r52_NH1_O4P,990,16.096286001646465,9.447659015,0.07575757575757576,4.01455212,71.30764771
Q-D-defect,d4tmpp-wt,r52_NH1_O5P,990,15.00011230559596,8.587071895000001,0.3797979797979798,2.97556925,70.87995148
Q-D-defect,d4tmpp-wt,r52_NH2_O3P,990,18.171106875949498,12.58044767,0.00101010101010101,5.58768749,73.89611053
Q-D-defect,d4tmpp-wt,r52_NH2_O4P,990,15.971856242989901,10.196885585,0.1505050505050505,3.04409456,71.164505
Q-D-defect,d4tmpp-wt,r52_NH2_O5P,990,14.980347962686867,9.116782185,0.3505050505050505,2.80127263,70.76177216
Q-D-defect,tmpp-l28r,r18_O_O3P,990,19.64772281068687,9.979632855,0.0030303030303030303,4.02008009,93.56524658
Q-D-defect,tmpp-l28r,r18_O_O4P,990,19.263322890989897,9.31883144,0.007070707070707071,5.13878632,94.70516205
Q-D-defect,tmpp-l28r,r18_O_O5P,990,18.37802364770707,8.028526785,0.23434343434343435,3.56550884,95.43217468
Q-D-defect,tmpp-l28r,r20_N_O3P,990,20.288615832151514,10.651180265,0.0,6.76878834,93.66035461
Q-D-defect,tmpp-l28r,r20_N_O4P,990,20.801127802666667,11.023733140000001,0.0,7.05547333,94.89022827
Q-D-defect,tmpp-l28r,r20_N_O5P,990,20.31546158548485,10.075267315,0.0,6.1034503,95.60866547
Q-D-defect,tmpp-l28r,r22_O_O3P,990,20.57034323130303,10.325094700000001,0.00202020202020202,5.0835166,95.79035187
Q-D-defect,tmpp-l28r,r22_O_O4P,990,22.123218692060608,11.995409965,0.0,7.40188789,97.34079742
Q-D-defect,tmpp-l28r,r22_O_O5P,990,22.571124876474748,12.12863493,0.0,7.47096348,98.80381012
Q-D-defect,tmpp-l28r,r27_OD1_O3P,990,18.70778590251515,8.83841753,0.0,7.46465588,87.98670197
Q-D-defect,tmpp-l28r,r27_OD1_O4P,990,20.392160645676764,10.645493505,0.0,9.39481831,90.15048981
Q-D-defect,tmpp-l28r,r27_OD1_O5P,990,20.65399478471717,10.48487091,0.0,9.53645706,91.63957214
Q-D-defect,tmpp-l28r,r27_OD2_O3P,990,18.25072378390909,8.204236505,0.00202020202020202,5.7932148,89.29608917
Q-D-defect,tmpp-l28r,r27_OD2_O4P,990,19.95116957854545,9.963960645,0.0,8.08880234,91.42440796
Q-D-defect,tmpp-l28r,r27_OD2_O5P,990,20.203050954444446,9.773878575000001,0.0,8.04686356,92.90272522
Q-D-defect,tmpp-l28r,r49_O_O3P,990,19.537377530161617,9.40209961,0.00202020202020202,5.95183802,89.49549103
Q-D-defect,tmpp-l28r,r49_O_O4P,990,18.24422863608081,7.554883719999999,0.09292929292929293,4.01895571,90.58007812
Q-D-defect,tmpp-l28r,r49_O_O5P,990,18.509655969313133,7.503408435000001,0.09393939393939393,3.87208414,91.49414825
Q-D-defect,tmpp-l28r,r52_NH1_O3P,990,23.156798778545454,12.9774909,0.024242424242424242,2.79162073,96.742836
Q-D-defect,tmpp-l28r,r52_NH1_O4P,990,22.835733551,12.30394888,0.014141414141414142,3.79442334,97.39044952
Q-D-defect,tmpp-l28r,r52_NH1_O5P,990,24.836845191141414,14.296215535,0.00101010101010101,5.64014149,99.78001404
Q-D-defect,tmpp-l28r,r52_NH2_O3P,990,23.24293017367677,13.468658925,0.013131313131313131,3.61120653,97.49024963
Q-D-defect,tmpp-l28r,r52_NH2_O4P,990,22.99864160881818,12.617809770000001,0.013131313131313131,3.85690379,98.19467926
Q-D-defect,tmpp-l28r,r52_NH2_O5P,990,25.01048164852525,14.540280339999999,0.00101010101010101,4.70607948,100.6098175
Q-D-defect,tmpp-l28r,r28_NE_O3P,990,17.50840303186869,6.14152646,0.45555555555555555,3.52083302,93.63458252
Q-D-defect,tmpp-l28r,r28_NE_O4P,990,19.649206137434344,8.546187875000001,0.005050505050505051,5.56102276,95.59857941
Q-D-defect,tmpp-l28r,r28_NE_O5P,990,21.32425408319192,10.23864746,0.0,6.88484097,97.0721817
Q-D-defect,tmpp-l28r,r28_NH1_O3P,990,18.448662615969695,7.5814950450000005,0.2202020202020202,2.78148842,94.9783783
Q-D-defect,tmpp-l28r,r28_NH1_O4P,990,20.39725323257576,9.87000179,0.0707070707070707,4.24949932,96.92837524
Q-D-defect,tmpp-l28r,r28_NH1_O5P,990,22.078833337717175,11.424530985,0.00909090909090909,5.29328585,98.35652161
Q-D-defect,tmpp-l28r,r28_NH2_O3P,990,18.657837777525252,7.69352198,0.23232323232323232,2.93456006,95.92304993
Q-D-defect,tmpp-l28r,r28_NH2_O4P,990,20.514980513050503,9.824389459999999,0.06666666666666667,4.45997572,97.89346313
Q-D-defect,tmpp-l28r,r28_NH2_O5P,990,22.161493200636365,11.597380635,0.0,6.00426865,99.36721802
Q-D-defect,tmpp-wt,r18_O_O3P,990,18.137824951949497,7.82024217,0.09090909090909091,4.05607176,71.9807663
Q-D-defect,tmpp-wt,r18_O_O4P,990,18.367643469969696,8.101178645000001,0.045454545454545456,4.30035448,72.59979248
Q-D-defect,tmpp-wt,r18_O_O5P,990,18.355486094414143,7.755165099999999,0.1393939393939394,3.57187486,72.24816132
Q-D-defect,tmpp-wt,r20_N_O3P,990,18.880375968656566,9.29366684,0.0696969696969697,3.57358694,75.05430603
Q-D-defect,tmpp-wt,r20_N_O4P,990,19.953528864232325,10.415714739999999,0.010101010101010102,4.94892311,75.53043365
Q-D-defect,tmpp-wt,r20_N_O5P,990,20.220206116777778,10.205593584999999,0.0,6.9722724,75.20082855
Q-D-defect,tmpp-wt,r22_O_O3P,990,19.406108833868686,9.647755624999999,0.01919191919191919,3.25651908,75.15135193
Q-D-defect,tmpp-wt,r22_O_O4P,990,21.14115928521212,11.81598234,0.005050505050505051,3.55680823,76.8496933
Q-D-defect,tmpp-wt,r22_O_O5P,990,22.0441460700404,12.512990474999999,0.00404040404040404,4.65801096,77.87178802
Q-D-defect,tmpp-wt,r27_OD1_O3P,990,18.250649965141413,9.170866965,0.0,7.71662378,70.35128021
Q-D-defect,tmpp-wt,r27_OD1_O4P,990,19.594678594545453,10.77118397,0.0,8.59554386,72.2971344
Q-D-defect,tmpp-wt,r27_OD1_O5P,990,19.660893641545453,10.611942765,0.0,8.07119083,71.88005066
Q-D-defect,tmpp-wt,r27_OD2_O3P,990,17.514881940717167,8.020511625000001,0.0,6.21069384,70.57073975
Q-D-defect,tmpp-wt,r27_OD2_O4P,990,19.009632849555555,9.875468735,0.0,6.45202017,72.50937653
Q-D-defect,tmpp-wt,r27_OD2_O5P,990,19.23213134819192,9.881376745,0.0,6.09121704,72.34200287
Q-D-defect,tmpp-wt,r49_O_O3P,990,19.174613354727274,8.739284040000001,0.07777777777777778,3.86072659,73.44496918
Q-D-defect,tmpp-wt,r49_O_O4P,990,18.09704778371717,7.3788554699999995,0.18585858585858586,3.11424017,72.39276123
Q-D-defect,tmpp-wt,r49_O_O5P,990,18.90346381408081,7.99074769,0.045454545454545456,4.03766298,73.29043579
Q-D-defect,tmpp-wt,r52_NH1_O3P,990,22.216804974474748,12.802883145,0.030303030303030304,4.77451801,79.10180664
Q-D-defect,tmpp-wt,r52_NH1_O4P,990,21.36391915428283,11.936512950000001,0.08080808080808081,3.81719732,78.00579834
Q-D-defect,tmpp-wt,r52_NH1_O5P,990,22.936983094909092,13.83576584,0.011111111111111112,4.34770203,80.1385498
Q-D-defect,tmpp-wt,r52_NH2_O3P,990,22.14103483149495,13.062671185,0.05454545454545454,3.34168386,80.36211395
Q-D-defect,tmpp-wt,r52_NH2_O4P,990,21.380275848080807,12.00802946,0.08383838383838384,3.3978498,79.25393677
Q-D-defect,tmpp-wt,r52_NH2_O5P,990,22.993874731464647,13.953599449999999,0.020202020202020204,4.05678177,81.08106232
Q-D-fixed,d4tmpp-l28r,r18_O_O3P,990,6.188580434020202,6.017343085,0.4808080808080808,3.94325062,11.81670292
Q-D-fixed,d4tmpp-l28r,r18_O_O4P,990,8.123911537757577,7.987180665,0.0030303030303030303,4.98407612,13.27059022
Q-D-fixed,d4tmpp-l28r,r18_O_O5P,990,9.140264858232323,8.945836905,0.00101010101010101,5.92024708,14.86927167
Q-D-fixed,d4tmpp-l28r,r20_N_O3P,990,4.808909664414142,4.63842516,0.9282828282828283,3.18271682,8.14188279
Q-D-fixed,d4tmpp-l28r,r20_N_O4P,990,7.481953183424243,7.337040610000001,0.00202020202020202,4.71526278,10.58798186
Q-D-fixed,d4tmpp-l28r,r20_N_O5P,990,9.443041793040402,9.306652615,0.0,7.29853,12.55341442
Q-D-fixed,d4tmpp-l28r,r22_O_O3P,990,5.058115937989898,4.963431529999999,0.9444444444444444,3.8179221,8.54822224
Q-D-fixed,d4tmpp-l28r,r22_O_O4P,990,6.452395410393939,6.36800301,0.2494949494949495,4.36817432,10.67415023
Q-D-fixed,d4tmpp-l28r,r22_O_O5P,990,8.853056219070707,8.789141305000001,0.0,7.2030536,12.80810144
Q-D-fixed,d4tmpp-l28r,r27_OD1_O3P,990,6.988651892313132,7.418141855,0.27575757575757576,4.58442398,9.45605459
Q-D-fixed,d4tmpp-l28r,r27_OD1_O4P,990,7.6469469643535355,7.952441975,0.02727272727272727,4.85892108,10.50730681
Q-D-fixed,d4tmpp-l28r,r27_OD1_O5P,990,7.566817247212121,7.688582845,0.00101010101010101,5.82301635,10.54136774
Q-D-fixed,d4tmpp-l28r,r27_OD2_O3P,990,6.30710829010101,5.89075373,0.5515151515151515,4.38751684,8.46323711
Q-D-fixed,d4tmpp-l28r,r27_OD2_O4P,990,7.070720397646465,6.74348253,0.049494949494949494,5.46434626,9.11064229
Q-D-fixed,d4tmpp-l28r,r27_OD2_O5P,990,7.187420737989899,7.010813199999999,0.0,6.02463155,9.25264065
Q-D-fixed,d4tmpp-l28r,r49_O_O3P,990,7.515389747414141,7.46436581,0.02727272727272727,5.36167726,11.37747991
Q-D-fixed,d4tmpp-l28r,r49_O_O4P,990,7.216252319595959,7.16481184,0.07676767676767676,5.07865942,11.13976979
Q-D-fixed,d4tmpp-l28r,r49_O_O5P,990,7.554626994313131,7.4369376549999995,0.029292929292929294,5.04379705,10.52393435
Q-D-fixed,d4tmpp-l28r,r52_NH1_O3P,990,13.602933616616161,13.91474423,0.00101010101010101,5.46775764,20.29472667
Q-D-fixed,d4tmpp-l28r,r52_NH1_O4P,990,11.508717738212122,11.74977616,0.025252525252525252,3.64201497,18.99132495
Q-D-fixed,d4tmpp-l28r,r52_NH1_O5P,990,10.486306141181819,10.808919764999999,0.20505050505050504,2.87687382,18.15698703
Q-D-fixed,d4tmpp-l28r,r52_NH2_O3P,990,13.423295572818182,13.863179655,0.0,6.52326007,20.49808392
Q-D-fixed,d4tmpp-l28r,r52_NH2_O4P,990,11.415668500070707,11.70841102,0.024242424242424242,4.40410558,19.33204609
Q-D-fixed,d4tmpp-l28r,r52_NH2_O5P,990,10.47039255130303,10.7260364,0.18787878787878787,3.35123161,18.78870599
Q-D-fixed,d4tmpp-l28r,r28_NE_O3P,990,5.932569273111111,5.993226075000001,0.5040404040404041,2.83518806,9.61286919
Q-D-fixed,d4tmpp-l28r,r28_NE_O4P,990,3.5970857943434345,3.4277781550000004,0.9878787878787879,2.62036639,8.41375131
Q-D-fixed,d4tmpp-l28r,r28_NE_O5P,990,3.7272237473535355,3.153625065,0.9686868686868687,2.61198212,9.35681749
Q-D-fixed,d4tmpp-l28r,r28_NH1_O3P,990,7.172074526959595,7.18485131,0.047474747474747475,3.72911656,10.75101314
Q-D-fixed,d4tmpp-l28r,r28_NH1_O4P,990,4.851159147868687,4.80977338,0.9666666666666667,2.73436828,8.73026759
Q-D-fixed,d4tmpp-l28r,r28_NH1_O5P,990,5.40245925150505,5.005202284999999,0.7070707070707071,2.72538282,10.58854934
Q-D-fixed,d4tmpp-l28r,r28_NH2_O3P,990,6.225502504090909,6.08781898,0.4919191919191919,2.63109939,11.18751902
Q-D-fixed,d4tmpp-l28r,r28_NH2_O4P,990,4.033763128454546,3.7719942,0.9252525252525252,2.62874478,10.15952002
Q-D-fixed,d4tmpp-l28r,r28_NH2_O5P,990,4.508221987111111,3.8053681,0.8080808080808081,2.71514826,11.56414594
Q-D-fixed,d4tmpp-wt,r18_O_O3P,990,5.97134187450505,5.984506789999999,0.5161616161616162,3.96241173,10.41290473
Q-D-fixed,d4tmpp-wt,r18_O_O4P,990,7.6647056533232325,7.717947745,0.025252525252525252,4.60577006,12.04406901
Q-D-fixed,d4tmpp-wt,r18_O_O5P,990,8.418045230949495,8.44818845,0.00202020202020202,5.19308023,13.48223169
Q-D-fixed,d4tmpp-wt,r20_N_O3P,990,4.622056235181818,4.60841132,0.9878787878787879,2.75193292,7.73835682
Q-D-fixed,d4tmpp-wt,r20_N_O4P,990,7.263064430868688,7.281865965,0.024242424242424242,3.60973301,10.21660949
Q-D-fixed,d4tmpp-wt,r20_N_O5P,990,9.175612312686868,9.18901377,0.0,6.29726206,12.08686715
Q-D-fixed,d4tmpp-wt,r22_O_O3P,990,5.050982005969697,4.948413705,0.9252525252525252,3.60280006,8.26780242
Q-D-fixed,d4tmpp-wt,r22_O_O4P,990,6.597181521575757,6.519840575,0.21212121212121213,4.4276126,10.02773262
Q-D-fixed,d4tmpp-wt,r22_O_O5P,990,9.05983360908081,9.028713705000001,0.00101010101010101,5.92570647,11.7143341
Q-D-fixed,d4tmpp-wt,r27_OD1_O3P,990,7.042283459626263,7.38332567,0.26262626262626265,4.51382497,9.74119669
Q-D-fixed,d4tmpp-wt,r27_OD1_O4P,990,7.968953098525252,8.18848174,0.015151515151515152,5.37214203,10.64237788
Q-D-fixed,d4tmpp-wt,r27_OD1_O5P,990,8.161355450666667,8.19682666,0.0,6.13100995,10.33571054
Q-D-fixed,d4tmpp-wt,r27_OD2_O3P,990,6.365253560121212,6.040327955,0.4777777777777778,4.06401017,9.48282713
Q-D-fixed,d4tmpp-wt,r27_OD2_O4P,990,7.333130087686869,7.0973546800000005,0.022222222222222223,4.96327543,10.43179886
Q-D-fixed,d4tmpp-wt,r27_OD2_O5P,990,7.675407818757576,7.5587444050000006,0.0,6.10862386,10.35610194
Q-D-fixed,d4tmpp-wt,r49_O_O3P,990,7.264144032979798,7.2213359950000005,0.046464646464646465,4.26456557,10.30014036
Q-D-fixed,d4tmpp-wt,r49_O_O4P,990,6.6085699289595965,6.554314535,0.2292929292929293,3.78970218,9.67236549
Q-D-fixed,d4tmpp-wt,r49_O_O5P,990,6.696216695343434,6.6511789,0.20909090909090908,4.06777397,10.04861102
Q-D-fixed,d4tmpp-wt,r52_NH1_O3P,990,11.991287123727274,10.7965116,0.0,6.62430883,21.48713281
Q-D-fixed,d4tmpp-wt,r52_NH1_O4P,990,9.571166585171717,8.40052444,0.08686868686868687,4.01455231,19.06873108
Q-D-fixed,d4tmpp-wt,r52_NH1_O5P,990,8.237853248121212,7.274853885000001,0.43737373737373736,2.83210767,16.61588141
Q-D-fixed,d4tmpp-wt,r52_NH2_O3P,990,11.760830511868686,11.340548349999999,0.00101010101010101,5.58768754,20.78139277
Q-D-fixed,d4tmpp-wt,r52_NH2_O4P,990,9.457456065797981,9.12081877,0.17272727272727273,3.04409462,18.99028692
Q-D-fixed,d4tmpp-wt,r52_NH2_O5P,990,8.235993569444444,7.9695652500000005,0.40505050505050505,2.80127278,16.54386363
Q-D-fixed,tmpp-l28r,r18_O_O3P,990,9.552535612373736,8.705214465,0.006060606060606061,4.02008009,16.56698219
Q-D-fixed,tmpp-l28r,r18_O_O4P,990,8.900628932444446,8.032395085000001,0.011111111111111112,5.13878633,15.67365626
Q-D-fixed,tmpp-l28r,r18_O_O5P,990,7.409548246959596,6.697794095,0.302020202020202,3.56550869,13.7656974
Q-D-fixed,tmpp-l28r,r20_N_O3P,990,10.435783036464645,10.43660172,0.0,6.76878846,14.60913352
Q-D-fixed,tmpp-l28r,r20_N_O4P,990,10.846977181747475,10.84679006,0.0,7.05547305,14.59499345
Q-D-fixed,tmpp-l28r,r20_N_O5P,990,9.828293915929292,9.851563859999999,0.0,6.1034504,13.36614887
Q-D-fixed,tmpp-l28r,r22_O_O3P,990,10.070669915777776,10.155344305,0.00202020202020202,5.08351641,12.25726074
Q-D-fixed,tmpp-l28r,r22_O_O4P,990,11.732510985161616,11.82149065,0.0,7.4018875,13.89535113
Q-D-fixed,tmpp-l28r,r22_O_O5P,990,11.852534962383839,11.95325828,0.0,7.47096367,13.91207586
Q-D-fixed,tmpp-l28r,r27_OD1_O3P,990,8.744811118,8.74883075,0.0,7.46465574,10.06281196
Q-D-fixed,tmpp-l28r,r27_OD1_O4P,990,10.552469688737373,10.56414251,0.0,9.3948183,11.53860028
Q-D-fixed,tmpp-l28r,r27_OD1_O5P,990,10.420067999858585,10.42709932,0.0,9.53645687,11.40621667
Q-D-fixed,tmpp-l28r,r27_OD2_O3P,990,8.00905908670707,8.073713715,0.00202020202020202,5.79321474,10.05013641
Q-D-fixed,tmpp-l28r,r27_OD2_O4P,990,9.841313074919192,9.854979329999999,0.0,8.08880267,11.71450157
Q-D-fixed,tmpp-l28r,r27_OD2_O5P,990,9.698371329838384,9.68139169,0.0,8.04686329,11.20351524
Q-D-fixed,tmpp-l28r,r49_O_O3P,990,9.042318933727273,9.07227071,0.0030303030303030303,5.71537566,12.24419208
Q-D-fixed,tmpp-l28r,r49_O_O4P,990,7.248153673232323,7.27764215,0.10505050505050505,4.01895553,10.12687888
Q-D-fixed,tmpp-l28r,r49_O_O5P,990,7.109064520777777,7.13114394,0.11616161616161616,3.87208414,10.16337663
Q-D-fixed,tmpp-l28r,r52_NH1_O3P,990,11.936044775333334,12.114981135,0.030303030303030304,2.79162069,19.00640594
Q-D-fixed,tmpp-l28r,r52_NH1_O4P,990,11.383845204636364,11.54672603,0.01616161616161616,3.79442337,17.1110743
Q-D-fixed,tmpp-l28r,r52_NH1_O5P,990,13.41521583968687,13.687837609999999,0.00101010101010101,5.64014125,18.54647704
Q-D-fixed,tmpp-l28r,r52_NH2_O3P,990,12.010927845121211,12.199403910000001,0.015151515151515152,3.61120673,19.20914829
Q-D-fixed,tmpp-l28r,r52_NH2_O4P,990,11.546809011595961,11.629811725,0.013131313131313131,3.85690394,17.03036827
Q-D-fixed,tmpp-l28r,r52_NH2_O5P,990,13.589574632414143,13.77424231,0.00101010101010101,4.70607929,18.89932043
Q-D-fixed,tmpp-l28r,r28_NE_O3P,990,5.798057581474747,5.8339273,0.5666666666666667,3.52083301,8.75780198
Q-D-fixed,tmpp-l28r,r28_NE_O4P,990,8.213239867525253,8.21748505,0.005050505050505051,5.56102258,11.40807326
Q-D-fixed,tmpp-l28r,r28_NE_O5P,990,9.835108611838384,9.82120087,0.0,6.88484103,13.24532106
Q-D-fixed,tmpp-l28r,r28_NH1_O3P,990,6.785366585565656,7.187201535,0.2737373737373737,2.7814884,9.91989914
Q-D-fixed,tmpp-l28r,r28_NH1_O4P,990,8.95960985180808,9.347291479999999,0.08686868686868687,4.24949905,12.75641379
Q-D-fixed,tmpp-l28r,r28_NH1_O5P,990,10.573371279242423,11.008592355,0.00909090909090909,5.293286,14.15869474
Q-D-fixed,tmpp-l28r,r28_NH2_O3P,990,6.93914149250505,7.15574981,0.2909090909090909,2.93455998,10.96242686
Q-D-fixed,tmpp-l28r,r28_NH2_O4P,990,9.014880673616162,9.080867885,0.08585858585858586,4.45997577,13.6608834
Q-D-fixed,tmpp-l28r,r28_NH2_O5P,990,10.611764346080808,10.436295225,0.00101010101010101,5.7428447,15.3630698
Q-D-fixed,tmpp-wt,r18_O_O3P,990,7.654130211525253,7.347264835000001,0.11818181818181818,4.05607193,13.83391867
Q-D-fixed,tmpp-wt,r18_O_O4P,990,7.853777271868688,7.532665545,0.06666666666666667,4.30035437,14.11805506
Q-D-fixed,tmpp-wt,r18_O_O5P,990,7.4998650966666665,7.116517764999999,0.21515151515151515,3.57187474,15.98460643
Q-D-fixed,tmpp-wt,r20_N_O3P,990,8.6876774370101,8.902400870000001,0.0696969696969697,3.57358685,13.5087928
Q-D-fixed,tmpp-wt,r20_N_O4P,990,9.925133533858586,10.097117265,0.010101010101010102,4.94892325,14.08809218
Q-D-fixed,tmpp-wt,r20_N_O5P,990,9.92713615041414,9.907528225,0.0,6.97227228,13.58255175
Q-D-fixed,tmpp-wt,r22_O_O3P,990,9.198828342838384,9.32198107,0.020202020202020204,3.25651909,12.44678007
Q-D-fixed,tmpp-wt,r22_O_O4P,990,11.261238595727274,11.583930689999999,0.005050505050505051,3.55680839,14.43599768
Q-D-fixed,tmpp-wt,r22_O_O5P,990,12.055419746252525,12.341865465000001,0.00404040404040404,4.65801113,14.82346448
Q-D-fixed,tmpp-wt,r27_OD1_O3P,990,9.054109257383839,9.00213327,0.0,7.71662357,11.12085839
Q-D-fixed,tmpp-wt,r27_OD1_O4P,990,10.630921332464647,10.649225309999999,0.0,8.5955441,12.02694181
Q-D-fixed,tmpp-wt,r27_OD1_O5P,990,10.438401497141415,10.50117769,0.0,8.07119086,11.87068507
Q-D-fixed,tmpp-wt,r27_OD2_O3P,990,7.841191922878789,7.85501024,0.0,6.2106937,9.63557925
Q-D-fixed,tmpp-wt,r27_OD2_O4P,990,9.61190258331313,9.71499222,0.0,6.45201987,11.40613384
Q-D-fixed,tmpp-wt,r27_OD2_O5P,990,9.607146180979798,9.780035015,0.0,6.09121682,11.11000952
Q-D-fixed,tmpp-wt,r49_O_O3P,990,8.31891450120202,8.465391395000001,0.07878787878787878,3.86072655,11.42260355
Q-D-fixed,tmpp-wt,r49_O_O4P,990,6.95946641680808,7.102933569999999,0.2111111111111111,3.11424001,10.04370287
Q-D-fixed,tmpp-wt,r49_O_O5P,990,7.656419640484848,7.71701414,0.050505050505050504,4.0376628,10.79146772
Q-D-fixed,tmpp-wt,r52_NH1_O3P,990,11.76395611829293,12.124477395,0.03636363636363636,4.77451821,19.32298064
Q-D-fixed,tmpp-wt,r52_NH1_O4P,990,10.735763326131314,11.184225439999999,0.09191919191919191,3.81719748,16.96073918
Q-D-fixed,tmpp-wt,r52_NH1_O5P,990,12.420195393060606,13.120750775000001,0.011111111111111112,4.34770181,17.81835317
Q-D-fixed,tmpp-wt,r52_NH2_O3P,990,11.666046660979797,11.959707680000001,0.06464646464646465,3.34168395,19.52876991
Q-D-fixed,tmpp-wt,r52_NH2_O4P,990,10.743806665161616,11.164563975,0.1,3.3978498,17.09993218
Q-D-fixed,tmpp-wt,r52_NH2_O5P,990,12.473663706949495,13.06403516,0.020202020202020204,4.05678189,18.3175444
