trajectory,seed,tau,n_direction,open_fraction,far_fraction,label
R46A_ES01_2021_11_08_NaCl170mM_GMX_JeanZay,closed,0.5,0,,,NA
R46A_ES01_2021_11_08_NaCl170mM_GMX_JeanZay,closed,1.0,0,,,NA
R46A_ES01_2021_11_08_NaCl170mM_GMX_JeanZay,closed,2.0,0,,,NA
R46A_ES02_2021_11_08_NaCl170mM_GMX_JeanZay,closed,0.5,0,,,NA
R46A_ES02_2021_11_08_NaCl170mM_GMX_JeanZay,closed,1.0,0,,,NA
R46A_ES02_2021_11_08_NaCl170mM_GMX_JeanZay,closed,2.0,0,,,NA
R46A_ES03_2021_11_08_NaCl170mM_GMX_JeanZay,closed,0.5,959,0.005213764337851929,0.9947862356621481,relative_only
R46A_ES03_2021_11_08_NaCl170mM_GMX_JeanZay,closed,1.0,959,0.22002085505735142,0.7799791449426486,relative_only
R46A_ES03_2021_11_08_NaCl170mM_GMX_JeanZay,closed,2.0,959,0.9280500521376434,0.07194994786235662,agreement
R46A_ES04_2021_11_08_NaCl170mM_GMX_JeanZay,closed,0.5,968,0.047520661157024795,0.9524793388429752,relative_only
R46A_ES04_2021_11_08_NaCl170mM_GMX_JeanZay,closed,1.0,968,0.5805785123966942,0.4194214876033058,partial
R46A_ES04_2021_11_08_NaCl170mM_GMX_JeanZay,closed,2.0,968,0.9659090909090909,0.03409090909090909,agreement
R46A_ES05_2021_11_08_NaCl170mM_GMX_JeanZay,closed,0.5,600,0.0,1.0,relative_only
R46A_ES05_2021_11_08_NaCl170mM_GMX_JeanZay,closed,1.0,600,0.0,1.0,relative_only
R46A_ES05_2021_11_08_NaCl170mM_GMX_JeanZay,closed,2.0,600,0.021666666666666667,0.9783333333333334,relative_only
R46A_ES06_2021_11_08_NaCl170mM_GMX_JeanZay,closed,0.5,95,0.0,1.0,relative_only
R46A_ES06_2021_11_08_NaCl170mM_GMX_JeanZay,closed,1.0,95,0.0,1.0,relative_only
R46A_ES06_2021_11_08_NaCl170mM_GMX_JeanZay,closed,2.0,95,0.0,1.0,relative_only
R46A_ES07_2021_11_08_NaCl170mM_GMX_JeanZay,closed,0.5,0,,,NA
R46A_ES07_2021_11_08_NaCl170mM_GMX_JeanZay,closed,1.0,0,,,NA
R46A_ES07_2021_11_08_NaCl170mM_GMX_JeanZay,closed,2.0,0,,,NA
R46A_ES08_2021_11_08_NaCl170mM_GMX_JeanZay,closed,0.5,0,,,NA
R46A_ES08_2021_11_08_NaCl170mM_GMX_JeanZay,closed,1.0,0,,,NA
R46A_ES08_2021_11_08_NaCl170mM_GMX_JeanZay,closed,2.0,0,,,NA
R46A_ES09_2021_11_08_NaCl170mM_GMX_JeanZay,closed,0.5,0,,,NA
R46A_ES09_2021_11_08_NaCl170mM_GMX_JeanZay,closed,1.0,0,,,NA
R46A_ES09_2021_11_08_NaCl170mM_GMX_JeanZay,closed,2.0,0,,,NA
R46A_ES10_2021_11_08_NaCl170mM_GMX_JeanZay,closed,0.5,0,,,NA
R46A_ES10_2021_11_08_NaCl170mM_GMX_JeanZay,closed,1.0,0,,,NA
R46A_ES10_2021_11_08_NaCl170mM_GMX_JeanZay,closed,2.0,0,,,NA
R46A_ES11_2021_11_08_NaCl170mM_GMX_JeanZay,closed,0.5,0,,,NA
R46A_ES11_2021_11_08_NaCl170mM_GMX_JeanZay,closed,1.0,0,,,NA
R46A_ES11_2021_11_08_NaCl170mM_GMX_JeanZay,closed,2.0,0,,,NA
R46A_ES12_2021_11_08_NaCl170mM_GMX_JeanZay,closed,0.5,0,,,NA
R46A_ES12_2021_11_08_NaCl170mM_GMX_JeanZay,closed,1.0,0,,,NA
R46A_ES12_2021_11_08_NaCl170mM_GMX_JeanZay,closed,2.0,0,,,NA
R46A_ES13_2021_11_08_NaCl170mM_GMX_JeanZay,closed,0.5,0,,,NA
R46A_ES13_2021_11_08_NaCl170mM_GMX_JeanZay,closed,1.0,0,,,NA
R46A_ES13_2021_11_08_NaCl170mM_GMX_JeanZay,closed,2.0,0,,,NA
R46A_ES14_2021_11_08_NaCl170mM_GMX_JeanZay,closed,0.5,412,0.0,1.0,relative_only
R46A_ES14_2021_11_08_NaCl170mM_GMX_JeanZay,closed,1.0,412,0.0,1.0,relative_only
R46A_ES14_2021_11_08_NaCl170mM_GMX_JeanZay,closed,2.0,412,0.5218446601941747,0.47815533980582525,partial
R46A_ES15_2021_11_08_NaCl170mM_GMX_JeanZay,closed,0.5,906,0.023178807947019868,0.9768211920529801,relative_only
R46A_ES15_2021_11_08_NaCl170mM_GMX_JeanZay,closed,1.0,906,0.3852097130242826,0.6147902869757175,relative_only
R46A_ES15_2021_11_08_NaCl170mM_GMX_JeanZay,closed,2.0,906,0.9757174392935982,0.024282560706401765,agreement
R46A_ES16_2021_11_08_NaCl170mM_GMX_JeanZay,closed,0.5,628,0.0,1.0,relative_only
R46A_ES16_2021_11_08_NaCl170mM_GMX_JeanZay,closed,1.0,628,0.025477707006369428,0.9745222929936306,relative_only
R46A_ES16_2021_11_08_NaCl170mM_GMX_JeanZay,closed,2.0,628,0.29936305732484075,0.7006369426751592,relative_only
R46A_ES17_2021_11_08_NaCl170mM_GMX_JeanZay,closed,0.5,254,0.0,1.0,relative_only
R46A_ES17_2021_11_08_NaCl170mM_GMX_JeanZay,closed,1.0,254,0.0,1.0,relative_only
R46A_ES17_2021_11_08_NaCl170mM_GMX_JeanZay,closed,2.0,254,0.12598425196850394,0.8740157480314961,relative_only
R46A_ES18_2021_11_08_NaCl170mM_GMX_JeanZay,closed,0.5,0,,,NA
R46A_ES18_2021_11_08_NaCl170mM_GMX_JeanZay,closed,1.0,0,,,NA
R46A_ES18_2021_11_08_NaCl170mM_GMX_JeanZay,closed,2.0,0,,,NA
R46A_ES19_2021_11_08_NaCl170mM_GMX_JeanZay,closed,0.5,963,0.0,1.0,relative_only
R46A_ES19_2021_11_08_NaCl170mM_GMX_JeanZay,closed,1.0,963,0.0,1.0,relative_only
R46A_ES19_2021_11_08_NaCl170mM_GMX_JeanZay,closed,2.0,963,0.016614745586708203,0.9833852544132918,relative_only
R46A_ES20_2021_11_08_NaCl170mM_GMX_JeanZay,closed,0.5,979,0.0040858018386108275,0.9959141981613892,relative_only
R46A_ES20_2021_11_08_NaCl170mM_GMX_JeanZay,closed,1.0,979,0.06537282941777324,0.9346271705822268,relative_only
R46A_ES20_2021_11_08_NaCl170mM_GMX_JeanZay,closed,2.0,979,0.7967313585291114,0.20326864147088866,partial
R60A_GS01_2021_11_19_NaCl170mM_GMX_JeanZay,open,0.5,1001,0.5414585414585414,0.45854145854145856,partial
R60A_GS01_2021_11_19_NaCl170mM_GMX_JeanZay,open,1.0,1001,0.998001998001998,0.001998001998001998,agreement
R60A_GS01_2021_11_19_NaCl170mM_GMX_JeanZay,open,2.0,1001,1.0,0.0,agreement
R60A_GS02_2021_11_19_NaCl170mM_GMX_JeanZay,open,0.5,1001,0.9050949050949051,0.09490509490509491,agreement
R60A_GS02_2021_11_19_NaCl170mM_GMX_JeanZay,open,1.0,1001,0.999000999000999,0.000999000999000999,agreement
R60A_GS02_2021_11_19_NaCl170mM_GMX_JeanZay,open,2.0,1001,1.0,0.0,agreement
R60A_GS03_2021_11_19_NaCl170mM_GMX_JeanZay,open,0.5,1001,0.932067932067932,0.06793206793206794,agreement
R60A_GS03_2021_11_19_NaCl170mM_GMX_JeanZay,open,1.0,1001,1.0,0.0,agreement
R60A_GS03_2021_11_19_NaCl170mM_GMX_JeanZay,open,2.0,1001,1.0,0.0,agreement
R60A_GS04_2021_11_19_NaCl170mM_GMX_JeanZay,open,0.5,1001,0.33766233766233766,0.6623376623376623,relative_only
R60A_GS04_2021_11_19_NaCl170mM_GMX_JeanZay,open,1.0,1001,0.8741258741258742,0.1258741258741259,agreement
R60A_GS04_2021_11_19_NaCl170mM_GMX_JeanZay,open,2.0,1001,1.0,0.0,agreement
R60A_GS05_2021_11_19_NaCl170mM_GMX_JeanZay,open,0.5,1001,0.4945054945054945,0.5054945054945055,relative_only
R60A_GS05_2021_11_19_NaCl170mM_GMX_JeanZay,open,1.0,1001,0.942057942057942,0.057942057942057944,agreement
R60A_GS05_2021_11_19_NaCl170mM_GMX_JeanZay,open,2.0,1001,1.0,0.0,agreement
R60A_GS06_2021_11_19_NaCl170mM_GMX_JeanZay,open,0.5,1001,0.9210789210789211,0.07892107892107893,agreement
R60A_GS06_2021_11_19_NaCl170mM_GMX_JeanZay,open,1.0,1001,0.989010989010989,0.01098901098901099,agreement
R60A_GS06_2021_11_19_NaCl170mM_GMX_JeanZay,open,2.0,1001,1.0,0.0,agreement
R60A_GS07_2021_11_19_NaCl170mM_GMX_JeanZay,open,0.5,1001,0.5714285714285714,0.42857142857142855,partial
R60A_GS07_2021_11_19_NaCl170mM_GMX_JeanZay,open,1.0,1001,0.9500499500499501,0.04995004995004995,agreement
R60A_GS07_2021_11_19_NaCl170mM_GMX_JeanZay,open,2.0,1001,0.999000999000999,0.000999000999000999,agreement
R60A_GS08_2021_11_19_NaCl170mM_GMX_JeanZay,open,0.5,1001,0.33266733266733267,0.6673326673326674,relative_only
R60A_GS08_2021_11_19_NaCl170mM_GMX_JeanZay,open,1.0,1001,0.6733266733266733,0.32667332667332666,partial
R60A_GS08_2021_11_19_NaCl170mM_GMX_JeanZay,open,2.0,1001,0.998001998001998,0.001998001998001998,agreement
R60A_GS09_2021_11_19_NaCl170mM_GMX_JeanZay,open,0.5,1001,0.6183816183816184,0.38161838161838163,partial
R60A_GS09_2021_11_19_NaCl170mM_GMX_JeanZay,open,1.0,1001,0.993006993006993,0.006993006993006993,agreement
R60A_GS09_2021_11_19_NaCl170mM_GMX_JeanZay,open,2.0,1001,1.0,0.0,agreement
R60A_GS10_2021_11_19_NaCl170mM_GMX_JeanZay,open,0.5,1001,0.9200799200799201,0.07992007992007992,agreement
R60A_GS10_2021_11_19_NaCl170mM_GMX_JeanZay,open,1.0,1001,0.998001998001998,0.001998001998001998,agreement
R60A_GS10_2021_11_19_NaCl170mM_GMX_JeanZay,open,2.0,1001,1.0,0.0,agreement
R60A_GS11_2021_11_19_NaCl170mM_GMX_JeanZay,open,0.5,1001,0.8191808191808192,0.18081918081918083,agreement
R60A_GS11_2021_11_19_NaCl170mM_GMX_JeanZay,open,1.0,1001,0.997002997002997,0.002997002997002997,agreement
R60A_GS11_2021_11_19_NaCl170mM_GMX_JeanZay,open,2.0,1001,1.0,0.0,agreement
R60A_GS12_2021_11_19_NaCl170mM_GMX_JeanZay,open,0.5,1001,0.7842157842157842,0.21578421578421578,partial
R60A_GS12_2021_11_19_NaCl170mM_GMX_JeanZay,open,1.0,1001,0.942057942057942,0.057942057942057944,agreement
R60A_GS12_2021_11_19_NaCl170mM_GMX_JeanZay,open,2.0,1001,1.0,0.0,agreement
R60A_GS13_2021_11_19_NaCl170mM_GMX_JeanZay,open,0.5,1001,0.972027972027972,0.027972027972027972,agreement
R60A_GS13_2021_11_19_NaCl170mM_GMX_JeanZay,open,1.0,1001,1.0,0.0,agreement
R60A_GS13_2021_11_19_NaCl170mM_GMX_JeanZay,open,2.0,1001,1.0,0.0,agreement
R60A_GS14_2021_11_19_NaCl170mM_GMX_JeanZay,open,0.5,1001,0.5174825174825175,0.4825174825174825,partial
R60A_GS14_2021_11_19_NaCl170mM_GMX_JeanZay,open,1.0,1001,0.993006993006993,0.006993006993006993,agreement
R60A_GS14_2021_11_19_NaCl170mM_GMX_JeanZay,open,2.0,1001,1.0,0.0,agreement
R60A_GS15_2021_11_19_NaCl170mM_GMX_JeanZay,open,0.5,1001,0.5394605394605395,0.46053946053946054,partial
R60A_GS15_2021_11_19_NaCl170mM_GMX_JeanZay,open,1.0,1001,0.8891108891108891,0.1108891108891109,agreement
R60A_GS15_2021_11_19_NaCl170mM_GMX_JeanZay,open,2.0,1001,0.999000999000999,0.000999000999000999,agreement
R60A_GS16_2021_11_19_NaCl170mM_GMX_JeanZay,open,0.5,1001,0.34765234765234765,0.6523476523476524,relative_only
R60A_GS16_2021_11_19_NaCl170mM_GMX_JeanZay,open,1.0,1001,0.8051948051948052,0.19480519480519481,agreement
R60A_GS16_2021_11_19_NaCl170mM_GMX_JeanZay,open,2.0,1001,1.0,0.0,agreement
R60A_GS17_2021_11_19_NaCl170mM_GMX_JeanZay,open,0.5,1001,0.7692307692307693,0.23076923076923078,partial
R60A_GS17_2021_11_19_NaCl170mM_GMX_JeanZay,open,1.0,1001,0.993006993006993,0.006993006993006993,agreement
R60A_GS17_2021_11_19_NaCl170mM_GMX_JeanZay,open,2.0,1001,1.0,0.0,agreement
R60A_GS18_2021_11_19_NaCl170mM_GMX_JeanZay,open,0.5,1001,0.027972027972027972,0.972027972027972,relative_only
R60A_GS18_2021_11_19_NaCl170mM_GMX_JeanZay,open,1.0,1001,0.11388611388611389,0.8861138861138861,relative_only
R60A_GS18_2021_11_19_NaCl170mM_GMX_JeanZay,open,2.0,1001,0.46153846153846156,0.5384615384615384,relative_only
R60A_GS19_2021_11_19_NaCl170mM_GMX_JeanZay,open,0.5,1001,0.7872127872127872,0.2127872127872128,partial
R60A_GS19_2021_11_19_NaCl170mM_GMX_JeanZay,open,1.0,1001,0.999000999000999,0.000999000999000999,agreement
R60A_GS19_2021_11_19_NaCl170mM_GMX_JeanZay,open,2.0,1001,1.0,0.0,agreement
R60A_GS20_2021_11_19_NaCl170mM_GMX_JeanZay,open,0.5,1001,0.9590409590409591,0.04095904095904096,agreement
R60A_GS20_2021_11_19_NaCl170mM_GMX_JeanZay,open,1.0,1001,1.0,0.0,agreement
R60A_GS20_2021_11_19_NaCl170mM_GMX_JeanZay,open,2.0,1001,1.0,0.0,agreement
