channel,label,recalculated,author_reported,delta,within_tolerance
saxs,0.00281393,0.034664477803224854,0.03466,4.477803224850474e-06,True
saxs,0.0030889,0.03463137875729773,0.03463,1.378757297727795e-06,True
saxs,0.00336388,0.0345948973805754,0.03459,4.89738057539435e-06,True
saxs,0.00363886,0.03455656518621218,0.03456,-3.434813787818458e-06,True
saxs,0.00391383,0.034516420138699405,0.03452,-3.5798613005968982e-06,True
saxs,0.00418881,0.034475185556097326,0.03448,-4.8144439026703845e-06,True
saxs,0.00446378,0.03443345485205704,0.03443,3.4548520570359953e-06,True
saxs,0.00473876,0.0343816154542777,0.03438,1.6154542777022107e-06,True
saxs,0.00501374,0.03432823034136402,0.03433,-1.7696586359777777e-06,True
saxs,0.00528871,0.03427462749412115,0.03427,4.62749412114688e-06,True
saxs,0.00556369,0.03421862021319752,0.03422,-1.3797868024800763e-06,True
saxs,0.00583866,0.03415464515707029,0.03415,4.645157070291839e-06,True
saxs,0.00611364,0.03409032884544745,0.03409,3.288454474489888e-07,True
saxs,0.00638862,0.03402553252426983,0.03403,-4.4674757301646495e-06,True
saxs,0.00666359,0.03395573974410866,0.03396,-4.260255891334885e-06,True
saxs,0.007076055,0.03384492283755826,0.03384,4.922837558256343e-06,True
saxs,0.00762601,0.033688942818855844,0.03369,-1.0571811441539847e-06,True
saxs,0.00817596,0.03352266188509101,0.03352,2.6618850910084535e-06,True
saxs,0.00872591,0.033347379379952864,0.03335,-2.6206200471334817e-06,True
saxs,0.009275865,0.033161305968636805,0.03316,1.3059686368027679e-06,True
saxs,0.00982582,0.03296377739807953,0.03296,3.7773980795241524e-06,True
saxs,0.0103758,0.032750690600196024,0.03275,6.906001960224617e-07,True
saxs,0.0109257,0.032542156886580104,0.03254,2.156886580104156e-06,True
saxs,0.0114757,0.032312518632743245,0.03231,2.5186327432466515e-06,True
saxs,0.0120256,0.03208055000421496,0.03208,5.500042149636508e-07,True
saxs,0.0125756,0.0318367605989883,0.03184,-3.239401011698173e-06,True
saxs,0.013263,0.0315151785816403,0.03152,-4.8214183596961835e-06,True
saxs,0.014087933333,0.031120213397836365,0.03112,2.1339783636692422e-07,True
saxs,0.0149129,0.03069519816761083,0.0307,-4.801832389170202e-06,True
saxs,0.0157378,0.030249183217106713,0.03025,-8.16782893285628e-07,True
saxs,0.016562733333,0.029791061527987325,0.02979,1.061527987324118e-06,True
saxs,0.017387666667,0.02931329664650065,0.02931,3.296646500651479e-06,True
saxs,0.0182126,0.02882355188040351,0.02882,3.5518804035114537e-06,True
saxs,0.019175,0.028222514818790914,0.02822,2.5148187909156128e-06,True
saxs,0.0202749,0.027512250443383922,0.02751,2.250443383922107e-06,True
saxs,0.0213748,0.026783670314645132,0.02678,3.6703146451301516e-06,True
saxs,0.022474725,0.026031895852777178,0.02603,1.8958527771770206e-06,True
saxs,0.023574625,0.02525727926948579,0.02526,-2.7207305142128158e-06,True
saxs,0.024674525,0.02446598535236799,0.02447,-4.014647632007151e-06,True
saxs,0.02591192,0.023635279519295265,0.02364,-4.7204807047361574e-06,True
saxs,0.0272868,0.022614486904332036,0.02261,4.4869043320343305e-06,True
saxs,0.02866168,0.021580537577915213,0.02158,5.375779152140547e-07,True
saxs,0.03003656,0.02052794265705802,0.02053,-2.0573429419801226e-06,True
saxs,0.031548933333,0.019371362647273124,0.01937,1.362647273125267e-06,True
saxs,0.033198766667,0.01799269551276418,0.01799,2.695512764182284e-06,True
saxs,0.03484865,0.016778782848429326,0.01678,-1.2171515706739522e-06,True
saxs,0.0364985,0.015672708880641952,0.01567,2.7088806419522937e-06,True
saxs,0.038285842857,0.014238846633309182,0.01424,-1.153366690816865e-06,True
saxs,0.040210671429,0.012862887951716456,0.01286,2.8879517164556723e-06,True
saxs,0.042135514286,0.011531095087743408,0.01153,1.095087743407594e-06,True
saxs,0.044060342857,0.010264608718116477,0.01026,4.6087181164774366e-06,True
saxs,0.0461226625,0.00898129465046089,0.00898,1.2946504608906534e-06,True
saxs,0.048322475,0.007704995746197372,0.0077,4.9957461973719475e-06,True
saxs,0.050522275,0.00653128771537703,0.00653,1.2877153770301727e-06,True
saxs,0.052859577778,0.005410315945709775,0.00541,3.159457097751117e-07,True
saxs,0.055334366667,0.0043316774251097034,0.00433,1.677425109703791e-06,True
saxs,0.05794663,0.003453759518164608,0.00345,3.7595181646078897e-06,True
saxs,0.0606964,0.002624671137887159,0.00262,4.671137887159085e-06,True
saxs,0.06344615,0.0020018480989721387,0.002,1.848098972138685e-06,True
saxs,0.066333409091,0.0015365733399359855,0.00154,-3.4266600640144636e-06,True
saxs,0.069358136364,0.0012457212904326532,0.00125,-4.278709567346857e-06,True
saxs,0.072520375,0.0011525885146122451,0.00115,2.588514612245161e-06,True
saxs,0.075820075,0.0011870586261656514,0.00119,-2.941373834348688e-06,True
saxs,0.079257284615,0.0014115618611934009,0.00141,1.5618611934008469e-06,True
saxs,0.082831969231,0.001781834707757158,0.00178,1.834707757158039e-06,True
saxs,0.08654415,0.0022654179685443095,0.00227,-4.58203145569042e-06,True
saxs,0.090393821429,0.0028244691344136543,0.00282,4.469134413654253e-06,True
saxs,0.09438096,0.003417098924570311,0.00342,-2.9010754296890026e-06,True
saxs,0.09864301875,0.004016791273041641,0.00402,-3.208726958359165e-06,True
saxs,0.1030425,0.004558194481195282,0.00456,-1.8055188047176249e-06,True
saxs,0.10758,0.004998110856480022,0.005,-1.8891435199777304e-06,True
saxs,0.11239177778,0.005313312213444099,0.00531,3.3122134440993073e-06,True
saxs,0.1173415,0.005471622136159827,0.00547,1.6221361598270714e-06,True
saxs,0.12242857895,0.005478127424502293,0.00548,-1.872575497706766e-06,True
saxs,0.1277905,0.005344232738809036,0.00534,4.232738809035498e-06,True
saxs,0.13342766667,0.005093937907230452,0.00509,3.937907230452085e-06,True
saxs,0.1393395,0.004767490560199292,0.00477,-2.5094398007075025e-06,True
saxs,0.14552652174,0.004412854651974439,0.00441,2.8546519744388973e-06,True
saxs,0.151851,0.004081169930666421,0.00408,1.1699306664203143e-06,True
saxs,0.15831283333,0.003799222874115031,0.0038,-7.77125884969098e-07,True
saxs,0.16505,0.003569952683061724,0.00357,-4.73169382759521e-08,True
saxs,0.17206153846,0.00338403366074549,0.00338,4.033660745489647e-06,True
saxs,0.17948610714,0.0032125233166895337,0.00321,2.523316689533473e-06,True
saxs,0.187323,0.0030204028483366598,0.00302,4.028483366596419e-07,True
saxs,0.19543456667,0.002779233535471504,0.00278,-7.66464528496099e-07,True
saxs,0.20382145161,0.00247525512399971,0.00248,-4.744876000290204e-06,True
saxs,0.21248325,0.002119457475148058,0.00212,-5.425248519419328e-07,True
saxs,0.2215575,0.0017386481732494087,0.00174,-1.3518267505912944e-06,True
saxs,0.231044,0.0013772215961296178,0.00138,-2.7784038703821713e-06,True
saxs,0.24080569444,0.0010812219628380487,0.00108,1.2219628380486913e-06,True
amide,445-GLY-H-446-GLU-H,2.829115292020207,2.82912,-4.707979793128203e-06,True
amide,445-GLY-H-447-GLU-H,4.26455951042367,4.26456,-4.895763305867717e-07,True
amide,444-LEU-H-445-GLY-H,2.7213744659268846,2.72137,4.465926884744675e-06,True
amide,444-LEU-H-446-GLU-H,4.253010020808646,4.25301,2.0808646361558658e-08,True
amide,444-LEU-H-445-GLY-H,2.7213744659268846,2.72137,4.465926884744675e-06,True
amide,444-LEU-H-447-GLU-H,4.802096884818117,4.8021,-3.115181883117657e-06,True
amide,446-GLU-H-447-GLU-H,2.731985318411715,2.73199,-4.681588285038174e-06,True
amide,451-ARG-H-452-ALA-H,2.8450747142534594,2.84507,4.714253459159323e-06,True
amide,450-ASP-H-452-ALA-H,4.29766085602164,4.29766,8.5602164023868e-07,True
amide,452-ALA-H-454-ALA-H,4.341497591911779,4.3415,-2.4080882212729193e-06,True
amide,452-ALA-H-453-ARG-H,2.8676069074720556,2.86761,-3.0925279443927423e-06,True
amide,453-ARG-H-455-HIS-H,4.3296256100741575,4.32963,-4.389925842396281e-06,True
amide,453-ARG-H-454-ALA-H,2.82619825211971,2.8262,-1.7478802898374113e-06,True
amide,454-ALA-H-455-HIS-H,2.848083990756562,2.84808,3.990756562100017e-06,True
amide,466-TYR-H-467-SER-H,2.706988843568745,2.70699,-1.156431254756285e-06,True
amide,462-HIS-H-463-LEU-H,2.514068391462432,2.51407,-1.608537567587831e-06,True
amide,361-ARG-H-362-GLU-H,2.8163724255486287,2.81637,2.425548628615104e-06,True
amide,363-GLN-H-364-LEU-H,2.713822389877815,2.71382,2.3898778147568578e-06,True
amide,363-GLN-H-365-GLY-H,4.6026634903742405,4.60266,3.490374240300298e-06,True
amide,364-LEU-H-365-GLY-H,2.9389710475638053,2.93897,1.0475638054785463e-06,True
amide,367-VAL-H-368-THR-H,2.654350701760888,2.65435,7.01760888066616e-07,True
amide,359-LYS-H-361-ARG-H,4.280565581162273,4.28057,-4.418837726838376e-06,True
amide,361-ARG-H-363-GLN-H,4.287236203584763,4.28724,-3.796415236401174e-06,True
amide,362-GLU-H-364-LEU-H,4.317616416255687,4.31762,-3.583744312862791e-06,True
amide,360-LEU-H-361-ARG-H,2.796130596067035,2.79613,5.960670352855857e-07,True
amide,367-VAL-H-369-GLN-H,4.114102348961392,4.1141,2.34896139250651e-06,True
amide,368-THR-H-369-GLN-H,2.70750458707102,2.7075,4.587071019912514e-06,True
amide,369-GLN-H-370-GLU-H,2.843770883505084,2.84377,8.835050837596725e-07,True
amide,368-THR-H-370-GLU-H,4.376017951340769,4.37602,-2.048659230702299e-06,True
amide,367-VAL-H-369-GLN-H,4.114102348961392,4.1141,2.34896139250651e-06,True
amide,375-LEU-H-376-GLU-H,2.865659454207933,2.86566,-5.457920670970395e-07,True
amide,376-GLU-H-377-LYS-H,2.903350834648119,2.90335,8.346481190635302e-07,True
amide,375-LEU-H-377-LYS-H,4.399368341035621,4.39937,-1.6589643792030984e-06,True
amide,373-ASP-H-374-ASN-H,2.827890309393675,2.82789,3.0939367512416993e-07,True
amide,373-ASP-H-376-GLU-H,4.739467639005404,4.73947,-2.360994596273258e-06,True
amide,493-HIS-H-494-ALA-H,2.8486814006539394,2.84868,1.4006539394983974e-06,True
amide,493-HIS-H-495-LYS-H,4.389073045308019,4.38907,3.045308019089532e-06,True
amide,491-GLU-H-493-HIS-H,4.287890620300126,4.28789,6.203001259308394e-07,True
amide,373-ASP-H-374-ASN-H,2.827890309393675,2.82789,3.0939367512416993e-07,True
amide,373-ASP-H-375-LEU-H,4.239219244262063,4.23922,-7.557379371192496e-07,True
amide,373-ASP-H-376-GLU-H,4.739467639005404,4.73947,-2.360994596273258e-06,True
amide,374-ASN-H-376-GLU-H,4.313345079792818,4.31335,-4.920207182124159e-06,True
amide,377-LYS-H-378-GLU-H,2.8703290640626866,2.87033,-9.359373134287807e-07,True
amide,381-GLY-H-382-LEU-H,2.802148839178621,2.80215,-1.1608213790204047e-06,True
amide,463-LEU-H-464-ALA-H,2.9481681224857934,2.94817,-1.8775142067717354e-06,True
amide,532-ALA-H-533-LEU-H,2.8160584973159195,2.81606,-1.502684080278982e-06,True
amide,531-SER-H-532-ALA-H,2.830745083641421,2.83075,-4.916358578910263e-06,True
amide,531-SER-H-532-ALA-H,2.830745083641421,2.83075,-4.916358578910263e-06,True
amide,530-LEU-H-532-ALA-H,4.3445927289405635,4.34459,2.7289405633013075e-06,True
amide,536-TYR-H-537-THR-H,2.7715337660335555,2.77153,3.7660335556743973e-06,True
amide,537-THR-H-538-LYS-H,2.7418485808125603,2.74185,-1.4191874395663717e-06,True
amide,537-THR-H-539-LYS-H,4.227507299584252,4.22751,-2.7004157479026958e-06,True
amide,538-LYS-H-539-LYS-H,2.8561905281228652,2.85619,5.281228654396841e-07,True
amide,538-LYS-H-540-LEU-H,4.32767364549779,4.32767,3.6454977898614516e-06,True
amide,532-ALA-H-533-LEU-H,2.8160584973159195,2.81606,-1.502684080278982e-06,True
amide,532-ALA-H-535-GLU-H,4.823803803427311,4.8238,3.803427310877794e-06,True
amide,386-MET-H-387-SER-H,2.7498455140518256,2.74985,-4.485948174259846e-06,True
amide,386-MET-H-388-LYS-H,4.348488792966442,4.34849,-1.207033557548698e-06,True
amide,386-MET-H-387-SER-H,2.7498455140518256,2.74985,-4.485948174259846e-06,True
amide,387-SER-H-388-LYS-H,2.5256183282640925,2.52562,-1.6717359074824856e-06,True
amide,388-LYS-H-389-ASP-H,3.6733633937066816,3.67336,3.3937066814537786e-06,True
amide,389-ASP-H-390-LEU-H,3.347572605500942,3.34757,2.6055009416658947e-06,True
amide,388-LYS-H-390-LEU-H,5.44746304765893,5.44746,3.047658929666852e-06,True
amide,394-LYS-H-395-ALA-H,2.8248567842678924,2.82486,-3.2157321077086465e-06,True
amide,393-VAL-H-395-ALA-H,4.25032684727257,4.25033,-3.1527274302334263e-06,True
amide,400-TYR-H-401-LEU-H,2.7212201532069593,2.72122,1.532069591192453e-07,True
amide,400-TYR-H-402-ASP-H,4.245370288145378,4.24537,2.8814537778032445e-07,True
amide,402-ASP-H-403-ASP-H,2.873114231610526,2.87311,4.2316105259843084e-06,True
amide,401-LEU-H-403-ASP-H,4.379135771727358,4.37914,-4.228272641348951e-06,True
amide,401-LEU-H-402-ASP-H,2.8657786866259145,2.86578,-1.3133740854875953e-06,True
amide,403-ASP-H-404-PHE-H,2.806427659629794,2.80643,-2.34037020607758e-06,True
amide,402-ASP-H-403-ASP-H,2.873114231610526,2.87311,4.2316105259843084e-06,True
amide,403-ASP-H-405-GLN-H,4.326741982248613,4.32674,1.9822486132525796e-06,True
amide,404-PHE-H-405-GLN-H,2.8533956884015765,2.8534,-4.311598423623053e-06,True
amide,404-PHE-H-406-LYS-H,4.3159734145047395,4.31597,3.414504739396307e-06,True
amide,405-GLN-H-406-LYS-H,2.8367142430927106,2.83671,4.243092710520813e-06,True
amide,406-LYS-H-407-LYS-H,2.8374577871035225,2.83746,-2.2128964776158e-06,True
amide,406-LYS-H-408-TRP-H,4.276338392141696,4.27634,-1.6078583042755668e-06,True
amide,408-TRP-H-409-GLN-H,2.824221577531385,2.82422,1.5775313850774353e-06,True
amide,409-GLN-H-411-GLU-H,4.422160020628445,4.42216,2.062844473016412e-08,True
amide,413-GLU-H-414-LEU-H,2.772786667205783,2.77279,-3.3327942170480185e-06,True
amide,412-MET-H-413-GLU-H,2.8559872601939533,2.85599,-2.7398060464811635e-06,True
amide,409-GLN-H-411-GLU-H,4.422160020628445,4.42216,2.062844473016412e-08,True
amide,411-GLU-H-412-MET-H,2.7533265375531313,2.75333,-3.4624468687738386e-06,True
amide,411-GLU-H-412-MET-H,2.7533265375531313,2.75333,-3.4624468687738386e-06,True
amide,412-MET-H-414-LEU-H,4.326979831793422,4.32698,-1.6820657755545199e-07,True
amide,414-LEU-H-415-TYR-H,2.735150735216906,2.73515,7.352169060226288e-07,True
amide,447-GLU-H-448-MET-H,2.786638899696852,2.78664,-1.1003031477052616e-06,True
amide,446-GLU-H-447-GLU-H,2.731985318411715,2.73199,-4.681588285038174e-06,True
amide,445-GLY-H-447-GLU-H,4.26455951042367,4.26456,-4.895763305867717e-07,True
amide,447-GLU-H-448-MET-H,2.786638899696852,2.78664,-1.1003031477052616e-06,True
amide,448-MET-H-449-ARG-H,2.8342534901809184,2.83425,3.4901809184972876e-06,True
amide,449-ARG-H-450-ASP-H,2.829052259298893,2.82905,2.2592988928593627e-06,True
amide,450-ASP-H-451-ARG-H,2.789005074804497,2.78901,-4.925195502991642e-06,True
amide,452-ALA-H-454-ALA-H,4.341497591911779,4.3415,-2.4080882212729193e-06,True
amide,453-ARG-H-455-HIS-H,4.3296256100741575,4.32963,-4.389925842396281e-06,True
amide,455-HIS-H-456-VAL-H,2.851174607080246,2.85117,4.607080245744299e-06,True
amide,456-VAL-H-457-ASP-H,2.799506905125669,2.79951,-3.0948743310332816e-06,True
amide,457-ASP-H-458-ALA-H,2.8797087808070625,2.87971,-1.2191929377181054e-06,True
amide,456-VAL-H-458-ALA-H,4.285417083442246,4.28542,-2.9165577544176813e-06,True
amide,457-ASP-H-458-ALA-H,2.8797087808070625,2.87971,-1.2191929377181054e-06,True
amide,455-HIS-H-456-VAL-H,2.851174607080246,2.85117,4.607080245744299e-06,True
amide,456-VAL-H-457-ASP-H,2.799506905125669,2.79951,-3.0948743310332816e-06,True
amide,455-HIS-H-457-ASP-H,4.31472766571568,4.31473,-2.334284319616131e-06,True
amide,459-LEU-H-460-ARG-H,2.82954782139586,2.82955,-2.1786041397575673e-06,True
amide,457-ASP-H-459-LEU-H,4.327659094513418,4.32766,-9.054865817148539e-07,True
amide,460-ARG-H-461-THR-H,2.811830046841735,2.81183,4.684173493529897e-08,True
amide,461-THR-H-462-HIS-H,2.636631222073174,2.63663,1.2220731742118573e-06,True
amide,461-THR-H-463-LEU-H,4.216648648367154,4.21665,-1.3516328456475435e-06,True
amide,462-HIS-H-463-LEU-H,2.514068391462432,2.51407,-1.608537567587831e-06,True
amide,470-LEU-H-471-ARG-H,2.862700334295665,2.8627,3.3429566537179767e-07,True
amide,472-GLN-H-473-ARG-H,2.7826654656070082,2.78267,-4.534392991750735e-06,True
amide,474-LEU-H-475-ALA-H,2.7941328961128464,2.79413,2.8961128464288777e-06,True
amide,473-ARG-H-474-LEU-H,2.8413018357389817,2.8413,1.8357389817147407e-06,True
amide,471-ARG-H-472-GLN-H,2.8491037600474742,2.8491,3.7600474742660595e-06,True
amide,470-LEU-H-471-ARG-H,2.862700334295665,2.8627,3.3429566537179767e-07,True
amide,475-ALA-H-476-ALA-H,2.856706094594123,2.85671,-3.905405876913903e-06,True
amide,476-ALA-H-477-ARG-H,2.803585931741175,2.80359,-4.068258824929671e-06,True
amide,477-ARG-H-478-LEU-H,2.743929784943559,2.74393,-2.1505644109964805e-07,True
amide,466-TYR-H-467-SER-H,2.706988843568745,2.70699,-1.156431254756285e-06,True
amide,467-SER-H-468-ASP-H,2.8529607722963446,2.85296,7.72296344653256e-07,True
amide,470-LEU-H-472-GLN-H,4.333380844934585,4.33338,8.449345854089074e-07,True
amide,472-GLN-H-473-ARG-H,2.7826654656070082,2.78267,-4.534392991750735e-06,True
amide,479-GLU-H-480-ALA-H,2.8917993950662675,2.8918,-6.049337324398607e-07,True
amide,480-ALA-H-481-LEU-H,2.8041732097999312,2.80417,3.209799931180868e-06,True
amide,478-LEU-H-479-GLU-H,2.7808881706310262,2.78089,-1.829368973638168e-06,True
amide,476-ALA-H-478-LEU-H,4.249771682927219,4.24977,1.6829272189156086e-06,True
amide,478-LEU-H-480-ALA-H,4.293860846701546,4.29386,8.467015462088057e-07,True
amide,480-ALA-H-481-LEU-H,2.8041732097999312,2.80417,3.209799931180868e-06,True
amide,485-GLY-H-486-GLY-H,2.8791403785086906,2.87914,3.785086906127333e-07,True
amide,486-GLY-H-487-ALA-H,2.8797137686711505,2.87971,3.768671150261582e-06,True
amide,486-GLY-H-488-ARG-H,4.462313885021107,4.46231,3.885021106597719e-06,True
amide,484-ASN-H-485-GLY-H,2.606618210307055,2.60662,-1.7896929449534582e-06,True
amide,485-GLY-H-486-GLY-H,2.8791403785086906,2.87914,3.785086906127333e-07,True
amide,485-GLY-H-487-ALA-H,4.558934436055111,4.55893,4.436055110801362e-06,True
amide,484-ASN-H-486-GLY-H,4.6030582876268475,4.60306,-1.7123731526069719e-06,True
amide,484-ASN-H-485-GLY-H,2.606618210307055,2.60662,-1.7896929449534582e-06,True
amide,486-GLY-H-487-ALA-H,2.8797137686711505,2.87971,3.768671150261582e-06,True
amide,488-ARG-H-490-ALA-H,4.44071085363913,4.44071,8.536391300495438e-07,True
amide,486-GLY-H-488-ARG-H,4.462313885021107,4.46231,3.885021106597719e-06,True
amide,490-ALA-H-491-GLU-H,2.8219340712835823,2.82193,4.071283582263163e-06,True
amide,491-GLU-H-492-TYR-H,2.7960922953757206,2.79609,2.295375720606785e-06,True
amide,490-ALA-H-492-TYR-H,4.292427764731829,4.29243,-2.2352681714465916e-06,True
amide,491-GLU-H-493-HIS-H,4.287890620300126,4.28789,6.203001259308394e-07,True
amide,493-HIS-H-494-ALA-H,2.8486814006539394,2.84868,1.4006539394983974e-06,True
amide,494-ALA-H-495-LYS-H,2.858979005329899,2.85898,-9.946701009511116e-07,True
amide,496-ALA-H-497-THR-H,2.8390268704672237,2.83903,-3.129532776480204e-06,True
amide,495-LYS-H-496-ALA-H,2.7955371378512903,2.79554,-2.86214870959256e-06,True
amide,495-LYS-H-496-ALA-H,2.7955371378512903,2.79554,-2.86214870959256e-06,True
amide,494-ALA-H-496-ALA-H,4.279475805791542,4.27948,-4.194208458763171e-06,True
amide,493-HIS-H-495-LYS-H,4.389073045308019,4.38907,3.045308019089532e-06,True
amide,493-HIS-H-496-ALA-H,4.749974266520433,4.74997,4.2665204329495054e-06,True
amide,496-ALA-H-497-THR-H,2.8390268704672237,2.83903,-3.129532776480204e-06,True
amide,495-LYS-H-497-THR-H,4.422128086402571,4.42213,-1.91359742895969e-06,True
amide,497-THR-H-498-GLU-H,2.798233827942285,2.79823,3.827942284928554e-06,True
amide,497-THR-H-498-GLU-H,2.798233827942285,2.79823,3.827942284928554e-06,True
amide,498-GLU-H-499-HIS-H,2.871454410853006,2.87145,4.410853005953896e-06,True
amide,496-ALA-H-498-GLU-H,4.373379976055879,4.37338,-2.394412135231505e-08,True
amide,499-HIS-H-500-LEU-H,2.8474666571656675,2.84747,-3.342834332453748e-06,True
amide,499-HIS-H-500-LEU-H,2.8474666571656675,2.84747,-3.342834332453748e-06,True
amide,498-GLU-H-499-HIS-H,2.871454410853006,2.87145,4.410853005953896e-06,True
amide,500-LEU-H-501-SER-H,2.805031005120913,2.80503,1.005120913166735e-06,True
amide,501-SER-H-503-LEU-H,4.262068946609722,4.26207,-1.0533902772280612e-06,True
amide,503-LEU-H-504-SER-H,2.8200620369835976,2.82006,2.0369835977973594e-06,True
amide,504-SER-H-505-GLU-H,2.8746248649496082,2.87462,4.8649496080521715e-06,True
amide,504-SER-H-506-LYS-H,4.330919595674839,4.33092,-4.0432516090760373e-07,True
amide,503-LEU-H-504-SER-H,2.8200620369835976,2.82006,2.0369835977973594e-06,True
amide,507-ALA-H-508-LYS-H,2.8790338289675748,2.87903,3.8289675745595275e-06,True
amide,505-GLU-H-506-LYS-H,2.7489991829875216,2.749,-8.170124785600308e-07,True
amide,506-LYS-H-507-ALA-H,2.6600060941321453,2.66001,-3.9058678549253045e-06,True
amide,517-GLY-H-519-LEU-H,4.324297232610284,4.3243,-2.7673897156077487e-06,True
amide,517-GLY-H-518-LEU-H,2.527061799774844,2.52706,1.799774843824764e-06,True
amide,516-GLN-H-518-LEU-H,4.279687748784875,4.27969,-2.2512151254261425e-06,True
amide,519-LEU-H-521-VAL-H,4.447281291915726,4.44728,1.2919157255097957e-06,True
amide,521-VAL-H-522-LEU-H,2.6533328528165137,2.65333,2.8528165136876282e-06,True
amide,518-LEU-H-519-LEU-H,2.760922046413593,2.76092,2.0464135928044414e-06,True
amide,518-LEU-H-519-LEU-H,2.760922046413593,2.76092,2.0464135928044414e-06,True
amide,521-VAL-H-523-GLU-H,4.292758566917209,4.29276,-1.4330827911024357e-06,True
amide,521-VAL-H-522-LEU-H,2.6533328528165137,2.65333,2.8528165136876282e-06,True
amide,522-LEU-H-523-GLU-H,2.8625992374324936,2.8626,-7.625675064737436e-07,True
amide,523-GLU-H-524-SER-H,2.7695502458282704,2.76955,2.458282701844894e-07,True
amide,525-PHE-H-526-LYS-H,2.8510510882421953,2.85105,1.0882421954683252e-06,True
amide,523-GLU-H-525-PHE-H,4.329932319572316,4.32993,2.319572315556684e-06,True
amide,522-LEU-H-524-SER-H,4.315147341456125,4.31515,-2.658543874822783e-06,True
amide,522-LEU-H-523-GLU-H,2.8625992374324936,2.8626,-7.625675064737436e-07,True
amide,523-GLU-H-524-SER-H,2.7695502458282704,2.76955,2.458282701844894e-07,True
amide,525-PHE-H-526-LYS-H,2.8510510882421953,2.85105,1.0882421954683252e-06,True
amide,526-LYS-H-527-VAL-H,2.975528526758958,2.97553,-1.473241042049267e-06,True
amide,526-LYS-H-527-VAL-H,2.975528526758958,2.97553,-1.473241042049267e-06,True
amide,521-VAL-H-523-GLU-H,4.292758566917209,4.29276,-1.4330827911024357e-06,True
amide,527-VAL-H-528-SER-H,2.765498183569201,2.7655,-1.8164307986623385e-06,True
amide,527-VAL-H-528-SER-H,2.765498183569201,2.7655,-1.8164307986623385e-06,True
amide,528-SER-H-529-PHE-H,2.8621315141072796,2.86213,1.5141072795543664e-06,True
amide,536-TYR-H-537-THR-H,2.7715337660335555,2.77153,3.7660335556743973e-06,True
amide,537-THR-H-538-LYS-H,2.7418485808125603,2.74185,-1.4191874395663717e-06,True
amide,536-TYR-H-538-LYS-H,4.361378844201567,4.36138,-1.1557984329613191e-06,True
amide,536-TYR-H-538-LYS-H,4.361378844201567,4.36138,-1.1557984329613191e-06,True
amide,535-GLU-H-537-THR-H,4.212101219716347,4.2121,1.2197163465899052e-06,True
amide,370-GLU-H-371-PHE-H,2.7714415003437063,2.77144,1.5003437061622549e-06,True
amide,419-VAL-H-420-GLU-H,2.7075348203544216,2.70753,4.82035442139761e-06,True
amide,503-LEU-H-505-GLU-H,4.40228371681626,4.40228,3.716816260102007e-06,True
amide,372-TRP-HD1-373-ASP-H,4.241410434055556,4.24141,4.3405555594233647e-07,True
amide,492-TYR-QD-493-HIS-H,4.682942540035622,4.68294,2.5400356218341358e-06,True
amide,525-PHE-QD-526-LYS-H,4.295717226573299,4.29572,-2.773426701629944e-06,True
amide,525-PHE-QD-527-VAL-H,6.577492260568406,6.57749,2.260568406242669e-06,True
amide,400-TYR-QD-402-ASP-H,6.577614218827302,6.57761,4.218827301727401e-06,True
amide,400-TYR-QD-401-LEU-H,4.383423090424355,4.38342,3.0904243546459043e-06,True
amide,408-TRP-HD1-409-GLN-H,4.156398007138252,4.1564,-1.9928617476239197e-06,True
amide,371-PHE-QD-372-TRP-HE1,7.920576143405025,7.92058,-3.8565949749269635e-06,True
amide,451-ARG-QD-452-ALA-H,5.673091992878493,5.67309,1.9928784924516663e-06,True
amide,464-ALA-H-466-TYR-QD,7.453448632813644,7.45345,-1.3671863561270925e-06,True
amide,466-TYR-QD-467-SER-H,4.390996088760496,4.391,-3.911239503828767e-06,True
amide,470-LEU-H-472-GLN-1HE2,7.599816545651637,7.59982,-3.454348362907922e-06,True
amide,400-TYR-QD-403-ASP-H,6.102884972280869,6.10288,4.972280868820178e-06,True
amide,477-ARG-QD-478-LEU-H,5.585042757317329,5.58504,2.757317329127318e-06,True
amide,524-SER-H-525-PHE-QD,6.421078393837588,6.42108,-1.6061624119600992e-06,True
amide,370-GLU-H-371-PHE-QD,6.698210171319622,6.69821,1.7131962160021885e-07,True
amide,491-GLU-H-492-TYR-QD,5.61869024217625,5.61869,2.421762497206714e-07,True
amide,492-TYR-QD-494-ALA-H,6.65545741517299,6.65546,-2.584827009322055e-06,True
amide,357-PHE-QD-359-LYS-H,6.294830056988076,6.29483,5.6988075591846155e-08,True
amide,372-TRP-HE1-373-ASP-H,6.5072208148461925,6.50722,8.148461922985462e-07,True
amide,372-TRP-HE1-373-ASP-H,6.5072208148461925,6.50722,8.148461922985462e-07,True
amide,368-THR-QG2-372-TRP-HE1,5.449932436128492,5.44993,2.436128491822842e-06,True
amide,360-LEU-QD1-361-ARG-H,5.481463999711085,5.48146,3.999711085000968e-06,True
amide,364-LEU-QD1-365-GLY-H,5.905994056779233,5.90599,4.056779232541885e-06,True
amide,364-LEU-QD1-368-THR-H,7.089910737445199,7.08991,7.374451991282172e-07,True
amide,367-VAL-QG1-368-THR-H,4.23549373497886,4.23549,3.73497885952645e-06,True
amide,375-LEU-QD1-376-GLU-H,5.5291342359969775,5.52913,4.2359969771865735e-06,True
amide,470-LEU-QD1-471-ARG-H,5.389291848813164,5.38929,1.848813163896068e-06,True
amide,470-LEU-QD1-472-GLN-2HE2,11.431120241278974,11.43112,2.412789736894183e-07,True
amide,454-ALA-H-456-VAL-QG1,7.667765422430107,7.66777,-4.5775698929162445e-06,True
amide,455-HIS-H-456-VAL-QG1,6.9943111980479955,6.99431,1.1980479959206036e-06,True
amide,456-VAL-QG1-457-ASP-H,4.200393630264114,4.20039,3.6302641142071934e-06,True
amide,456-VAL-QG1-457-ASP-H,4.200393630264114,4.20039,3.6302641142071934e-06,True
amide,470-LEU-QD1-472-GLN-2HE2,11.431120241278974,11.43112,2.412789736894183e-07,True
amide,470-LEU-QD1-472-GLN-1HE2,11.314710027700485,11.31471,2.7700485460968594e-08,True
amide,470-LEU-QD1-472-GLN-H,7.2494176477721,7.24942,-2.3522278995713464e-06,True
amide,470-LEU-QD1-471-ARG-H,5.389291848813164,5.38929,1.848813163896068e-06,True
amide,521-VAL-QG1-524-SER-H,5.965596761479736,5.9656,-3.2385202644036326e-06,True
amide,521-VAL-QG1-522-LEU-H,4.264706789623836,4.26471,-3.21037616402009e-06,True
amide,521-VAL-QG1-523-GLU-H,6.439277346210077,6.43928,-2.653789922923977e-06,True
amide,453-ARG-QD-456-VAL-QG1,7.362416100017873,7.36242,-3.899982127464341e-06,True
amide,470-LEU-QD1-473-ARG-H,6.320614950730534,6.32061,4.950730533970216e-06,True
amide,393-VAL-QG1-395-ALA-H,6.1637913289463055,6.16379,1.3289463058896445e-06,True
amide,393-VAL-QG1-396-LYS-H,5.71690047579763,5.7169,4.757976297398159e-07,True
amide,393-VAL-QG1-394-LYS-H,3.9922150029385954,3.99221,5.002938595399797e-06,True
amide,519-LEU-QD1-522-LEU-H,6.7772290976164085,6.77723,-9.02383591849798e-07,True
amide,518-LEU-H-519-LEU-QD1,6.851289160523718,6.85129,-8.394762813779266e-07,True
amide,522-LEU-QD1-523-GLU-H,5.523065757116989,5.52307,-4.242883010263654e-06,True
amide,522-LEU-QD1-524-SER-H,7.529670891188872,7.52967,8.911888720319894e-07,True
amide,522-LEU-QD1-525-PHE-QD,6.51938425379273,6.51938,4.253792729613792e-06,True
amide,521-VAL-H-522-LEU-QD1,6.941129744467743,6.94113,-2.555322575759078e-07,True
amide,400-TYR-QD-401-LEU-QD1,7.612689990840081,7.61269,-9.159919045487186e-09,True
amide,401-LEU-QD1-402-ASP-H,5.571467794191055,5.57147,-2.2058089443888207e-06,True
amide,470-LEU-QD1-471-ARG-QD,8.992069988589643,8.99207,-1.1410357103613933e-08,True
amide,463-LEU-QD1-466-TYR-QD,6.027999492587854,6.028,-5.074121451897895e-07,True
amide,463-LEU-QD1-464-ALA-H,5.398549892044515,5.39855,-1.0795548543995892e-07,True
amide,532-ALA-QB-533-LEU-H,3.3473326254533617,3.34733,2.625453361826402e-06,True
amide,510-ALA-H-511-LEU-QD1,6.603965567565981,6.60397,-4.4324340189305644e-06,True
amide,375-LEU-QD1-376-GLU-H,5.529134235996976,5.52913,4.235996975410217e-06,True
amide,537-THR-QG2-538-LYS-H,4.427956914589612,4.42796,-3.0854103876265526e-06,True
amide,537-THR-QG2-539-LYS-H,6.403715599020904,6.40372,-4.400979095819935e-06,True
amide,500-LEU-QD1-504-SER-H,5.941187396528004,5.94119,-2.6034719953216268e-06,True
amide,396-LYS-H-397-VAL-QG1,6.058070676538491,6.05807,6.765384910067951e-07,True
amide,397-VAL-QG1-400-TYR-QD,6.543072233620351,6.54307,2.233620350899912e-06,True
amide,417-GLN-H-419-VAL-QG1,7.30119782878734,7.3012,-2.1712126594408687e-06,True
amide,416-ARG-H-419-VAL-QG1,6.884904445280907,6.8849,4.445280906928417e-06,True
amide,419-VAL-QG1-420-GLU-H,3.810721552421937,3.81072,1.5524219372231585e-06,True
amide,519-LEU-QD1-521-VAL-H,7.295734423028512,7.29573,4.423028512334781e-06,True
amide,519-LEU-QD1-523-GLU-H,6.235298277771358,6.2353,-1.7222286414764199e-06,True
amide,489-LEU-QD1-492-TYR-QD,5.778469505442124,5.77847,-4.945578764292691e-07,True
amide,364-LEU-QD1-367-VAL-H,9.238305164498767,9.23831,-4.835501233202422e-06,True
amide,532-ALA-H-533-LEU-QD1,7.232144695139667,7.23214,4.69513966638857e-06,True
amide,444-LEU-QD1-447-GLU-H,6.001585921087749,6.00159,-4.078912251515021e-06,True
amide,444-LEU-QD1-446-GLU-H,7.147958621188191,7.14796,-1.3788118096158541e-06,True
amide,444-LEU-QD1-445-GLY-H,5.482535990077192,5.48254,-4.009922808023703e-06,True
amide,488-ARG-H-489-LEU-QD1,7.381693787819013,7.38169,3.7878190131124256e-06,True
amide,489-LEU-QD1-490-ALA-H,5.506502936890498,5.5065,2.9368904979065746e-06,True
amide,489-LEU-QD1-492-TYR-H,5.958876730668185,5.95888,-3.269331815047849e-06,True
amide,489-LEU-QD1-490-ALA-QB,7.680496413163013,7.6805,-3.5868369874236805e-06,True
amide,389-ASP-H-390-LEU-QD1,6.814746755217945,6.81475,-3.2447820554892814e-06,True
amide,390-LEU-QD1-391-GLU-H,5.402450453509129,5.40245,4.535091289170623e-07,True
amide,357-PHE-QD-360-LEU-QD1,7.064468201299135,7.06447,-1.7987008646969116e-06,True
amide,360-LEU-QD1-361-ARG-H,5.481463999711084,5.48146,3.999711084112789e-06,True
amide,514-LEU-QD1-515-ARG-H,5.5021737883369,5.50217,3.78833690017899e-06,True
amide,364-LEU-QD1-367-VAL-QG1,10.507347691333186,10.50735,-2.308666815054039e-06,True
amide,530-LEU-QD1-533-LEU-QD1,7.044163877588955,7.04416,3.877588954814826e-06,True
amide,530-LEU-QD1-533-LEU-QD1,7.044163877588955,7.04416,3.877588954814826e-06,True
amide,417-GLN-H-419-VAL-QG1,7.30119782878734,7.3012,-2.1712126594408687e-06,True
amide,521-VAL-QG1-522-LEU-QD1,7.590847873619234,7.59085,-2.1263807656879408e-06,True
amide,452-ALA-QB-453-ARG-H,3.3284531604377885,3.32845,3.1604377883631685e-06,True
amide,490-ALA-QB-491-GLU-H,3.3668666414497737,3.36687,-3.3585502263733247e-06,True
methyl,64-LEU-QD2-67-VAL-QG2,7.895477957513431,7.89548,-2.0424865692092453e-06,True
methyl,364-LEU-QD2-367-VAL-QG2,10.750492653904749,10.75049,2.653904749294611e-06,True
methyl,90-LEU-QD2-93-VAL-QG2,6.350193474206975,6.35019,3.4742069754400973e-06,True
methyl,390-LEU-QD2-393-VAL-QG2,7.350474544752029,7.35047,4.544752029822519e-06,True
methyl,97-VAL-QG2-101-LEU-QD2,6.577305341704747,6.57731,-4.658295252646383e-06,True
methyl,397-VAL-QG2-401-LEU-QD2,6.636989818125645,6.63699,-1.8187435468774993e-07,True
methyl,119-VAL-QG2-144-LEU-QD2,5.814419016064472,5.81442,-9.839355277208028e-07,True
methyl,419-VAL-QG2-444-LEU-QD2,5.682530514525047,5.68253,5.145250474569707e-07,True
methyl,156-VAL-QG2-159-LEU-QD2,5.944806778101137,5.94481,-3.221898863259298e-06,True
methyl,456-VAL-QG2-459-LEU-QD2,5.761534598413353,5.76153,4.59841335320732e-06,True
methyl,163-LEU-QD2-159-LEU-QD2,5.985923512256851,5.98592,3.512256850690676e-06,True
methyl,463-LEU-QD2-459-LEU-QD2,6.399426973755481,6.39943,-3.0262445189777054e-06,True
methyl,200-LEU-QD2-203-LEU-QD2,5.087570319299867,5.08757,3.192998665468849e-07,True
methyl,500-LEU-QD2-503-LEU-QD2,5.113529434728397,5.11353,-5.652716028592408e-07,True
methyl,211-LEU-QD2-214-LEU-QD2,4.90594184054529,4.90594,1.840545289510942e-06,True
methyl,511-LEU-QD2-514-LEU-QD2,4.2408309244517275,4.24083,9.244517276130182e-07,True
methyl,214-LEU-QD2-218-LEU-QD2,5.982617350143802,5.98262,-2.649856197578515e-06,True
methyl,514-LEU-QD2-518-LEU-QD2,6.0005742107488995,6.00057,4.210748899780015e-06,True
methyl,218-LEU-QD2-221-VAL-QG2,8.099333846406232,8.09933,3.846406231744481e-06,True
methyl,218-LEU-QD2-222-LEU-QD2,5.957951991976903,5.95795,1.9919769025378287e-06,True
methyl,518-LEU-QD2-521-VAL-QG2,6.997237894641621,6.99724,-2.105358378301503e-06,True
methyl,518-LEU-QD2-522-LEU-QD2,5.165948431683183,5.16595,-1.5683168168578732e-06,True
methyl,219-LEU-QD2-222-LEU-QD2,4.958414021153295,4.95841,4.021153295674651e-06,True
methyl,519-LEU-QD2-522-LEU-QD2,5.810362341669795,5.81036,2.341669794958534e-06,True
methyl,221-VAL-QG2-222-LEU-QD2,8.857096153856945,8.8571,-3.84614305559694e-06,True
methyl,521-VAL-QG2-522-LEU-QD2,7.841971688462241,7.84197,1.6884622411339478e-06,True
methyl,230-LEU-QD2-233-LEU-QD2,4.530895442857535,4.5309,-4.557142465166919e-06,True
methyl,530-LEU-QD2-533-LEU-QD2,5.079849944278797,5.07985,-5.572120365116007e-08,True
methyl,233-LEU-QD2-503-LEU-QD2,4.4068118635245295,4.40681,1.8635245293552316e-06,True
methyl,533-LEU-QD2-203-LEU-QD2,5.385419985517953,5.38542,-1.4482046672981141e-08,True
methyl,470-LEU-QD2-93-VAL-QG2,11.995935080154846,11.99594,-4.919845153494862e-06,True
methyl,474-LEU-QD2-93-VAL-QG2,12.3465700266191,12.34657,2.661909981327426e-08,True
methyl,214-LEU-QD2-522-LEU-QD2,6.757237747861513,6.75724,-2.2521384872575823e-06,True
methyl,514-LEU-QD2-222-LEU-QD2,5.183934968432363,5.18393,4.9684323624177296e-06,True
methyl,230-LEU-QD2-511-LEU-QD2,6.609299081623794,6.6093,-9.183762061937273e-07,True
methyl,530-LEU-QD2-211-LEU-QD2,5.5499271187650425,5.54993,-2.881234957285983e-06,True
methyl,219-LEU-QD2-519-LEU-QD2,4.4670189087420376,4.46702,-1.0912579622157637e-06,True
methyl,170-LEU-QD2-393-VAL-QG2,10.965205815615459,10.96521,-4.184384541972008e-06,True
methyl,174-LEU-QD2-393-VAL-QG2,11.127535727534774,11.12754,-4.272465226051736e-06,True
methyl,456-VAL-QG2-101-LEU-QD2,8.060321849456534,8.06032,1.8494565328097679e-06,True
