frame_id	uniform	linear_index
1.000000000000000000e+00	8.368200836820083180e-04	1.399364688431452025e-06
2.000000000000000000e+00	8.368200836820083180e-04	2.798729376862904050e-06
3.000000000000000000e+00	8.368200836820083180e-04	4.198094065294356286e-06
4.000000000000000000e+00	8.368200836820083180e-04	5.597458753725808099e-06
5.000000000000000000e+00	8.368200836820083180e-04	6.996823442157260759e-06
6.000000000000000000e+00	8.368200836820083180e-04	8.396188130588712572e-06
7.000000000000000000e+00	8.368200836820083180e-04	9.795552819020165232e-06
8.000000000000000000e+00	8.368200836820083180e-04	1.119491750745161620e-05
9.000000000000000000e+00	8.368200836820083180e-04	1.259428219588306886e-05
1.000000000000000000e+01	8.368200836820083180e-04	1.399364688431452152e-05
1.100000000000000000e+01	8.368200836820083180e-04	1.539301157274597248e-05
1.200000000000000000e+01	8.368200836820083180e-04	1.679237626117742514e-05
1.300000000000000000e+01	8.368200836820083180e-04	1.819174094960887780e-05
1.400000000000000000e+01	8.368200836820083180e-04	1.959110563804033046e-05
1.500000000000000000e+01	8.368200836820083180e-04	2.099047032647178312e-05
1.600000000000000000e+01	8.368200836820083180e-04	2.238983501490323240e-05
1.700000000000000000e+01	8.368200836820083180e-04	2.378919970333468506e-05
1.800000000000000000e+01	8.368200836820083180e-04	2.518856439176613772e-05
1.900000000000000000e+01	8.368200836820083180e-04	2.658792908019759038e-05
2.000000000000000000e+01	8.368200836820083180e-04	2.798729376862904304e-05
2.100000000000000000e+01	8.368200836820083180e-04	2.938665845706049570e-05
2.200000000000000000e+01	8.368200836820083180e-04	3.078602314549194497e-05
2.300000000000000000e+01	8.368200836820083180e-04	3.218538783392340102e-05
2.400000000000000000e+01	8.368200836820083180e-04	3.358475252235485029e-05
2.500000000000000000e+01	8.368200836820083180e-04	3.498411721078630634e-05
2.600000000000000000e+01	8.368200836820083180e-04	3.638348189921775561e-05
2.700000000000000000e+01	8.368200836820083180e-04	3.778284658764920488e-05
2.800000000000000000e+01	8.368200836820083180e-04	3.918221127608066093e-05
2.900000000000000000e+01	8.368200836820083180e-04	4.058157596451211020e-05
3.000000000000000000e+01	8.368200836820083180e-04	4.198094065294356625e-05
3.100000000000000000e+01	8.368200836820083180e-04	4.338030534137501552e-05
3.200000000000000000e+01	8.368200836820083180e-04	4.477967002980646479e-05
3.300000000000000000e+01	8.368200836820083180e-04	4.617903471823792084e-05
3.400000000000000000e+01	8.368200836820083180e-04	4.757839940666937011e-05
3.500000000000000000e+01	8.368200836820083180e-04	4.897776409510082616e-05
3.600000000000000000e+01	8.368200836820083180e-04	5.037712878353227543e-05
3.700000000000000000e+01	8.368200836820083180e-04	5.177649347196373148e-05
3.800000000000000000e+01	8.368200836820083180e-04	5.317585816039518075e-05
3.900000000000000000e+01	8.368200836820083180e-04	5.457522284882663003e-05
4.000000000000000000e+01	8.368200836820083180e-04	5.597458753725808607e-05
4.100000000000000000e+01	8.368200836820083180e-04	5.737395222568953535e-05
4.200000000000000000e+01	8.368200836820083180e-04	5.877331691412099139e-05
4.300000000000000000e+01	8.368200836820083180e-04	6.017268160255244067e-05
4.400000000000000000e+01	8.368200836820083180e-04	6.157204629098388994e-05
4.500000000000000000e+01	8.368200836820083180e-04	6.297141097941533921e-05
4.600000000000000000e+01	8.368200836820083180e-04	6.437077566784680203e-05
4.700000000000000000e+01	8.368200836820083180e-04	6.577014035627825131e-05
4.800000000000000000e+01	8.368200836820083180e-04	6.716950504470970058e-05
4.900000000000000000e+01	8.368200836820083180e-04	6.856886973314114985e-05
5.000000000000000000e+01	8.368200836820083180e-04	6.996823442157261267e-05
5.100000000000000000e+01	8.368200836820083180e-04	7.136759911000406195e-05
5.200000000000000000e+01	8.368200836820083180e-04	7.276696379843551122e-05
5.300000000000000000e+01	8.368200836820083180e-04	7.416632848686696049e-05
5.400000000000000000e+01	8.368200836820083180e-04	7.556569317529840976e-05
5.500000000000000000e+01	8.368200836820083180e-04	7.696505786372987259e-05
5.600000000000000000e+01	8.368200836820083180e-04	7.836442255216132186e-05
5.700000000000000000e+01	8.368200836820083180e-04	7.976378724059277113e-05
5.800000000000000000e+01	8.368200836820083180e-04	8.116315192902422040e-05
5.900000000000000000e+01	8.368200836820083180e-04	8.256251661745566967e-05
6.000000000000000000e+01	8.368200836820083180e-04	8.396188130588713250e-05
6.100000000000000000e+01	8.368200836820083180e-04	8.536124599431858177e-05
6.200000000000000000e+01	8.368200836820083180e-04	8.676061068275003104e-05
6.300000000000000000e+01	8.368200836820083180e-04	8.815997537118148032e-05
6.400000000000000000e+01	8.368200836820083180e-04	8.955934005961292959e-05
6.500000000000000000e+01	8.368200836820083180e-04	9.095870474804439241e-05
6.600000000000000000e+01	8.368200836820083180e-04	9.235806943647584168e-05
6.700000000000000000e+01	8.368200836820083180e-04	9.375743412490729096e-05
6.800000000000000000e+01	8.368200836820083180e-04	9.515679881333874023e-05
6.900000000000000000e+01	8.368200836820083180e-04	9.655616350177020305e-05
7.000000000000000000e+01	8.368200836820083180e-04	9.795552819020165232e-05
7.100000000000000000e+01	8.368200836820083180e-04	9.935489287863310160e-05
7.200000000000000000e+01	8.368200836820083180e-04	1.007542575670645509e-04
7.300000000000000000e+01	8.368200836820083180e-04	1.021536222554960001e-04
7.400000000000000000e+01	8.368200836820083180e-04	1.035529869439274630e-04
7.500000000000000000e+01	8.368200836820083180e-04	1.049523516323589122e-04
7.600000000000000000e+01	8.368200836820083180e-04	1.063517163207903615e-04
7.700000000000000000e+01	8.368200836820083180e-04	1.077510810092218108e-04
7.800000000000000000e+01	8.368200836820083180e-04	1.091504456976532601e-04
7.900000000000000000e+01	8.368200836820083180e-04	1.105498103860847229e-04
8.000000000000000000e+01	8.368200836820083180e-04	1.119491750745161721e-04
8.100000000000000000e+01	8.368200836820083180e-04	1.133485397629476214e-04
8.200000000000000000e+01	8.368200836820083180e-04	1.147479044513790707e-04
8.300000000000000000e+01	8.368200836820083180e-04	1.161472691398105200e-04
8.400000000000000000e+01	8.368200836820083180e-04	1.175466338282419828e-04
8.500000000000000000e+01	8.368200836820083180e-04	1.189459985166734321e-04
8.600000000000000000e+01	8.368200836820083180e-04	1.203453632051048813e-04
8.700000000000000000e+01	8.368200836820083180e-04	1.217447278935363306e-04
8.800000000000000000e+01	8.368200836820083180e-04	1.231440925819677799e-04
8.900000000000000000e+01	8.368200836820083180e-04	1.245434572703992427e-04
9.000000000000000000e+01	8.368200836820083180e-04	1.259428219588306784e-04
9.100000000000000000e+01	8.368200836820083180e-04	1.273421866472621412e-04
9.200000000000000000e+01	8.368200836820083180e-04	1.287415513356936041e-04
9.300000000000000000e+01	8.368200836820083180e-04	1.301409160241250398e-04
9.400000000000000000e+01	8.368200836820083180e-04	1.315402807125565026e-04
9.500000000000000000e+01	8.368200836820083180e-04	1.329396454009879383e-04
9.600000000000000000e+01	8.368200836820083180e-04	1.343390100894194012e-04
9.700000000000000000e+01	8.368200836820083180e-04	1.357383747778508640e-04
9.800000000000000000e+01	8.368200836820083180e-04	1.371377394662822997e-04
9.900000000000000000e+01	8.368200836820083180e-04	1.385371041547137625e-04
1.000000000000000000e+02	8.368200836820083180e-04	1.399364688431452253e-04
1.010000000000000000e+02	8.368200836820083180e-04	1.413358335315766611e-04
1.020000000000000000e+02	8.368200836820083180e-04	1.427351982200081239e-04
1.030000000000000000e+02	8.368200836820083180e-04	1.441345629084395596e-04
1.040000000000000000e+02	8.368200836820083180e-04	1.455339275968710224e-04
1.050000000000000000e+02	8.368200836820083180e-04	1.469332922853024853e-04
1.060000000000000000e+02	8.368200836820083180e-04	1.483326569737339210e-04
1.070000000000000000e+02	8.368200836820083180e-04	1.497320216621653838e-04
1.080000000000000000e+02	8.368200836820083180e-04	1.511313863505968195e-04
1.090000000000000000e+02	8.368200836820083180e-04	1.525307510390282823e-04
1.100000000000000000e+02	8.368200836820083180e-04	1.539301157274597452e-04
1.110000000000000000e+02	8.368200836820083180e-04	1.553294804158911809e-04
1.120000000000000000e+02	8.368200836820083180e-04	1.567288451043226437e-04
1.130000000000000000e+02	8.368200836820083180e-04	1.581282097927540794e-04
1.140000000000000000e+02	8.368200836820083180e-04	1.595275744811855423e-04
1.150000000000000000e+02	8.368200836820083180e-04	1.609269391696170051e-04
1.160000000000000000e+02	8.368200836820083180e-04	1.623263038580484408e-04
1.170000000000000000e+02	8.368200836820083180e-04	1.637256685464799036e-04
1.180000000000000000e+02	8.368200836820083180e-04	1.651250332349113393e-04
1.190000000000000000e+02	8.368200836820083180e-04	1.665243979233428022e-04
1.200000000000000000e+02	8.368200836820083180e-04	1.679237626117742650e-04
1.210000000000000000e+02	8.368200836820083180e-04	1.693231273002057007e-04
1.220000000000000000e+02	8.368200836820083180e-04	1.707224919886371635e-04
1.230000000000000000e+02	8.368200836820083180e-04	1.721218566770685993e-04
1.240000000000000000e+02	8.368200836820083180e-04	1.735212213655000621e-04
1.250000000000000000e+02	8.368200836820083180e-04	1.749205860539315249e-04
1.260000000000000000e+02	8.368200836820083180e-04	1.763199507423629606e-04
1.270000000000000000e+02	8.368200836820083180e-04	1.777193154307944235e-04
1.280000000000000000e+02	8.368200836820083180e-04	1.791186801192258592e-04
1.290000000000000000e+02	8.368200836820083180e-04	1.805180448076573220e-04
1.300000000000000000e+02	8.368200836820083180e-04	1.819174094960887848e-04
1.310000000000000000e+02	8.368200836820083180e-04	1.833167741845202205e-04
1.320000000000000000e+02	8.368200836820083180e-04	1.847161388729516834e-04
1.330000000000000000e+02	8.368200836820083180e-04	1.861155035613831191e-04
1.340000000000000000e+02	8.368200836820083180e-04	1.875148682498145819e-04
1.350000000000000000e+02	8.368200836820083180e-04	1.889142329382460447e-04
1.360000000000000000e+02	8.368200836820083180e-04	1.903135976266774805e-04
1.370000000000000000e+02	8.368200836820083180e-04	1.917129623151089433e-04
1.380000000000000000e+02	8.368200836820083180e-04	1.931123270035404061e-04
1.390000000000000000e+02	8.368200836820083180e-04	1.945116916919718418e-04
1.400000000000000000e+02	8.368200836820083180e-04	1.959110563804033046e-04
1.410000000000000000e+02	8.368200836820083180e-04	1.973104210688347404e-04
1.420000000000000000e+02	8.368200836820083180e-04	1.987097857572662032e-04
1.430000000000000000e+02	8.368200836820083180e-04	2.001091504456976660e-04
1.440000000000000000e+02	8.368200836820083180e-04	2.015085151341291017e-04
1.450000000000000000e+02	8.368200836820083180e-04	2.029078798225605646e-04
1.460000000000000000e+02	8.368200836820083180e-04	2.043072445109920003e-04
1.470000000000000000e+02	8.368200836820083180e-04	2.057066091994234631e-04
1.480000000000000000e+02	8.368200836820083180e-04	2.071059738878549259e-04
1.490000000000000000e+02	8.368200836820083180e-04	2.085053385762863616e-04
1.500000000000000000e+02	8.368200836820083180e-04	2.099047032647178245e-04
1.510000000000000000e+02	8.368200836820083180e-04	2.113040679531492602e-04
1.520000000000000000e+02	8.368200836820083180e-04	2.127034326415807230e-04
1.530000000000000000e+02	8.368200836820083180e-04	2.141027973300121858e-04
1.540000000000000000e+02	8.368200836820083180e-04	2.155021620184436216e-04
1.550000000000000000e+02	8.368200836820083180e-04	2.169015267068750844e-04
1.560000000000000000e+02	8.368200836820083180e-04	2.183008913953065201e-04
1.570000000000000000e+02	8.368200836820083180e-04	2.197002560837379829e-04
1.580000000000000000e+02	8.368200836820083180e-04	2.210996207721694458e-04
1.590000000000000000e+02	8.368200836820083180e-04	2.224989854606008815e-04
1.600000000000000000e+02	8.368200836820083180e-04	2.238983501490323443e-04
1.610000000000000000e+02	8.368200836820083180e-04	2.252977148374637800e-04
1.620000000000000000e+02	8.368200836820083180e-04	2.266970795258952428e-04
1.630000000000000000e+02	8.368200836820083180e-04	2.280964442143267057e-04
1.640000000000000000e+02	8.368200836820083180e-04	2.294958089027581414e-04
1.650000000000000000e+02	8.368200836820083180e-04	2.308951735911896042e-04
1.660000000000000000e+02	8.368200836820083180e-04	2.322945382796210399e-04
1.670000000000000000e+02	8.368200836820083180e-04	2.336939029680525028e-04
1.680000000000000000e+02	8.368200836820083180e-04	2.350932676564839656e-04
1.690000000000000000e+02	8.368200836820083180e-04	2.364926323449154013e-04
1.700000000000000000e+02	8.368200836820083180e-04	2.378919970333468641e-04
1.710000000000000000e+02	8.368200836820083180e-04	2.392913617217782998e-04
1.720000000000000000e+02	8.368200836820083180e-04	2.406907264102097627e-04
1.730000000000000000e+02	8.368200836820083180e-04	2.420900910986412255e-04
1.740000000000000000e+02	8.368200836820083180e-04	2.434894557870726612e-04
1.750000000000000000e+02	8.368200836820083180e-04	2.448888204755041240e-04
1.760000000000000000e+02	8.368200836820083180e-04	2.462881851639355598e-04
1.770000000000000000e+02	8.368200836820083180e-04	2.476875498523670497e-04
1.780000000000000000e+02	8.368200836820083180e-04	2.490869145407984854e-04
1.790000000000000000e+02	8.368200836820083180e-04	2.504862792292299211e-04
1.800000000000000000e+02	8.368200836820083180e-04	2.518856439176613568e-04
1.810000000000000000e+02	8.368200836820083180e-04	2.532850086060928468e-04
1.820000000000000000e+02	8.368200836820083180e-04	2.546843732945242825e-04
1.830000000000000000e+02	8.368200836820083180e-04	2.560837379829557182e-04
1.840000000000000000e+02	8.368200836820083180e-04	2.574831026713872081e-04
1.850000000000000000e+02	8.368200836820083180e-04	2.588824673598186439e-04
1.860000000000000000e+02	8.368200836820083180e-04	2.602818320482500796e-04
1.870000000000000000e+02	8.368200836820083180e-04	2.616811967366815695e-04
1.880000000000000000e+02	8.368200836820083180e-04	2.630805614251130052e-04
1.890000000000000000e+02	8.368200836820083180e-04	2.644799261135444409e-04
1.900000000000000000e+02	8.368200836820083180e-04	2.658792908019758767e-04
1.910000000000000000e+02	8.368200836820083180e-04	2.672786554904073666e-04
1.920000000000000000e+02	8.368200836820083180e-04	2.686780201788388023e-04
1.930000000000000000e+02	8.368200836820083180e-04	2.700773848672702380e-04
1.940000000000000000e+02	8.368200836820083180e-04	2.714767495557017280e-04
1.950000000000000000e+02	8.368200836820083180e-04	2.728761142441331637e-04
1.960000000000000000e+02	8.368200836820083180e-04	2.742754789325645994e-04
1.970000000000000000e+02	8.368200836820083180e-04	2.756748436209960893e-04
1.980000000000000000e+02	8.368200836820083180e-04	2.770742083094275251e-04
1.990000000000000000e+02	8.368200836820083180e-04	2.784735729978589608e-04
2.000000000000000000e+02	8.368200836820083180e-04	2.798729376862904507e-04
2.010000000000000000e+02	8.368200836820083180e-04	2.812723023747218864e-04
2.020000000000000000e+02	8.368200836820083180e-04	2.826716670631533221e-04
2.030000000000000000e+02	8.368200836820083180e-04	2.840710317515847579e-04
2.040000000000000000e+02	8.368200836820083180e-04	2.854703964400162478e-04
2.050000000000000000e+02	8.368200836820083180e-04	2.868697611284476835e-04
2.060000000000000000e+02	8.368200836820083180e-04	2.882691258168791192e-04
2.070000000000000000e+02	8.368200836820083180e-04	2.896684905053106092e-04
2.080000000000000000e+02	8.368200836820083180e-04	2.910678551937420449e-04
2.090000000000000000e+02	8.368200836820083180e-04	2.924672198821734806e-04
2.100000000000000000e+02	8.368200836820083180e-04	2.938665845706049705e-04
2.110000000000000000e+02	8.368200836820083180e-04	2.952659492590364062e-04
2.120000000000000000e+02	8.368200836820083180e-04	2.966653139474678420e-04
2.130000000000000000e+02	8.368200836820083180e-04	2.980646786358992777e-04
2.140000000000000000e+02	8.368200836820083180e-04	2.994640433243307676e-04
2.150000000000000000e+02	8.368200836820083180e-04	3.008634080127622033e-04
2.160000000000000000e+02	8.368200836820083180e-04	3.022627727011936391e-04
2.170000000000000000e+02	8.368200836820083180e-04	3.036621373896251290e-04
2.180000000000000000e+02	8.368200836820083180e-04	3.050615020780565647e-04
2.190000000000000000e+02	8.368200836820083180e-04	3.064608667664880004e-04
2.200000000000000000e+02	8.368200836820083180e-04	3.078602314549194903e-04
2.210000000000000000e+02	8.368200836820083180e-04	3.092595961433509261e-04
2.220000000000000000e+02	8.368200836820083180e-04	3.106589608317823618e-04
2.230000000000000000e+02	8.368200836820083180e-04	3.120583255202137975e-04
2.240000000000000000e+02	8.368200836820083180e-04	3.134576902086452874e-04
2.250000000000000000e+02	8.368200836820083180e-04	3.148570548970767232e-04
2.260000000000000000e+02	8.368200836820083180e-04	3.162564195855081589e-04
2.270000000000000000e+02	8.368200836820083180e-04	3.176557842739396488e-04
2.280000000000000000e+02	8.368200836820083180e-04	3.190551489623710845e-04
2.290000000000000000e+02	8.368200836820083180e-04	3.204545136508025202e-04
2.300000000000000000e+02	8.368200836820083180e-04	3.218538783392340102e-04
2.310000000000000000e+02	8.368200836820083180e-04	3.232532430276654459e-04
2.320000000000000000e+02	8.368200836820083180e-04	3.246526077160968816e-04
2.330000000000000000e+02	8.368200836820083180e-04	3.260519724045283173e-04
2.340000000000000000e+02	8.368200836820083180e-04	3.274513370929598073e-04
2.350000000000000000e+02	8.368200836820083180e-04	3.288507017813912430e-04
2.360000000000000000e+02	8.368200836820083180e-04	3.302500664698226787e-04
2.370000000000000000e+02	8.368200836820083180e-04	3.316494311582541686e-04
2.380000000000000000e+02	8.368200836820083180e-04	3.330487958466856043e-04
2.390000000000000000e+02	8.368200836820083180e-04	3.344481605351170401e-04
2.400000000000000000e+02	8.368200836820083180e-04	3.358475252235485300e-04
2.410000000000000000e+02	8.368200836820083180e-04	3.372468899119799657e-04
2.420000000000000000e+02	8.368200836820083180e-04	3.386462546004114014e-04
2.430000000000000000e+02	8.368200836820083180e-04	3.400456192888428914e-04
2.440000000000000000e+02	8.368200836820083180e-04	3.414449839772743271e-04
2.450000000000000000e+02	8.368200836820083180e-04	3.428443486657057628e-04
2.460000000000000000e+02	8.368200836820083180e-04	3.442437133541371985e-04
2.470000000000000000e+02	8.368200836820083180e-04	3.456430780425686885e-04
2.480000000000000000e+02	8.368200836820083180e-04	3.470424427310001242e-04
2.490000000000000000e+02	8.368200836820083180e-04	3.484418074194315599e-04
2.500000000000000000e+02	8.368200836820083180e-04	3.498411721078630498e-04
2.510000000000000000e+02	8.368200836820083180e-04	3.512405367962944855e-04
2.520000000000000000e+02	8.368200836820083180e-04	3.526399014847259213e-04
2.530000000000000000e+02	8.368200836820083180e-04	3.540392661731574112e-04
2.540000000000000000e+02	8.368200836820083180e-04	3.554386308615888469e-04
2.550000000000000000e+02	8.368200836820083180e-04	3.568379955500202826e-04
2.560000000000000000e+02	8.368200836820083180e-04	3.582373602384517183e-04
2.570000000000000000e+02	8.368200836820083180e-04	3.596367249268832083e-04
2.580000000000000000e+02	8.368200836820083180e-04	3.610360896153146440e-04
2.590000000000000000e+02	8.368200836820083180e-04	3.624354543037460797e-04
2.600000000000000000e+02	8.368200836820083180e-04	3.638348189921775696e-04
2.610000000000000000e+02	8.368200836820083180e-04	3.652341836806090054e-04
2.620000000000000000e+02	8.368200836820083180e-04	3.666335483690404411e-04
2.630000000000000000e+02	8.368200836820083180e-04	3.680329130574719310e-04
2.640000000000000000e+02	8.368200836820083180e-04	3.694322777459033667e-04
2.650000000000000000e+02	8.368200836820083180e-04	3.708316424343348025e-04
2.660000000000000000e+02	8.368200836820083180e-04	3.722310071227662382e-04
2.670000000000000000e+02	8.368200836820083180e-04	3.736303718111977281e-04
2.680000000000000000e+02	8.368200836820083180e-04	3.750297364996291638e-04
2.690000000000000000e+02	8.368200836820083180e-04	3.764291011880605995e-04
2.700000000000000000e+02	8.368200836820083180e-04	3.778284658764920895e-04
2.710000000000000000e+02	8.368200836820083180e-04	3.792278305649235252e-04
2.720000000000000000e+02	8.368200836820083180e-04	3.806271952533549609e-04
2.730000000000000000e+02	8.368200836820083180e-04	3.820265599417864508e-04
2.740000000000000000e+02	8.368200836820083180e-04	3.834259246302178866e-04
2.750000000000000000e+02	8.368200836820083180e-04	3.848252893186493223e-04
2.760000000000000000e+02	8.368200836820083180e-04	3.862246540070808122e-04
2.770000000000000000e+02	8.368200836820083180e-04	3.876240186955122479e-04
2.780000000000000000e+02	8.368200836820083180e-04	3.890233833839436836e-04
2.790000000000000000e+02	8.368200836820083180e-04	3.904227480723751194e-04
2.800000000000000000e+02	8.368200836820083180e-04	3.918221127608066093e-04
2.810000000000000000e+02	8.368200836820083180e-04	3.932214774492380450e-04
2.820000000000000000e+02	8.368200836820083180e-04	3.946208421376694807e-04
2.830000000000000000e+02	8.368200836820083180e-04	3.960202068261009707e-04
2.840000000000000000e+02	8.368200836820083180e-04	3.974195715145324064e-04
2.850000000000000000e+02	8.368200836820083180e-04	3.988189362029638421e-04
2.860000000000000000e+02	8.368200836820083180e-04	4.002183008913953320e-04
2.870000000000000000e+02	8.368200836820083180e-04	4.016176655798267678e-04
2.880000000000000000e+02	8.368200836820083180e-04	4.030170302682582035e-04
2.890000000000000000e+02	8.368200836820083180e-04	4.044163949566896392e-04
2.900000000000000000e+02	8.368200836820083180e-04	4.058157596451211291e-04
2.910000000000000000e+02	8.368200836820083180e-04	4.072151243335525648e-04
2.920000000000000000e+02	8.368200836820083180e-04	4.086144890219840006e-04
2.930000000000000000e+02	8.368200836820083180e-04	4.100138537104154905e-04
2.940000000000000000e+02	8.368200836820083180e-04	4.114132183988469262e-04
2.950000000000000000e+02	8.368200836820083180e-04	4.128125830872783619e-04
2.960000000000000000e+02	8.368200836820083180e-04	4.142119477757098519e-04
2.970000000000000000e+02	8.368200836820083180e-04	4.156113124641412876e-04
2.980000000000000000e+02	8.368200836820083180e-04	4.170106771525727233e-04
2.990000000000000000e+02	8.368200836820083180e-04	4.184100418410041590e-04
3.000000000000000000e+02	8.368200836820083180e-04	4.198094065294356489e-04
3.010000000000000000e+02	8.368200836820083180e-04	4.212087712178670847e-04
3.020000000000000000e+02	8.368200836820083180e-04	4.226081359062985204e-04
3.030000000000000000e+02	8.368200836820083180e-04	4.240075005947300103e-04
3.040000000000000000e+02	8.368200836820083180e-04	4.254068652831614460e-04
3.050000000000000000e+02	8.368200836820083180e-04	4.268062299715928818e-04
3.060000000000000000e+02	8.368200836820083180e-04	4.282055946600243717e-04
3.070000000000000000e+02	8.368200836820083180e-04	4.296049593484558074e-04
3.080000000000000000e+02	8.368200836820083180e-04	4.310043240368872431e-04
3.090000000000000000e+02	8.368200836820083180e-04	4.324036887253186788e-04
3.100000000000000000e+02	8.368200836820083180e-04	4.338030534137501688e-04
3.110000000000000000e+02	8.368200836820083180e-04	4.352024181021816045e-04
3.120000000000000000e+02	8.368200836820083180e-04	4.366017827906130402e-04
3.130000000000000000e+02	8.368200836820083180e-04	4.380011474790445301e-04
3.140000000000000000e+02	8.368200836820083180e-04	4.394005121674759659e-04
3.150000000000000000e+02	8.368200836820083180e-04	4.407998768559074016e-04
3.160000000000000000e+02	8.368200836820083180e-04	4.421992415443388915e-04
3.170000000000000000e+02	8.368200836820083180e-04	4.435986062327703272e-04
3.180000000000000000e+02	8.368200836820083180e-04	4.449979709212017629e-04
3.190000000000000000e+02	8.368200836820083180e-04	4.463973356096332529e-04
3.200000000000000000e+02	8.368200836820083180e-04	4.477967002980646886e-04
3.210000000000000000e+02	8.368200836820083180e-04	4.491960649864961243e-04
3.220000000000000000e+02	8.368200836820083180e-04	4.505954296749275600e-04
3.230000000000000000e+02	8.368200836820083180e-04	4.519947943633590500e-04
3.240000000000000000e+02	8.368200836820083180e-04	4.533941590517904857e-04
3.250000000000000000e+02	8.368200836820083180e-04	4.547935237402219214e-04
3.260000000000000000e+02	8.368200836820083180e-04	4.561928884286534113e-04
3.270000000000000000e+02	8.368200836820083180e-04	4.575922531170848470e-04
3.280000000000000000e+02	8.368200836820083180e-04	4.589916178055162828e-04
3.290000000000000000e+02	8.368200836820083180e-04	4.603909824939477727e-04
3.300000000000000000e+02	8.368200836820083180e-04	4.617903471823792084e-04
3.310000000000000000e+02	8.368200836820083180e-04	4.631897118708106441e-04
3.320000000000000000e+02	8.368200836820083180e-04	4.645890765592420799e-04
3.330000000000000000e+02	8.368200836820083180e-04	4.659884412476735698e-04
3.340000000000000000e+02	8.368200836820083180e-04	4.673878059361050055e-04
3.350000000000000000e+02	8.368200836820083180e-04	4.687871706245364412e-04
3.360000000000000000e+02	8.368200836820083180e-04	4.701865353129679312e-04
3.370000000000000000e+02	8.368200836820083180e-04	4.715859000013993669e-04
3.380000000000000000e+02	8.368200836820083180e-04	4.729852646898308026e-04
3.390000000000000000e+02	8.368200836820083180e-04	4.743846293782622925e-04
3.400000000000000000e+02	8.368200836820083180e-04	4.757839940666937282e-04
3.410000000000000000e+02	8.368200836820083180e-04	4.771833587551251640e-04
3.420000000000000000e+02	8.368200836820083180e-04	4.785827234435565997e-04
3.430000000000000000e+02	8.368200836820083180e-04	4.799820881319880896e-04
3.440000000000000000e+02	8.368200836820083180e-04	4.813814528204195253e-04
3.450000000000000000e+02	8.368200836820083180e-04	4.827808175088509610e-04
3.460000000000000000e+02	8.368200836820083180e-04	4.841801821972824510e-04
3.470000000000000000e+02	8.368200836820083180e-04	4.855795468857138867e-04
3.480000000000000000e+02	8.368200836820083180e-04	4.869789115741453224e-04
3.490000000000000000e+02	8.368200836820083180e-04	4.883782762625767581e-04
3.500000000000000000e+02	8.368200836820083180e-04	4.897776409510082481e-04
3.510000000000000000e+02	8.368200836820083180e-04	4.911770056394397380e-04
3.520000000000000000e+02	8.368200836820083180e-04	4.925763703278711195e-04
3.530000000000000000e+02	8.368200836820083180e-04	4.939757350163026094e-04
3.540000000000000000e+02	8.368200836820083180e-04	4.953750997047340994e-04
3.550000000000000000e+02	8.368200836820083180e-04	4.967744643931654809e-04
3.560000000000000000e+02	8.368200836820083180e-04	4.981738290815969708e-04
3.570000000000000000e+02	8.368200836820083180e-04	4.995731937700284607e-04
3.580000000000000000e+02	8.368200836820083180e-04	5.009725584584598422e-04
3.590000000000000000e+02	8.368200836820083180e-04	5.023719231468913322e-04
3.600000000000000000e+02	8.368200836820083180e-04	5.037712878353227137e-04
3.610000000000000000e+02	8.368200836820083180e-04	5.051706525237542036e-04
3.620000000000000000e+02	8.368200836820083180e-04	5.065700172121856935e-04
3.630000000000000000e+02	8.368200836820083180e-04	5.079693819006170750e-04
3.640000000000000000e+02	8.368200836820083180e-04	5.093687465890485650e-04
3.650000000000000000e+02	8.368200836820083180e-04	5.107681112774800549e-04
3.660000000000000000e+02	8.368200836820083180e-04	5.121674759659114364e-04
3.670000000000000000e+02	8.368200836820083180e-04	5.135668406543429263e-04
3.680000000000000000e+02	8.368200836820083180e-04	5.149662053427744163e-04
3.690000000000000000e+02	8.368200836820083180e-04	5.163655700312057978e-04
3.700000000000000000e+02	8.368200836820083180e-04	5.177649347196372877e-04
3.710000000000000000e+02	8.368200836820083180e-04	5.191642994080687776e-04
3.720000000000000000e+02	8.368200836820083180e-04	5.205636640965001592e-04
3.730000000000000000e+02	8.368200836820083180e-04	5.219630287849316491e-04
3.740000000000000000e+02	8.368200836820083180e-04	5.233623934733631390e-04
3.750000000000000000e+02	8.368200836820083180e-04	5.247617581617945205e-04
3.760000000000000000e+02	8.368200836820083180e-04	5.261611228502260105e-04
3.770000000000000000e+02	8.368200836820083180e-04	5.275604875386575004e-04
3.780000000000000000e+02	8.368200836820083180e-04	5.289598522270888819e-04
3.790000000000000000e+02	8.368200836820083180e-04	5.303592169155203718e-04
3.800000000000000000e+02	8.368200836820083180e-04	5.317585816039517533e-04
3.810000000000000000e+02	8.368200836820083180e-04	5.331579462923832433e-04
3.820000000000000000e+02	8.368200836820083180e-04	5.345573109808147332e-04
3.830000000000000000e+02	8.368200836820083180e-04	5.359566756692461147e-04
3.840000000000000000e+02	8.368200836820083180e-04	5.373560403576776046e-04
3.850000000000000000e+02	8.368200836820083180e-04	5.387554050461090946e-04
3.860000000000000000e+02	8.368200836820083180e-04	5.401547697345404761e-04
3.870000000000000000e+02	8.368200836820083180e-04	5.415541344229719660e-04
3.880000000000000000e+02	8.368200836820083180e-04	5.429534991114034559e-04
3.890000000000000000e+02	8.368200836820083180e-04	5.443528637998348374e-04
3.900000000000000000e+02	8.368200836820083180e-04	5.457522284882663274e-04
3.910000000000000000e+02	8.368200836820083180e-04	5.471515931766978173e-04
3.920000000000000000e+02	8.368200836820083180e-04	5.485509578651291988e-04
3.930000000000000000e+02	8.368200836820083180e-04	5.499503225535606887e-04
3.940000000000000000e+02	8.368200836820083180e-04	5.513496872419921787e-04
3.950000000000000000e+02	8.368200836820083180e-04	5.527490519304235602e-04
3.960000000000000000e+02	8.368200836820083180e-04	5.541484166188550501e-04
3.970000000000000000e+02	8.368200836820083180e-04	5.555477813072865400e-04
3.980000000000000000e+02	8.368200836820083180e-04	5.569471459957179215e-04
3.990000000000000000e+02	8.368200836820083180e-04	5.583465106841494115e-04
4.000000000000000000e+02	8.368200836820083180e-04	5.597458753725809014e-04
4.010000000000000000e+02	8.368200836820083180e-04	5.611452400610122829e-04
4.020000000000000000e+02	8.368200836820083180e-04	5.625446047494437728e-04
4.030000000000000000e+02	8.368200836820083180e-04	5.639439694378751543e-04
4.040000000000000000e+02	8.368200836820083180e-04	5.653433341263066443e-04
4.050000000000000000e+02	8.368200836820083180e-04	5.667426988147381342e-04
4.060000000000000000e+02	8.368200836820083180e-04	5.681420635031695157e-04
4.070000000000000000e+02	8.368200836820083180e-04	5.695414281916010056e-04
4.080000000000000000e+02	8.368200836820083180e-04	5.709407928800324956e-04
4.090000000000000000e+02	8.368200836820083180e-04	5.723401575684638771e-04
4.100000000000000000e+02	8.368200836820083180e-04	5.737395222568953670e-04
4.110000000000000000e+02	8.368200836820083180e-04	5.751388869453268569e-04
4.120000000000000000e+02	8.368200836820083180e-04	5.765382516337582385e-04
4.130000000000000000e+02	8.368200836820083180e-04	5.779376163221897284e-04
4.140000000000000000e+02	8.368200836820083180e-04	5.793369810106212183e-04
4.150000000000000000e+02	8.368200836820083180e-04	5.807363456990525998e-04
4.160000000000000000e+02	8.368200836820083180e-04	5.821357103874840897e-04
4.170000000000000000e+02	8.368200836820083180e-04	5.835350750759155797e-04
4.180000000000000000e+02	8.368200836820083180e-04	5.849344397643469612e-04
4.190000000000000000e+02	8.368200836820083180e-04	5.863338044527784511e-04
4.200000000000000000e+02	8.368200836820083180e-04	5.877331691412099410e-04
4.210000000000000000e+02	8.368200836820083180e-04	5.891325338296413226e-04
4.220000000000000000e+02	8.368200836820083180e-04	5.905318985180728125e-04
4.230000000000000000e+02	8.368200836820083180e-04	5.919312632065041940e-04
4.240000000000000000e+02	8.368200836820083180e-04	5.933306278949356839e-04
4.250000000000000000e+02	8.368200836820083180e-04	5.947299925833671739e-04
4.260000000000000000e+02	8.368200836820083180e-04	5.961293572717985554e-04
4.270000000000000000e+02	8.368200836820083180e-04	5.975287219602300453e-04
4.280000000000000000e+02	8.368200836820083180e-04	5.989280866486615352e-04
4.290000000000000000e+02	8.368200836820083180e-04	6.003274513370929167e-04
4.300000000000000000e+02	8.368200836820083180e-04	6.017268160255244067e-04
4.310000000000000000e+02	8.368200836820083180e-04	6.031261807139558966e-04
4.320000000000000000e+02	8.368200836820083180e-04	6.045255454023872781e-04
4.330000000000000000e+02	8.368200836820083180e-04	6.059249100908187680e-04
4.340000000000000000e+02	8.368200836820083180e-04	6.073242747792502580e-04
4.350000000000000000e+02	8.368200836820083180e-04	6.087236394676816395e-04
4.360000000000000000e+02	8.368200836820083180e-04	6.101230041561131294e-04
4.370000000000000000e+02	8.368200836820083180e-04	6.115223688445446193e-04
4.380000000000000000e+02	8.368200836820083180e-04	6.129217335329760008e-04
4.390000000000000000e+02	8.368200836820083180e-04	6.143210982214074908e-04
4.400000000000000000e+02	8.368200836820083180e-04	6.157204629098389807e-04
4.410000000000000000e+02	8.368200836820083180e-04	6.171198275982703622e-04
4.420000000000000000e+02	8.368200836820083180e-04	6.185191922867018521e-04
4.430000000000000000e+02	8.368200836820083180e-04	6.199185569751333421e-04
4.440000000000000000e+02	8.368200836820083180e-04	6.213179216635647236e-04
4.450000000000000000e+02	8.368200836820083180e-04	6.227172863519962135e-04
4.460000000000000000e+02	8.368200836820083180e-04	6.241166510404275950e-04
4.470000000000000000e+02	8.368200836820083180e-04	6.255160157288590849e-04
4.480000000000000000e+02	8.368200836820083180e-04	6.269153804172905749e-04
4.490000000000000000e+02	8.368200836820083180e-04	6.283147451057219564e-04
4.500000000000000000e+02	8.368200836820083180e-04	6.297141097941534463e-04
4.510000000000000000e+02	8.368200836820083180e-04	6.311134744825849362e-04
4.520000000000000000e+02	8.368200836820083180e-04	6.325128391710163177e-04
4.530000000000000000e+02	8.368200836820083180e-04	6.339122038594478077e-04
4.540000000000000000e+02	8.368200836820083180e-04	6.353115685478792976e-04
4.550000000000000000e+02	8.368200836820083180e-04	6.367109332363106791e-04
4.560000000000000000e+02	8.368200836820083180e-04	6.381102979247421690e-04
4.570000000000000000e+02	8.368200836820083180e-04	6.395096626131736590e-04
4.580000000000000000e+02	8.368200836820083180e-04	6.409090273016050405e-04
4.590000000000000000e+02	8.368200836820083180e-04	6.423083919900365304e-04
4.600000000000000000e+02	8.368200836820083180e-04	6.437077566784680203e-04
4.610000000000000000e+02	8.368200836820083180e-04	6.451071213668994019e-04
4.620000000000000000e+02	8.368200836820083180e-04	6.465064860553308918e-04
4.630000000000000000e+02	8.368200836820083180e-04	6.479058507437623817e-04
4.640000000000000000e+02	8.368200836820083180e-04	6.493052154321937632e-04
4.650000000000000000e+02	8.368200836820083180e-04	6.507045801206252532e-04
4.660000000000000000e+02	8.368200836820083180e-04	6.521039448090566347e-04
4.670000000000000000e+02	8.368200836820083180e-04	6.535033094974881246e-04
4.680000000000000000e+02	8.368200836820083180e-04	6.549026741859196145e-04
4.690000000000000000e+02	8.368200836820083180e-04	6.563020388743509960e-04
4.700000000000000000e+02	8.368200836820083180e-04	6.577014035627824860e-04
4.710000000000000000e+02	8.368200836820083180e-04	6.591007682512139759e-04
4.720000000000000000e+02	8.368200836820083180e-04	6.605001329396453574e-04
4.730000000000000000e+02	8.368200836820083180e-04	6.618994976280768473e-04
4.740000000000000000e+02	8.368200836820083180e-04	6.632988623165083373e-04
4.750000000000000000e+02	8.368200836820083180e-04	6.646982270049397188e-04
4.760000000000000000e+02	8.368200836820083180e-04	6.660975916933712087e-04
4.770000000000000000e+02	8.368200836820083180e-04	6.674969563818026986e-04
4.780000000000000000e+02	8.368200836820083180e-04	6.688963210702340801e-04
4.790000000000000000e+02	8.368200836820083180e-04	6.702956857586655701e-04
4.800000000000000000e+02	8.368200836820083180e-04	6.716950504470970600e-04
4.810000000000000000e+02	8.368200836820083180e-04	6.730944151355284415e-04
4.820000000000000000e+02	8.368200836820083180e-04	6.744937798239599314e-04
4.830000000000000000e+02	8.368200836820083180e-04	6.758931445123914214e-04
4.840000000000000000e+02	8.368200836820083180e-04	6.772925092008228029e-04
4.850000000000000000e+02	8.368200836820083180e-04	6.786918738892542928e-04
4.860000000000000000e+02	8.368200836820083180e-04	6.800912385776857827e-04
4.870000000000000000e+02	8.368200836820083180e-04	6.814906032661171642e-04
4.880000000000000000e+02	8.368200836820083180e-04	6.828899679545486542e-04
4.890000000000000000e+02	8.368200836820083180e-04	6.842893326429800357e-04
4.900000000000000000e+02	8.368200836820083180e-04	6.856886973314115256e-04
4.910000000000000000e+02	8.368200836820083180e-04	6.870880620198430155e-04
4.920000000000000000e+02	8.368200836820083180e-04	6.884874267082743970e-04
4.930000000000000000e+02	8.368200836820083180e-04	6.898867913967058870e-04
4.940000000000000000e+02	8.368200836820083180e-04	6.912861560851373769e-04
4.950000000000000000e+02	8.368200836820083180e-04	6.926855207735687584e-04
4.960000000000000000e+02	8.368200836820083180e-04	6.940848854620002483e-04
4.970000000000000000e+02	8.368200836820083180e-04	6.954842501504317383e-04
4.980000000000000000e+02	8.368200836820083180e-04	6.968836148388631198e-04
4.990000000000000000e+02	8.368200836820083180e-04	6.982829795272946097e-04
5.000000000000000000e+02	8.368200836820083180e-04	6.996823442157260996e-04
5.010000000000000000e+02	8.368200836820083180e-04	7.010817089041574812e-04
5.020000000000000000e+02	8.368200836820083180e-04	7.024810735925889711e-04
5.030000000000000000e+02	8.368200836820083180e-04	7.038804382810204610e-04
5.040000000000000000e+02	8.368200836820083180e-04	7.052798029694518425e-04
5.050000000000000000e+02	8.368200836820083180e-04	7.066791676578833324e-04
5.060000000000000000e+02	8.368200836820083180e-04	7.080785323463148224e-04
5.070000000000000000e+02	8.368200836820083180e-04	7.094778970347462039e-04
5.080000000000000000e+02	8.368200836820083180e-04	7.108772617231776938e-04
5.090000000000000000e+02	8.368200836820083180e-04	7.122766264116090753e-04
5.100000000000000000e+02	8.368200836820083180e-04	7.136759911000405653e-04
5.110000000000000000e+02	8.368200836820083180e-04	7.150753557884720552e-04
5.120000000000000000e+02	8.368200836820083180e-04	7.164747204769034367e-04
5.130000000000000000e+02	8.368200836820083180e-04	7.178740851653349266e-04
5.140000000000000000e+02	8.368200836820083180e-04	7.192734498537664166e-04
5.150000000000000000e+02	8.368200836820083180e-04	7.206728145421977981e-04
5.160000000000000000e+02	8.368200836820083180e-04	7.220721792306292880e-04
5.170000000000000000e+02	8.368200836820083180e-04	7.234715439190607779e-04
5.180000000000000000e+02	8.368200836820083180e-04	7.248709086074921594e-04
5.190000000000000000e+02	8.368200836820083180e-04	7.262702732959236494e-04
5.200000000000000000e+02	8.368200836820083180e-04	7.276696379843551393e-04
5.210000000000000000e+02	8.368200836820083180e-04	7.290690026727865208e-04
5.220000000000000000e+02	8.368200836820083180e-04	7.304683673612180107e-04
5.230000000000000000e+02	8.368200836820083180e-04	7.318677320496495007e-04
5.240000000000000000e+02	8.368200836820083180e-04	7.332670967380808822e-04
5.250000000000000000e+02	8.368200836820083180e-04	7.346664614265123721e-04
5.260000000000000000e+02	8.368200836820083180e-04	7.360658261149438620e-04
5.270000000000000000e+02	8.368200836820083180e-04	7.374651908033752435e-04
5.280000000000000000e+02	8.368200836820083180e-04	7.388645554918067335e-04
5.290000000000000000e+02	8.368200836820083180e-04	7.402639201802382234e-04
5.300000000000000000e+02	8.368200836820083180e-04	7.416632848686696049e-04
5.310000000000000000e+02	8.368200836820083180e-04	7.430626495571010948e-04
5.320000000000000000e+02	8.368200836820083180e-04	7.444620142455324763e-04
5.330000000000000000e+02	8.368200836820083180e-04	7.458613789339639663e-04
5.340000000000000000e+02	8.368200836820083180e-04	7.472607436223954562e-04
5.350000000000000000e+02	8.368200836820083180e-04	7.486601083108268377e-04
5.360000000000000000e+02	8.368200836820083180e-04	7.500594729992583276e-04
5.370000000000000000e+02	8.368200836820083180e-04	7.514588376876898176e-04
5.380000000000000000e+02	8.368200836820083180e-04	7.528582023761211991e-04
5.390000000000000000e+02	8.368200836820083180e-04	7.542575670645526890e-04
5.400000000000000000e+02	8.368200836820083180e-04	7.556569317529841789e-04
5.410000000000000000e+02	8.368200836820083180e-04	7.570562964414155604e-04
5.420000000000000000e+02	8.368200836820083180e-04	7.584556611298470504e-04
5.430000000000000000e+02	8.368200836820083180e-04	7.598550258182785403e-04
5.440000000000000000e+02	8.368200836820083180e-04	7.612543905067099218e-04
5.450000000000000000e+02	8.368200836820083180e-04	7.626537551951414117e-04
5.460000000000000000e+02	8.368200836820083180e-04	7.640531198835729017e-04
5.470000000000000000e+02	8.368200836820083180e-04	7.654524845720042832e-04
5.480000000000000000e+02	8.368200836820083180e-04	7.668518492604357731e-04
5.490000000000000000e+02	8.368200836820083180e-04	7.682512139488672630e-04
5.500000000000000000e+02	8.368200836820083180e-04	7.696505786372986446e-04
5.510000000000000000e+02	8.368200836820083180e-04	7.710499433257301345e-04
5.520000000000000000e+02	8.368200836820083180e-04	7.724493080141616244e-04
5.530000000000000000e+02	8.368200836820083180e-04	7.738486727025930059e-04
5.540000000000000000e+02	8.368200836820083180e-04	7.752480373910244959e-04
5.550000000000000000e+02	8.368200836820083180e-04	7.766474020794558774e-04
5.560000000000000000e+02	8.368200836820083180e-04	7.780467667678873673e-04
5.570000000000000000e+02	8.368200836820083180e-04	7.794461314563188572e-04
5.580000000000000000e+02	8.368200836820083180e-04	7.808454961447502387e-04
5.590000000000000000e+02	8.368200836820083180e-04	7.822448608331817287e-04
5.600000000000000000e+02	8.368200836820083180e-04	7.836442255216132186e-04
5.610000000000000000e+02	8.368200836820083180e-04	7.850435902100446001e-04
5.620000000000000000e+02	8.368200836820083180e-04	7.864429548984760900e-04
5.630000000000000000e+02	8.368200836820083180e-04	7.878423195869075800e-04
5.640000000000000000e+02	8.368200836820083180e-04	7.892416842753389615e-04
5.650000000000000000e+02	8.368200836820083180e-04	7.906410489637704514e-04
5.660000000000000000e+02	8.368200836820083180e-04	7.920404136522019413e-04
5.670000000000000000e+02	8.368200836820083180e-04	7.934397783406333228e-04
5.680000000000000000e+02	8.368200836820083180e-04	7.948391430290648128e-04
5.690000000000000000e+02	8.368200836820083180e-04	7.962385077174963027e-04
5.700000000000000000e+02	8.368200836820083180e-04	7.976378724059276842e-04
5.710000000000000000e+02	8.368200836820083180e-04	7.990372370943591741e-04
5.720000000000000000e+02	8.368200836820083180e-04	8.004366017827906641e-04
5.730000000000000000e+02	8.368200836820083180e-04	8.018359664712220456e-04
5.740000000000000000e+02	8.368200836820083180e-04	8.032353311596535355e-04
5.750000000000000000e+02	8.368200836820083180e-04	8.046346958480849170e-04
5.760000000000000000e+02	8.368200836820083180e-04	8.060340605365164069e-04
5.770000000000000000e+02	8.368200836820083180e-04	8.074334252249478969e-04
5.780000000000000000e+02	8.368200836820083180e-04	8.088327899133792784e-04
5.790000000000000000e+02	8.368200836820083180e-04	8.102321546018107683e-04
5.800000000000000000e+02	8.368200836820083180e-04	8.116315192902422582e-04
5.810000000000000000e+02	8.368200836820083180e-04	8.130308839786736397e-04
5.820000000000000000e+02	8.368200836820083180e-04	8.144302486671051297e-04
5.830000000000000000e+02	8.368200836820083180e-04	8.158296133555366196e-04
5.840000000000000000e+02	8.368200836820083180e-04	8.172289780439680011e-04
5.850000000000000000e+02	8.368200836820083180e-04	8.186283427323994910e-04
5.860000000000000000e+02	8.368200836820083180e-04	8.200277074208309810e-04
5.870000000000000000e+02	8.368200836820083180e-04	8.214270721092623625e-04
5.880000000000000000e+02	8.368200836820083180e-04	8.228264367976938524e-04
5.890000000000000000e+02	8.368200836820083180e-04	8.242258014861253423e-04
5.900000000000000000e+02	8.368200836820083180e-04	8.256251661745567239e-04
5.910000000000000000e+02	8.368200836820083180e-04	8.270245308629882138e-04
5.920000000000000000e+02	8.368200836820083180e-04	8.284238955514197037e-04
5.930000000000000000e+02	8.368200836820083180e-04	8.298232602398510852e-04
5.940000000000000000e+02	8.368200836820083180e-04	8.312226249282825752e-04
5.950000000000000000e+02	8.368200836820083180e-04	8.326219896167140651e-04
5.960000000000000000e+02	8.368200836820083180e-04	8.340213543051454466e-04
5.970000000000000000e+02	8.368200836820083180e-04	8.354207189935769365e-04
5.980000000000000000e+02	8.368200836820083180e-04	8.368200836820083180e-04
5.990000000000000000e+02	8.368200836820083180e-04	8.382194483704398080e-04
6.000000000000000000e+02	8.368200836820083180e-04	8.396188130588712979e-04
6.010000000000000000e+02	8.368200836820083180e-04	8.410181777473026794e-04
6.020000000000000000e+02	8.368200836820083180e-04	8.424175424357341693e-04
6.030000000000000000e+02	8.368200836820083180e-04	8.438169071241656593e-04
6.040000000000000000e+02	8.368200836820083180e-04	8.452162718125970408e-04
6.050000000000000000e+02	8.368200836820083180e-04	8.466156365010285307e-04
6.060000000000000000e+02	8.368200836820083180e-04	8.480150011894600206e-04
6.070000000000000000e+02	8.368200836820083180e-04	8.494143658778914021e-04
6.080000000000000000e+02	8.368200836820083180e-04	8.508137305663228921e-04
6.090000000000000000e+02	8.368200836820083180e-04	8.522130952547543820e-04
6.100000000000000000e+02	8.368200836820083180e-04	8.536124599431857635e-04
6.110000000000000000e+02	8.368200836820083180e-04	8.550118246316172534e-04
6.120000000000000000e+02	8.368200836820083180e-04	8.564111893200487434e-04
6.130000000000000000e+02	8.368200836820083180e-04	8.578105540084801249e-04
6.140000000000000000e+02	8.368200836820083180e-04	8.592099186969116148e-04
6.150000000000000000e+02	8.368200836820083180e-04	8.606092833853431047e-04
6.160000000000000000e+02	8.368200836820083180e-04	8.620086480737744862e-04
6.170000000000000000e+02	8.368200836820083180e-04	8.634080127622059762e-04
6.180000000000000000e+02	8.368200836820083180e-04	8.648073774506373577e-04
6.190000000000000000e+02	8.368200836820083180e-04	8.662067421390688476e-04
6.200000000000000000e+02	8.368200836820083180e-04	8.676061068275003375e-04
6.210000000000000000e+02	8.368200836820083180e-04	8.690054715159317190e-04
6.220000000000000000e+02	8.368200836820083180e-04	8.704048362043632090e-04
6.230000000000000000e+02	8.368200836820083180e-04	8.718042008927946989e-04
6.240000000000000000e+02	8.368200836820083180e-04	8.732035655812260804e-04
6.250000000000000000e+02	8.368200836820083180e-04	8.746029302696575703e-04
6.260000000000000000e+02	8.368200836820083180e-04	8.760022949580890603e-04
6.270000000000000000e+02	8.368200836820083180e-04	8.774016596465204418e-04
6.280000000000000000e+02	8.368200836820083180e-04	8.788010243349519317e-04
6.290000000000000000e+02	8.368200836820083180e-04	8.802003890233834216e-04
6.300000000000000000e+02	8.368200836820083180e-04	8.815997537118148032e-04
6.310000000000000000e+02	8.368200836820083180e-04	8.829991184002462931e-04
6.320000000000000000e+02	8.368200836820083180e-04	8.843984830886777830e-04
6.330000000000000000e+02	8.368200836820083180e-04	8.857978477771091645e-04
6.340000000000000000e+02	8.368200836820083180e-04	8.871972124655406544e-04
6.350000000000000000e+02	8.368200836820083180e-04	8.885965771539721444e-04
6.360000000000000000e+02	8.368200836820083180e-04	8.899959418424035259e-04
6.370000000000000000e+02	8.368200836820083180e-04	8.913953065308350158e-04
6.380000000000000000e+02	8.368200836820083180e-04	8.927946712192665057e-04
6.390000000000000000e+02	8.368200836820083180e-04	8.941940359076978873e-04
6.400000000000000000e+02	8.368200836820083180e-04	8.955934005961293772e-04
6.410000000000000000e+02	8.368200836820083180e-04	8.969927652845607587e-04
6.420000000000000000e+02	8.368200836820083180e-04	8.983921299729922486e-04
6.430000000000000000e+02	8.368200836820083180e-04	8.997914946614237386e-04
6.440000000000000000e+02	8.368200836820083180e-04	9.011908593498551201e-04
6.450000000000000000e+02	8.368200836820083180e-04	9.025902240382866100e-04
6.460000000000000000e+02	8.368200836820083180e-04	9.039895887267180999e-04
6.470000000000000000e+02	8.368200836820083180e-04	9.053889534151494814e-04
6.480000000000000000e+02	8.368200836820083180e-04	9.067883181035809714e-04
6.490000000000000000e+02	8.368200836820083180e-04	9.081876827920124613e-04
6.500000000000000000e+02	8.368200836820083180e-04	9.095870474804438428e-04
6.510000000000000000e+02	8.368200836820083180e-04	9.109864121688753327e-04
6.520000000000000000e+02	8.368200836820083180e-04	9.123857768573068227e-04
6.530000000000000000e+02	8.368200836820083180e-04	9.137851415457382042e-04
6.540000000000000000e+02	8.368200836820083180e-04	9.151845062341696941e-04
6.550000000000000000e+02	8.368200836820083180e-04	9.165838709226011840e-04
6.560000000000000000e+02	8.368200836820083180e-04	9.179832356110325655e-04
6.570000000000000000e+02	8.368200836820083180e-04	9.193826002994640555e-04
6.580000000000000000e+02	8.368200836820083180e-04	9.207819649878955454e-04
6.590000000000000000e+02	8.368200836820083180e-04	9.221813296763269269e-04
6.600000000000000000e+02	8.368200836820083180e-04	9.235806943647584168e-04
6.610000000000000000e+02	8.368200836820083180e-04	9.249800590531897983e-04
6.620000000000000000e+02	8.368200836820083180e-04	9.263794237416212883e-04
6.630000000000000000e+02	8.368200836820083180e-04	9.277787884300527782e-04
6.640000000000000000e+02	8.368200836820083180e-04	9.291781531184841597e-04
6.650000000000000000e+02	8.368200836820083180e-04	9.305775178069156496e-04
6.660000000000000000e+02	8.368200836820083180e-04	9.319768824953471396e-04
6.670000000000000000e+02	8.368200836820083180e-04	9.333762471837785211e-04
6.680000000000000000e+02	8.368200836820083180e-04	9.347756118722100110e-04
6.690000000000000000e+02	8.368200836820083180e-04	9.361749765606415009e-04
6.700000000000000000e+02	8.368200836820083180e-04	9.375743412490728824e-04
6.710000000000000000e+02	8.368200836820083180e-04	9.389737059375043724e-04
6.720000000000000000e+02	8.368200836820083180e-04	9.403730706259358623e-04
6.730000000000000000e+02	8.368200836820083180e-04	9.417724353143672438e-04
6.740000000000000000e+02	8.368200836820083180e-04	9.431718000027987337e-04
6.750000000000000000e+02	8.368200836820083180e-04	9.445711646912302237e-04
6.760000000000000000e+02	8.368200836820083180e-04	9.459705293796616052e-04
6.770000000000000000e+02	8.368200836820083180e-04	9.473698940680930951e-04
6.780000000000000000e+02	8.368200836820083180e-04	9.487692587565245850e-04
6.790000000000000000e+02	8.368200836820083180e-04	9.501686234449559666e-04
6.800000000000000000e+02	8.368200836820083180e-04	9.515679881333874565e-04
6.810000000000000000e+02	8.368200836820083180e-04	9.529673528218189464e-04
6.820000000000000000e+02	8.368200836820083180e-04	9.543667175102503279e-04
6.830000000000000000e+02	8.368200836820083180e-04	9.557660821986818179e-04
6.840000000000000000e+02	8.368200836820083180e-04	9.571654468871131994e-04
6.850000000000000000e+02	8.368200836820083180e-04	9.585648115755446893e-04
6.860000000000000000e+02	8.368200836820083180e-04	9.599641762639761792e-04
6.870000000000000000e+02	8.368200836820083180e-04	9.613635409524075607e-04
6.880000000000000000e+02	8.368200836820083180e-04	9.627629056408390507e-04
6.890000000000000000e+02	8.368200836820083180e-04	9.641622703292705406e-04
6.900000000000000000e+02	8.368200836820083180e-04	9.655616350177019221e-04
6.910000000000000000e+02	8.368200836820083180e-04	9.669609997061334120e-04
6.920000000000000000e+02	8.368200836820083180e-04	9.683603643945649020e-04
6.930000000000000000e+02	8.368200836820083180e-04	9.697597290829962835e-04
6.940000000000000000e+02	8.368200836820083180e-04	9.711590937714277734e-04
6.950000000000000000e+02	8.368200836820083180e-04	9.725584584598592633e-04
6.960000000000000000e+02	8.368200836820083180e-04	9.739578231482906448e-04
6.970000000000000000e+02	8.368200836820083180e-04	9.753571878367221348e-04
6.980000000000000000e+02	8.368200836820083180e-04	9.767565525251535163e-04
6.990000000000000000e+02	8.368200836820083180e-04	9.781559172135851146e-04
7.000000000000000000e+02	8.368200836820083180e-04	9.795552819020164961e-04
7.010000000000000000e+02	8.368200836820083180e-04	9.809546465904478776e-04
7.020000000000000000e+02	8.368200836820083180e-04	9.823540112788794760e-04
7.030000000000000000e+02	8.368200836820083180e-04	9.837533759673108575e-04
7.040000000000000000e+02	8.368200836820083180e-04	9.851527406557422390e-04
7.050000000000000000e+02	8.368200836820083180e-04	9.865521053441738374e-04
7.060000000000000000e+02	8.368200836820083180e-04	9.879514700326052189e-04
7.070000000000000000e+02	8.368200836820083180e-04	9.893508347210366004e-04
7.080000000000000000e+02	8.368200836820083180e-04	9.907501994094681987e-04
7.090000000000000000e+02	8.368200836820083180e-04	9.921495640978995802e-04
7.100000000000000000e+02	8.368200836820083180e-04	9.935489287863309617e-04
7.110000000000000000e+02	8.368200836820083180e-04	9.949482934747625601e-04
7.120000000000000000e+02	8.368200836820083180e-04	9.963476581631939416e-04
7.130000000000000000e+02	8.368200836820083180e-04	9.977470228516253231e-04
7.140000000000000000e+02	8.368200836820083180e-04	9.991463875400569215e-04
7.150000000000000000e+02	8.368200836820083180e-04	1.000545752228488303e-03
7.160000000000000000e+02	8.368200836820083180e-04	1.001945116916919684e-03
7.170000000000000000e+02	8.368200836820083180e-04	1.003344481605351066e-03
7.180000000000000000e+02	8.368200836820083180e-04	1.004743846293782664e-03
7.190000000000000000e+02	8.368200836820083180e-04	1.006143210982214046e-03
7.200000000000000000e+02	8.368200836820083180e-04	1.007542575670645427e-03
7.210000000000000000e+02	8.368200836820083180e-04	1.008941940359077026e-03
7.220000000000000000e+02	8.368200836820083180e-04	1.010341305047508407e-03
7.230000000000000000e+02	8.368200836820083180e-04	1.011740669735939789e-03
7.240000000000000000e+02	8.368200836820083180e-04	1.013140034424371387e-03
7.250000000000000000e+02	8.368200836820083180e-04	1.014539399112802769e-03
7.260000000000000000e+02	8.368200836820083180e-04	1.015938763801234150e-03
7.270000000000000000e+02	8.368200836820083180e-04	1.017338128489665748e-03
7.280000000000000000e+02	8.368200836820083180e-04	1.018737493178097130e-03
7.290000000000000000e+02	8.368200836820083180e-04	1.020136857866528511e-03
7.300000000000000000e+02	8.368200836820083180e-04	1.021536222554960110e-03
7.310000000000000000e+02	8.368200836820083180e-04	1.022935587243391491e-03
7.320000000000000000e+02	8.368200836820083180e-04	1.024334951931822873e-03
7.330000000000000000e+02	8.368200836820083180e-04	1.025734316620254471e-03
7.340000000000000000e+02	8.368200836820083180e-04	1.027133681308685853e-03
7.350000000000000000e+02	8.368200836820083180e-04	1.028533045997117234e-03
7.360000000000000000e+02	8.368200836820083180e-04	1.029932410685548833e-03
7.370000000000000000e+02	8.368200836820083180e-04	1.031331775373980214e-03
7.380000000000000000e+02	8.368200836820083180e-04	1.032731140062411596e-03
7.390000000000000000e+02	8.368200836820083180e-04	1.034130504750843194e-03
7.400000000000000000e+02	8.368200836820083180e-04	1.035529869439274575e-03
7.410000000000000000e+02	8.368200836820083180e-04	1.036929234127705957e-03
7.420000000000000000e+02	8.368200836820083180e-04	1.038328598816137555e-03
7.430000000000000000e+02	8.368200836820083180e-04	1.039727963504568937e-03
7.440000000000000000e+02	8.368200836820083180e-04	1.041127328193000318e-03
7.450000000000000000e+02	8.368200836820083180e-04	1.042526692881431917e-03
7.460000000000000000e+02	8.368200836820083180e-04	1.043926057569863298e-03
7.470000000000000000e+02	8.368200836820083180e-04	1.045325422258294680e-03
7.480000000000000000e+02	8.368200836820083180e-04	1.046724786946726278e-03
7.490000000000000000e+02	8.368200836820083180e-04	1.048124151635157660e-03
7.500000000000000000e+02	8.368200836820083180e-04	1.049523516323589041e-03
7.510000000000000000e+02	8.368200836820083180e-04	1.050922881012020639e-03
7.520000000000000000e+02	8.368200836820083180e-04	1.052322245700452021e-03
7.530000000000000000e+02	8.368200836820083180e-04	1.053721610388883402e-03
7.540000000000000000e+02	8.368200836820083180e-04	1.055120975077315001e-03
7.550000000000000000e+02	8.368200836820083180e-04	1.056520339765746382e-03
7.560000000000000000e+02	8.368200836820083180e-04	1.057919704454177764e-03
7.570000000000000000e+02	8.368200836820083180e-04	1.059319069142609362e-03
7.580000000000000000e+02	8.368200836820083180e-04	1.060718433831040744e-03
7.590000000000000000e+02	8.368200836820083180e-04	1.062117798519472125e-03
7.600000000000000000e+02	8.368200836820083180e-04	1.063517163207903507e-03
7.610000000000000000e+02	8.368200836820083180e-04	1.064916527896335105e-03
7.620000000000000000e+02	8.368200836820083180e-04	1.066315892584766487e-03
7.630000000000000000e+02	8.368200836820083180e-04	1.067715257273197868e-03
7.640000000000000000e+02	8.368200836820083180e-04	1.069114621961629466e-03
7.650000000000000000e+02	8.368200836820083180e-04	1.070513986650060848e-03
7.660000000000000000e+02	8.368200836820083180e-04	1.071913351338492229e-03
7.670000000000000000e+02	8.368200836820083180e-04	1.073312716026923828e-03
7.680000000000000000e+02	8.368200836820083180e-04	1.074712080715355209e-03
7.690000000000000000e+02	8.368200836820083180e-04	1.076111445403786591e-03
7.700000000000000000e+02	8.368200836820083180e-04	1.077510810092218189e-03
7.710000000000000000e+02	8.368200836820083180e-04	1.078910174780649571e-03
7.720000000000000000e+02	8.368200836820083180e-04	1.080309539469080952e-03
7.730000000000000000e+02	8.368200836820083180e-04	1.081708904157512550e-03
7.740000000000000000e+02	8.368200836820083180e-04	1.083108268845943932e-03
7.750000000000000000e+02	8.368200836820083180e-04	1.084507633534375313e-03
7.760000000000000000e+02	8.368200836820083180e-04	1.085906998222806912e-03
7.770000000000000000e+02	8.368200836820083180e-04	1.087306362911238293e-03
7.780000000000000000e+02	8.368200836820083180e-04	1.088705727599669675e-03
7.790000000000000000e+02	8.368200836820083180e-04	1.090105092288101273e-03
7.800000000000000000e+02	8.368200836820083180e-04	1.091504456976532655e-03
7.810000000000000000e+02	8.368200836820083180e-04	1.092903821664964036e-03
7.820000000000000000e+02	8.368200836820083180e-04	1.094303186353395635e-03
7.830000000000000000e+02	8.368200836820083180e-04	1.095702551041827016e-03
7.840000000000000000e+02	8.368200836820083180e-04	1.097101915730258398e-03
7.850000000000000000e+02	8.368200836820083180e-04	1.098501280418689996e-03
7.860000000000000000e+02	8.368200836820083180e-04	1.099900645107121377e-03
7.870000000000000000e+02	8.368200836820083180e-04	1.101300009795552759e-03
7.880000000000000000e+02	8.368200836820083180e-04	1.102699374483984357e-03
7.890000000000000000e+02	8.368200836820083180e-04	1.104098739172415739e-03
7.900000000000000000e+02	8.368200836820083180e-04	1.105498103860847120e-03
7.910000000000000000e+02	8.368200836820083180e-04	1.106897468549278719e-03
7.920000000000000000e+02	8.368200836820083180e-04	1.108296833237710100e-03
7.930000000000000000e+02	8.368200836820083180e-04	1.109696197926141482e-03
7.940000000000000000e+02	8.368200836820083180e-04	1.111095562614573080e-03
7.950000000000000000e+02	8.368200836820083180e-04	1.112494927303004462e-03
7.960000000000000000e+02	8.368200836820083180e-04	1.113894291991435843e-03
7.970000000000000000e+02	8.368200836820083180e-04	1.115293656679867441e-03
7.980000000000000000e+02	8.368200836820083180e-04	1.116693021368298823e-03
7.990000000000000000e+02	8.368200836820083180e-04	1.118092386056730204e-03
8.000000000000000000e+02	8.368200836820083180e-04	1.119491750745161803e-03
8.010000000000000000e+02	8.368200836820083180e-04	1.120891115433593184e-03
8.020000000000000000e+02	8.368200836820083180e-04	1.122290480122024566e-03
8.030000000000000000e+02	8.368200836820083180e-04	1.123689844810455947e-03
8.040000000000000000e+02	8.368200836820083180e-04	1.125089209498887546e-03
8.050000000000000000e+02	8.368200836820083180e-04	1.126488574187318927e-03
8.060000000000000000e+02	8.368200836820083180e-04	1.127887938875750309e-03
8.070000000000000000e+02	8.368200836820083180e-04	1.129287303564181907e-03
8.080000000000000000e+02	8.368200836820083180e-04	1.130686668252613289e-03
8.090000000000000000e+02	8.368200836820083180e-04	1.132086032941044670e-03
8.100000000000000000e+02	8.368200836820083180e-04	1.133485397629476268e-03
8.110000000000000000e+02	8.368200836820083180e-04	1.134884762317907650e-03
8.120000000000000000e+02	8.368200836820083180e-04	1.136284127006339031e-03
8.130000000000000000e+02	8.368200836820083180e-04	1.137683491694770630e-03
8.140000000000000000e+02	8.368200836820083180e-04	1.139082856383202011e-03
8.150000000000000000e+02	8.368200836820083180e-04	1.140482221071633393e-03
8.160000000000000000e+02	8.368200836820083180e-04	1.141881585760064991e-03
8.170000000000000000e+02	8.368200836820083180e-04	1.143280950448496373e-03
8.180000000000000000e+02	8.368200836820083180e-04	1.144680315136927754e-03
8.190000000000000000e+02	8.368200836820083180e-04	1.146079679825359353e-03
8.200000000000000000e+02	8.368200836820083180e-04	1.147479044513790734e-03
8.210000000000000000e+02	8.368200836820083180e-04	1.148878409202222116e-03
8.220000000000000000e+02	8.368200836820083180e-04	1.150277773890653714e-03
8.230000000000000000e+02	8.368200836820083180e-04	1.151677138579085095e-03
8.240000000000000000e+02	8.368200836820083180e-04	1.153076503267516477e-03
8.250000000000000000e+02	8.368200836820083180e-04	1.154475867955948075e-03
8.260000000000000000e+02	8.368200836820083180e-04	1.155875232644379457e-03
8.270000000000000000e+02	8.368200836820083180e-04	1.157274597332810838e-03
8.280000000000000000e+02	8.368200836820083180e-04	1.158673962021242437e-03
8.290000000000000000e+02	8.368200836820083180e-04	1.160073326709673818e-03
8.300000000000000000e+02	8.368200836820083180e-04	1.161472691398105200e-03
8.310000000000000000e+02	8.368200836820083180e-04	1.162872056086536798e-03
8.320000000000000000e+02	8.368200836820083180e-04	1.164271420774968179e-03
8.330000000000000000e+02	8.368200836820083180e-04	1.165670785463399561e-03
8.340000000000000000e+02	8.368200836820083180e-04	1.167070150151831159e-03
8.350000000000000000e+02	8.368200836820083180e-04	1.168469514840262541e-03
8.360000000000000000e+02	8.368200836820083180e-04	1.169868879528693922e-03
8.370000000000000000e+02	8.368200836820083180e-04	1.171268244217125521e-03
8.380000000000000000e+02	8.368200836820083180e-04	1.172667608905556902e-03
8.390000000000000000e+02	8.368200836820083180e-04	1.174066973593988284e-03
8.400000000000000000e+02	8.368200836820083180e-04	1.175466338282419882e-03
8.410000000000000000e+02	8.368200836820083180e-04	1.176865702970851264e-03
8.420000000000000000e+02	8.368200836820083180e-04	1.178265067659282645e-03
8.430000000000000000e+02	8.368200836820083180e-04	1.179664432347714243e-03
8.440000000000000000e+02	8.368200836820083180e-04	1.181063797036145625e-03
8.450000000000000000e+02	8.368200836820083180e-04	1.182463161724577006e-03
8.460000000000000000e+02	8.368200836820083180e-04	1.183862526413008388e-03
8.470000000000000000e+02	8.368200836820083180e-04	1.185261891101439986e-03
8.480000000000000000e+02	8.368200836820083180e-04	1.186661255789871368e-03
8.490000000000000000e+02	8.368200836820083180e-04	1.188060620478302749e-03
8.500000000000000000e+02	8.368200836820083180e-04	1.189459985166734348e-03
8.510000000000000000e+02	8.368200836820083180e-04	1.190859349855165729e-03
8.520000000000000000e+02	8.368200836820083180e-04	1.192258714543597111e-03
8.530000000000000000e+02	8.368200836820083180e-04	1.193658079232028709e-03
8.540000000000000000e+02	8.368200836820083180e-04	1.195057443920460091e-03
8.550000000000000000e+02	8.368200836820083180e-04	1.196456808608891472e-03
8.560000000000000000e+02	8.368200836820083180e-04	1.197856173297323070e-03
8.570000000000000000e+02	8.368200836820083180e-04	1.199255537985754452e-03
8.580000000000000000e+02	8.368200836820083180e-04	1.200654902674185833e-03
8.590000000000000000e+02	8.368200836820083180e-04	1.202054267362617432e-03
8.600000000000000000e+02	8.368200836820083180e-04	1.203453632051048813e-03
8.610000000000000000e+02	8.368200836820083180e-04	1.204852996739480195e-03
8.620000000000000000e+02	8.368200836820083180e-04	1.206252361427911793e-03
8.630000000000000000e+02	8.368200836820083180e-04	1.207651726116343175e-03
8.640000000000000000e+02	8.368200836820083180e-04	1.209051090804774556e-03
8.650000000000000000e+02	8.368200836820083180e-04	1.210450455493206155e-03
8.660000000000000000e+02	8.368200836820083180e-04	1.211849820181637536e-03
8.670000000000000000e+02	8.368200836820083180e-04	1.213249184870068918e-03
8.680000000000000000e+02	8.368200836820083180e-04	1.214648549558500516e-03
8.690000000000000000e+02	8.368200836820083180e-04	1.216047914246931897e-03
8.700000000000000000e+02	8.368200836820083180e-04	1.217447278935363279e-03
8.710000000000000000e+02	8.368200836820083180e-04	1.218846643623794877e-03
8.720000000000000000e+02	8.368200836820083180e-04	1.220246008312226259e-03
8.730000000000000000e+02	8.368200836820083180e-04	1.221645373000657640e-03
8.740000000000000000e+02	8.368200836820083180e-04	1.223044737689089239e-03
8.750000000000000000e+02	8.368200836820083180e-04	1.224444102377520620e-03
8.760000000000000000e+02	8.368200836820083180e-04	1.225843467065952002e-03
8.770000000000000000e+02	8.368200836820083180e-04	1.227242831754383600e-03
8.780000000000000000e+02	8.368200836820083180e-04	1.228642196442814982e-03
8.790000000000000000e+02	8.368200836820083180e-04	1.230041561131246363e-03
8.800000000000000000e+02	8.368200836820083180e-04	1.231440925819677961e-03
8.810000000000000000e+02	8.368200836820083180e-04	1.232840290508109343e-03
8.820000000000000000e+02	8.368200836820083180e-04	1.234239655196540724e-03
8.830000000000000000e+02	8.368200836820083180e-04	1.235639019884972323e-03
8.840000000000000000e+02	8.368200836820083180e-04	1.237038384573403704e-03
8.850000000000000000e+02	8.368200836820083180e-04	1.238437749261835086e-03
8.860000000000000000e+02	8.368200836820083180e-04	1.239837113950266684e-03
8.870000000000000000e+02	8.368200836820083180e-04	1.241236478638698066e-03
8.880000000000000000e+02	8.368200836820083180e-04	1.242635843327129447e-03
8.890000000000000000e+02	8.368200836820083180e-04	1.244035208015560829e-03
8.900000000000000000e+02	8.368200836820083180e-04	1.245434572703992427e-03
8.910000000000000000e+02	8.368200836820083180e-04	1.246833937392423809e-03
8.920000000000000000e+02	8.368200836820083180e-04	1.248233302080855190e-03
8.930000000000000000e+02	8.368200836820083180e-04	1.249632666769286788e-03
8.940000000000000000e+02	8.368200836820083180e-04	1.251032031457718170e-03
8.950000000000000000e+02	8.368200836820083180e-04	1.252431396146149551e-03
8.960000000000000000e+02	8.368200836820083180e-04	1.253830760834581150e-03
8.970000000000000000e+02	8.368200836820083180e-04	1.255230125523012531e-03
8.980000000000000000e+02	8.368200836820083180e-04	1.256629490211443913e-03
8.990000000000000000e+02	8.368200836820083180e-04	1.258028854899875511e-03
9.000000000000000000e+02	8.368200836820083180e-04	1.259428219588306893e-03
9.010000000000000000e+02	8.368200836820083180e-04	1.260827584276738274e-03
9.020000000000000000e+02	8.368200836820083180e-04	1.262226948965169872e-03
9.030000000000000000e+02	8.368200836820083180e-04	1.263626313653601254e-03
9.040000000000000000e+02	8.368200836820083180e-04	1.265025678342032635e-03
9.050000000000000000e+02	8.368200836820083180e-04	1.266425043030464234e-03
9.060000000000000000e+02	8.368200836820083180e-04	1.267824407718895615e-03
9.070000000000000000e+02	8.368200836820083180e-04	1.269223772407326997e-03
9.080000000000000000e+02	8.368200836820083180e-04	1.270623137095758595e-03
9.090000000000000000e+02	8.368200836820083180e-04	1.272022501784189977e-03
9.100000000000000000e+02	8.368200836820083180e-04	1.273421866472621358e-03
9.110000000000000000e+02	8.368200836820083180e-04	1.274821231161052957e-03
9.120000000000000000e+02	8.368200836820083180e-04	1.276220595849484338e-03
9.130000000000000000e+02	8.368200836820083180e-04	1.277619960537915720e-03
9.140000000000000000e+02	8.368200836820083180e-04	1.279019325226347318e-03
9.150000000000000000e+02	8.368200836820083180e-04	1.280418689914778699e-03
9.160000000000000000e+02	8.368200836820083180e-04	1.281818054603210081e-03
9.170000000000000000e+02	8.368200836820083180e-04	1.283217419291641679e-03
9.180000000000000000e+02	8.368200836820083180e-04	1.284616783980073061e-03
9.190000000000000000e+02	8.368200836820083180e-04	1.286016148668504442e-03
9.200000000000000000e+02	8.368200836820083180e-04	1.287415513356936041e-03
9.210000000000000000e+02	8.368200836820083180e-04	1.288814878045367422e-03
9.220000000000000000e+02	8.368200836820083180e-04	1.290214242733798804e-03
9.230000000000000000e+02	8.368200836820083180e-04	1.291613607422230402e-03
9.240000000000000000e+02	8.368200836820083180e-04	1.293012972110661784e-03
9.250000000000000000e+02	8.368200836820083180e-04	1.294412336799093165e-03
9.260000000000000000e+02	8.368200836820083180e-04	1.295811701487524763e-03
9.270000000000000000e+02	8.368200836820083180e-04	1.297211066175956145e-03
9.280000000000000000e+02	8.368200836820083180e-04	1.298610430864387526e-03
9.290000000000000000e+02	8.368200836820083180e-04	1.300009795552819125e-03
9.300000000000000000e+02	8.368200836820083180e-04	1.301409160241250506e-03
9.310000000000000000e+02	8.368200836820083180e-04	1.302808524929681888e-03
9.320000000000000000e+02	8.368200836820083180e-04	1.304207889618113269e-03
9.330000000000000000e+02	8.368200836820083180e-04	1.305607254306544868e-03
9.340000000000000000e+02	8.368200836820083180e-04	1.307006618994976249e-03
9.350000000000000000e+02	8.368200836820083180e-04	1.308405983683407631e-03
9.360000000000000000e+02	8.368200836820083180e-04	1.309805348371839229e-03
9.370000000000000000e+02	8.368200836820083180e-04	1.311204713060270611e-03
9.380000000000000000e+02	8.368200836820083180e-04	1.312604077748701992e-03
9.390000000000000000e+02	8.368200836820083180e-04	1.314003442437133590e-03
9.400000000000000000e+02	8.368200836820083180e-04	1.315402807125564972e-03
9.410000000000000000e+02	8.368200836820083180e-04	1.316802171813996353e-03
9.420000000000000000e+02	8.368200836820083180e-04	1.318201536502427952e-03
9.430000000000000000e+02	8.368200836820083180e-04	1.319600901190859333e-03
9.440000000000000000e+02	8.368200836820083180e-04	1.321000265879290715e-03
9.450000000000000000e+02	8.368200836820083180e-04	1.322399630567722313e-03
9.460000000000000000e+02	8.368200836820083180e-04	1.323798995256153695e-03
9.470000000000000000e+02	8.368200836820083180e-04	1.325198359944585076e-03
9.480000000000000000e+02	8.368200836820083180e-04	1.326597724633016675e-03
9.490000000000000000e+02	8.368200836820083180e-04	1.327997089321448056e-03
9.500000000000000000e+02	8.368200836820083180e-04	1.329396454009879438e-03
9.510000000000000000e+02	8.368200836820083180e-04	1.330795818698311036e-03
9.520000000000000000e+02	8.368200836820083180e-04	1.332195183386742417e-03
9.530000000000000000e+02	8.368200836820083180e-04	1.333594548075173799e-03
9.540000000000000000e+02	8.368200836820083180e-04	1.334993912763605397e-03
9.550000000000000000e+02	8.368200836820083180e-04	1.336393277452036779e-03
9.560000000000000000e+02	8.368200836820083180e-04	1.337792642140468160e-03
9.570000000000000000e+02	8.368200836820083180e-04	1.339192006828899759e-03
9.580000000000000000e+02	8.368200836820083180e-04	1.340591371517331140e-03
9.590000000000000000e+02	8.368200836820083180e-04	1.341990736205762522e-03
9.600000000000000000e+02	8.368200836820083180e-04	1.343390100894194120e-03
9.610000000000000000e+02	8.368200836820083180e-04	1.344789465582625501e-03
9.620000000000000000e+02	8.368200836820083180e-04	1.346188830271056883e-03
9.630000000000000000e+02	8.368200836820083180e-04	1.347588194959488481e-03
9.640000000000000000e+02	8.368200836820083180e-04	1.348987559647919863e-03
9.650000000000000000e+02	8.368200836820083180e-04	1.350386924336351244e-03
9.660000000000000000e+02	8.368200836820083180e-04	1.351786289024782843e-03
9.670000000000000000e+02	8.368200836820083180e-04	1.353185653713214224e-03
9.680000000000000000e+02	8.368200836820083180e-04	1.354585018401645606e-03
9.690000000000000000e+02	8.368200836820083180e-04	1.355984383090077204e-03
9.700000000000000000e+02	8.368200836820083180e-04	1.357383747778508586e-03
9.710000000000000000e+02	8.368200836820083180e-04	1.358783112466939967e-03
9.720000000000000000e+02	8.368200836820083180e-04	1.360182477155371565e-03
9.730000000000000000e+02	8.368200836820083180e-04	1.361581841843802947e-03
9.740000000000000000e+02	8.368200836820083180e-04	1.362981206532234328e-03
9.750000000000000000e+02	8.368200836820083180e-04	1.364380571220665710e-03
9.760000000000000000e+02	8.368200836820083180e-04	1.365779935909097308e-03
9.770000000000000000e+02	8.368200836820083180e-04	1.367179300597528690e-03
9.780000000000000000e+02	8.368200836820083180e-04	1.368578665285960071e-03
9.790000000000000000e+02	8.368200836820083180e-04	1.369978029974391670e-03
9.800000000000000000e+02	8.368200836820083180e-04	1.371377394662823051e-03
9.810000000000000000e+02	8.368200836820083180e-04	1.372776759351254433e-03
9.820000000000000000e+02	8.368200836820083180e-04	1.374176124039686031e-03
9.830000000000000000e+02	8.368200836820083180e-04	1.375575488728117413e-03
9.840000000000000000e+02	8.368200836820083180e-04	1.376974853416548794e-03
9.850000000000000000e+02	8.368200836820083180e-04	1.378374218104980392e-03
9.860000000000000000e+02	8.368200836820083180e-04	1.379773582793411774e-03
9.870000000000000000e+02	8.368200836820083180e-04	1.381172947481843155e-03
9.880000000000000000e+02	8.368200836820083180e-04	1.382572312170274754e-03
9.890000000000000000e+02	8.368200836820083180e-04	1.383971676858706135e-03
9.900000000000000000e+02	8.368200836820083180e-04	1.385371041547137517e-03
9.910000000000000000e+02	8.368200836820083180e-04	1.386770406235569115e-03
9.920000000000000000e+02	8.368200836820083180e-04	1.388169770924000497e-03
9.930000000000000000e+02	8.368200836820083180e-04	1.389569135612431878e-03
9.940000000000000000e+02	8.368200836820083180e-04	1.390968500300863477e-03
9.950000000000000000e+02	8.368200836820083180e-04	1.392367864989294858e-03
9.960000000000000000e+02	8.368200836820083180e-04	1.393767229677726240e-03
9.970000000000000000e+02	8.368200836820083180e-04	1.395166594366157838e-03
9.980000000000000000e+02	8.368200836820083180e-04	1.396565959054589219e-03
9.990000000000000000e+02	8.368200836820083180e-04	1.397965323743020601e-03
1.000000000000000000e+03	8.368200836820083180e-04	1.399364688431452199e-03
1.001000000000000000e+03	8.368200836820083180e-04	1.400764053119883581e-03
1.002000000000000000e+03	8.368200836820083180e-04	1.402163417808314962e-03
1.003000000000000000e+03	8.368200836820083180e-04	1.403562782496746561e-03
1.004000000000000000e+03	8.368200836820083180e-04	1.404962147185177942e-03
1.005000000000000000e+03	8.368200836820083180e-04	1.406361511873609324e-03
1.006000000000000000e+03	8.368200836820083180e-04	1.407760876562040922e-03
1.007000000000000000e+03	8.368200836820083180e-04	1.409160241250472304e-03
1.008000000000000000e+03	8.368200836820083180e-04	1.410559605938903685e-03
1.009000000000000000e+03	8.368200836820083180e-04	1.411958970627335283e-03
1.010000000000000000e+03	8.368200836820083180e-04	1.413358335315766665e-03
1.011000000000000000e+03	8.368200836820083180e-04	1.414757700004198046e-03
1.012000000000000000e+03	8.368200836820083180e-04	1.416157064692629645e-03
1.013000000000000000e+03	8.368200836820083180e-04	1.417556429381061026e-03
1.014000000000000000e+03	8.368200836820083180e-04	1.418955794069492408e-03
1.015000000000000000e+03	8.368200836820083180e-04	1.420355158757924006e-03
1.016000000000000000e+03	8.368200836820083180e-04	1.421754523446355388e-03
1.017000000000000000e+03	8.368200836820083180e-04	1.423153888134786769e-03
1.018000000000000000e+03	8.368200836820083180e-04	1.424553252823218151e-03
1.019000000000000000e+03	8.368200836820083180e-04	1.425952617511649749e-03
1.020000000000000000e+03	8.368200836820083180e-04	1.427351982200081131e-03
1.021000000000000000e+03	8.368200836820083180e-04	1.428751346888512512e-03
1.022000000000000000e+03	8.368200836820083180e-04	1.430150711576944110e-03
1.023000000000000000e+03	8.368200836820083180e-04	1.431550076265375492e-03
1.024000000000000000e+03	8.368200836820083180e-04	1.432949440953806873e-03
1.025000000000000000e+03	8.368200836820083180e-04	1.434348805642238472e-03
1.026000000000000000e+03	8.368200836820083180e-04	1.435748170330669853e-03
1.027000000000000000e+03	8.368200836820083180e-04	1.437147535019101235e-03
1.028000000000000000e+03	8.368200836820083180e-04	1.438546899707532833e-03
1.029000000000000000e+03	8.368200836820083180e-04	1.439946264395964215e-03
1.030000000000000000e+03	8.368200836820083180e-04	1.441345629084395596e-03
1.031000000000000000e+03	8.368200836820083180e-04	1.442744993772827194e-03
1.032000000000000000e+03	8.368200836820083180e-04	1.444144358461258576e-03
1.033000000000000000e+03	8.368200836820083180e-04	1.445543723149689957e-03
1.034000000000000000e+03	8.368200836820083180e-04	1.446943087838121556e-03
1.035000000000000000e+03	8.368200836820083180e-04	1.448342452526552937e-03
1.036000000000000000e+03	8.368200836820083180e-04	1.449741817214984319e-03
1.037000000000000000e+03	8.368200836820083180e-04	1.451141181903415917e-03
1.038000000000000000e+03	8.368200836820083180e-04	1.452540546591847299e-03
1.039000000000000000e+03	8.368200836820083180e-04	1.453939911280278680e-03
1.040000000000000000e+03	8.368200836820083180e-04	1.455339275968710279e-03
1.041000000000000000e+03	8.368200836820083180e-04	1.456738640657141660e-03
1.042000000000000000e+03	8.368200836820083180e-04	1.458138005345573042e-03
1.043000000000000000e+03	8.368200836820083180e-04	1.459537370034004640e-03
1.044000000000000000e+03	8.368200836820083180e-04	1.460936734722436021e-03
1.045000000000000000e+03	8.368200836820083180e-04	1.462336099410867403e-03
1.046000000000000000e+03	8.368200836820083180e-04	1.463735464099299001e-03
1.047000000000000000e+03	8.368200836820083180e-04	1.465134828787730383e-03
1.048000000000000000e+03	8.368200836820083180e-04	1.466534193476161764e-03
1.049000000000000000e+03	8.368200836820083180e-04	1.467933558164593363e-03
1.050000000000000000e+03	8.368200836820083180e-04	1.469332922853024744e-03
1.051000000000000000e+03	8.368200836820083180e-04	1.470732287541456126e-03
1.052000000000000000e+03	8.368200836820083180e-04	1.472131652229887724e-03
1.053000000000000000e+03	8.368200836820083180e-04	1.473531016918319106e-03
1.054000000000000000e+03	8.368200836820083180e-04	1.474930381606750487e-03
1.055000000000000000e+03	8.368200836820083180e-04	1.476329746295182085e-03
1.056000000000000000e+03	8.368200836820083180e-04	1.477729110983613467e-03
1.057000000000000000e+03	8.368200836820083180e-04	1.479128475672044848e-03
1.058000000000000000e+03	8.368200836820083180e-04	1.480527840360476447e-03
1.059000000000000000e+03	8.368200836820083180e-04	1.481927205048907828e-03
1.060000000000000000e+03	8.368200836820083180e-04	1.483326569737339210e-03
1.061000000000000000e+03	8.368200836820083180e-04	1.484725934425770808e-03
1.062000000000000000e+03	8.368200836820083180e-04	1.486125299114202190e-03
1.063000000000000000e+03	8.368200836820083180e-04	1.487524663802633571e-03
1.064000000000000000e+03	8.368200836820083180e-04	1.488924028491064953e-03
1.065000000000000000e+03	8.368200836820083180e-04	1.490323393179496551e-03
1.066000000000000000e+03	8.368200836820083180e-04	1.491722757867927933e-03
1.067000000000000000e+03	8.368200836820083180e-04	1.493122122556359314e-03
1.068000000000000000e+03	8.368200836820083180e-04	1.494521487244790912e-03
1.069000000000000000e+03	8.368200836820083180e-04	1.495920851933222294e-03
1.070000000000000000e+03	8.368200836820083180e-04	1.497320216621653675e-03
1.071000000000000000e+03	8.368200836820083180e-04	1.498719581310085274e-03
1.072000000000000000e+03	8.368200836820083180e-04	1.500118945998516655e-03
1.073000000000000000e+03	8.368200836820083180e-04	1.501518310686948037e-03
1.074000000000000000e+03	8.368200836820083180e-04	1.502917675375379635e-03
1.075000000000000000e+03	8.368200836820083180e-04	1.504317040063811017e-03
1.076000000000000000e+03	8.368200836820083180e-04	1.505716404752242398e-03
1.077000000000000000e+03	8.368200836820083180e-04	1.507115769440673997e-03
1.078000000000000000e+03	8.368200836820083180e-04	1.508515134129105378e-03
1.079000000000000000e+03	8.368200836820083180e-04	1.509914498817536760e-03
1.080000000000000000e+03	8.368200836820083180e-04	1.511313863505968358e-03
1.081000000000000000e+03	8.368200836820083180e-04	1.512713228194399739e-03
1.082000000000000000e+03	8.368200836820083180e-04	1.514112592882831121e-03
1.083000000000000000e+03	8.368200836820083180e-04	1.515511957571262719e-03
1.084000000000000000e+03	8.368200836820083180e-04	1.516911322259694101e-03
1.085000000000000000e+03	8.368200836820083180e-04	1.518310686948125482e-03
1.086000000000000000e+03	8.368200836820083180e-04	1.519710051636557081e-03
1.087000000000000000e+03	8.368200836820083180e-04	1.521109416324988462e-03
1.088000000000000000e+03	8.368200836820083180e-04	1.522508781013419844e-03
1.089000000000000000e+03	8.368200836820083180e-04	1.523908145701851442e-03
1.090000000000000000e+03	8.368200836820083180e-04	1.525307510390282823e-03
1.091000000000000000e+03	8.368200836820083180e-04	1.526706875078714205e-03
1.092000000000000000e+03	8.368200836820083180e-04	1.528106239767145803e-03
1.093000000000000000e+03	8.368200836820083180e-04	1.529505604455577185e-03
1.094000000000000000e+03	8.368200836820083180e-04	1.530904969144008566e-03
1.095000000000000000e+03	8.368200836820083180e-04	1.532304333832440165e-03
1.096000000000000000e+03	8.368200836820083180e-04	1.533703698520871546e-03
1.097000000000000000e+03	8.368200836820083180e-04	1.535103063209302928e-03
1.098000000000000000e+03	8.368200836820083180e-04	1.536502427897734526e-03
1.099000000000000000e+03	8.368200836820083180e-04	1.537901792586165908e-03
1.100000000000000000e+03	8.368200836820083180e-04	1.539301157274597289e-03
1.101000000000000000e+03	8.368200836820083180e-04	1.540700521963028887e-03
1.102000000000000000e+03	8.368200836820083180e-04	1.542099886651460269e-03
1.103000000000000000e+03	8.368200836820083180e-04	1.543499251339891650e-03
1.104000000000000000e+03	8.368200836820083180e-04	1.544898616028323249e-03
1.105000000000000000e+03	8.368200836820083180e-04	1.546297980716754630e-03
1.106000000000000000e+03	8.368200836820083180e-04	1.547697345405186012e-03
1.107000000000000000e+03	8.368200836820083180e-04	1.549096710093617393e-03
1.108000000000000000e+03	8.368200836820083180e-04	1.550496074782048992e-03
1.109000000000000000e+03	8.368200836820083180e-04	1.551895439470480373e-03
1.110000000000000000e+03	8.368200836820083180e-04	1.553294804158911755e-03
1.111000000000000000e+03	8.368200836820083180e-04	1.554694168847343353e-03
1.112000000000000000e+03	8.368200836820083180e-04	1.556093533535774735e-03
1.113000000000000000e+03	8.368200836820083180e-04	1.557492898224206116e-03
1.114000000000000000e+03	8.368200836820083180e-04	1.558892262912637714e-03
1.115000000000000000e+03	8.368200836820083180e-04	1.560291627601069096e-03
1.116000000000000000e+03	8.368200836820083180e-04	1.561690992289500477e-03
1.117000000000000000e+03	8.368200836820083180e-04	1.563090356977932076e-03
1.118000000000000000e+03	8.368200836820083180e-04	1.564489721666363457e-03
1.119000000000000000e+03	8.368200836820083180e-04	1.565889086354794839e-03
1.120000000000000000e+03	8.368200836820083180e-04	1.567288451043226437e-03
1.121000000000000000e+03	8.368200836820083180e-04	1.568687815731657819e-03
1.122000000000000000e+03	8.368200836820083180e-04	1.570087180420089200e-03
1.123000000000000000e+03	8.368200836820083180e-04	1.571486545108520799e-03
1.124000000000000000e+03	8.368200836820083180e-04	1.572885909796952180e-03
1.125000000000000000e+03	8.368200836820083180e-04	1.574285274485383562e-03
1.126000000000000000e+03	8.368200836820083180e-04	1.575684639173815160e-03
1.127000000000000000e+03	8.368200836820083180e-04	1.577084003862246541e-03
1.128000000000000000e+03	8.368200836820083180e-04	1.578483368550677923e-03
1.129000000000000000e+03	8.368200836820083180e-04	1.579882733239109521e-03
1.130000000000000000e+03	8.368200836820083180e-04	1.581282097927540903e-03
1.131000000000000000e+03	8.368200836820083180e-04	1.582681462615972284e-03
1.132000000000000000e+03	8.368200836820083180e-04	1.584080827304403883e-03
1.133000000000000000e+03	8.368200836820083180e-04	1.585480191992835264e-03
1.134000000000000000e+03	8.368200836820083180e-04	1.586879556681266646e-03
1.135000000000000000e+03	8.368200836820083180e-04	1.588278921369698244e-03
1.136000000000000000e+03	8.368200836820083180e-04	1.589678286058129626e-03
1.137000000000000000e+03	8.368200836820083180e-04	1.591077650746561007e-03
1.138000000000000000e+03	8.368200836820083180e-04	1.592477015434992605e-03
1.139000000000000000e+03	8.368200836820083180e-04	1.593876380123423987e-03
1.140000000000000000e+03	8.368200836820083180e-04	1.595275744811855368e-03
1.141000000000000000e+03	8.368200836820083180e-04	1.596675109500286967e-03
1.142000000000000000e+03	8.368200836820083180e-04	1.598074474188718348e-03
1.143000000000000000e+03	8.368200836820083180e-04	1.599473838877149730e-03
1.144000000000000000e+03	8.368200836820083180e-04	1.600873203565581328e-03
1.145000000000000000e+03	8.368200836820083180e-04	1.602272568254012710e-03
1.146000000000000000e+03	8.368200836820083180e-04	1.603671932942444091e-03
1.147000000000000000e+03	8.368200836820083180e-04	1.605071297630875689e-03
1.148000000000000000e+03	8.368200836820083180e-04	1.606470662319307071e-03
1.149000000000000000e+03	8.368200836820083180e-04	1.607870027007738453e-03
1.150000000000000000e+03	8.368200836820083180e-04	1.609269391696169834e-03
1.151000000000000000e+03	8.368200836820083180e-04	1.610668756384601432e-03
1.152000000000000000e+03	8.368200836820083180e-04	1.612068121073032814e-03
1.153000000000000000e+03	8.368200836820083180e-04	1.613467485761464195e-03
1.154000000000000000e+03	8.368200836820083180e-04	1.614866850449895794e-03
1.155000000000000000e+03	8.368200836820083180e-04	1.616266215138327175e-03
1.156000000000000000e+03	8.368200836820083180e-04	1.617665579826758557e-03
1.157000000000000000e+03	8.368200836820083180e-04	1.619064944515190155e-03
1.158000000000000000e+03	8.368200836820083180e-04	1.620464309203621537e-03
1.159000000000000000e+03	8.368200836820083180e-04	1.621863673892052918e-03
1.160000000000000000e+03	8.368200836820083180e-04	1.623263038580484516e-03
1.161000000000000000e+03	8.368200836820083180e-04	1.624662403268915898e-03
1.162000000000000000e+03	8.368200836820083180e-04	1.626061767957347279e-03
1.163000000000000000e+03	8.368200836820083180e-04	1.627461132645778878e-03
1.164000000000000000e+03	8.368200836820083180e-04	1.628860497334210259e-03
1.165000000000000000e+03	8.368200836820083180e-04	1.630259862022641641e-03
1.166000000000000000e+03	8.368200836820083180e-04	1.631659226711073239e-03
1.167000000000000000e+03	8.368200836820083180e-04	1.633058591399504621e-03
1.168000000000000000e+03	8.368200836820083180e-04	1.634457956087936002e-03
1.169000000000000000e+03	8.368200836820083180e-04	1.635857320776367601e-03
1.170000000000000000e+03	8.368200836820083180e-04	1.637256685464798982e-03
1.171000000000000000e+03	8.368200836820083180e-04	1.638656050153230364e-03
1.172000000000000000e+03	8.368200836820083180e-04	1.640055414841661962e-03
1.173000000000000000e+03	8.368200836820083180e-04	1.641454779530093343e-03
1.174000000000000000e+03	8.368200836820083180e-04	1.642854144218524725e-03
1.175000000000000000e+03	8.368200836820083180e-04	1.644253508906956323e-03
1.176000000000000000e+03	8.368200836820083180e-04	1.645652873595387705e-03
1.177000000000000000e+03	8.368200836820083180e-04	1.647052238283819086e-03
1.178000000000000000e+03	8.368200836820083180e-04	1.648451602972250685e-03
1.179000000000000000e+03	8.368200836820083180e-04	1.649850967660682066e-03
1.180000000000000000e+03	8.368200836820083180e-04	1.651250332349113448e-03
1.181000000000000000e+03	8.368200836820083180e-04	1.652649697037545046e-03
1.182000000000000000e+03	8.368200836820083180e-04	1.654049061725976428e-03
1.183000000000000000e+03	8.368200836820083180e-04	1.655448426414407809e-03
1.184000000000000000e+03	8.368200836820083180e-04	1.656847791102839407e-03
1.185000000000000000e+03	8.368200836820083180e-04	1.658247155791270789e-03
1.186000000000000000e+03	8.368200836820083180e-04	1.659646520479702170e-03
1.187000000000000000e+03	8.368200836820083180e-04	1.661045885168133769e-03
1.188000000000000000e+03	8.368200836820083180e-04	1.662445249856565150e-03
1.189000000000000000e+03	8.368200836820083180e-04	1.663844614544996532e-03
1.190000000000000000e+03	8.368200836820083180e-04	1.665243979233428130e-03
1.191000000000000000e+03	8.368200836820083180e-04	1.666643343921859512e-03
1.192000000000000000e+03	8.368200836820083180e-04	1.668042708610290893e-03
1.193000000000000000e+03	8.368200836820083180e-04	1.669442073298722275e-03
1.194000000000000000e+03	8.368200836820083180e-04	1.670841437987153873e-03
1.195000000000000000e+03	8.368200836820083180e-04	1.672240802675585255e-03
