label	local_target	author_target	local_sigma	author_sigma	local_bound	author_bound	local_prediction	author_prediction	local_raw_residual	author_raw_residual	local_active	author_active	local_normalized_residual	author_normalized_residual
SAXS_q=0.00281393	0.03841014	0.03841014	0.0075855972	0.0075855972	0.0	0.0	0.034529275171548114	0.034529275171548114	-0.003880864828451888	-0.003880864828451888	True	True	-0.5116096631721874	-0.5116096631721874
SAXS_q=0.0030889	0.03180309	0.03180309	0.0060644814	0.0060644814	0.0	0.0	0.03449749758158994	0.03449749758158996	0.0026944075815899388	0.0026944075815899596	True	True	0.4442931561452128	0.44429315614521625
SAXS_q=0.00336388	0.04259826	0.04259826	0.00501565569	0.00501565569	0.0	0.0	0.03446253638493726	0.03446253638493724	-0.008135723615062741	-0.008135723615062762	True	True	-1.622065811112872	-1.622065811112876
SAXS_q=0.00363886	0.033286068	0.033286068	0.00419709855	0.00419709855	0.0	0.0	0.03442495695397484	0.03442495695397489	0.0011388889539748412	0.0011388889539748898	True	True	0.27135149208608433	0.27135149208609594
SAXS_q=0.00391383	0.034125834	0.034125834	0.0035948268	0.0035948268	0.0	0.0	0.03438481308786612	0.0343848130878661	0.0002589790878661166	0.00025897908786610274	True	True	0.07204216010243292	0.07204216010242906
SAXS_q=0.00418881	0.036513042	0.036513042	0.00304067508	0.00304067508	0.0	0.0	0.03434267894560665	0.0343426789456067	-0.0021703630543933525	-0.002170363054393304	True	True	-0.7137767098723854	-0.7137767098723694
SAXS_q=0.00446378	0.035845962	0.035845962	0.00273230664	0.00273230664	0.0	0.0	0.03429963866945606	0.03429963866945607	-0.0015463233305439417	-0.0015463233305439347	True	True	-0.5659406261018864	-0.5659406261018839
SAXS_q=0.00473876	0.032072523	0.032072523	0.00241575678	0.00241575678	0.0	0.0	0.03424949147280336	0.034249491472803345	0.0021769684728033603	0.0021769684728033464	True	True	0.9011538292374617	0.9011538292374559
SAXS_q=0.00501374	0.030565422	0.030565422	0.00223509999	0.00223509999	0.0	0.0	0.03419802994979079	0.03419802994979079	0.003632607949790794	0.003632607949790794	True	True	1.6252552306578438	1.6252552306578438
SAXS_q=0.00528871	0.037125756	0.037125756	0.00227276247	0.00227276247	0.0	0.0	0.03414207666108788	0.03414207666108786	-0.0029836793389121236	-0.0029836793389121444	True	True	-1.3127985780723155	-1.3127985780723246
SAXS_q=0.00556369	0.03683577	0.03683577	0.00204943296	0.00204943296	0.0	0.0	0.03408545324686193	0.03408545324686192	-0.0027503167531380684	-0.0027503167531380754	True	True	-1.3419891290994308	-1.3419891290994341
SAXS_q=0.00583866	0.03511044	0.03511044	0.00197205678	0.00197205678	0.0	0.0	0.034026617087866126	0.03402661708786611	-0.0010838229121338736	-0.0010838229121338874	True	True	-0.5495901148109302	-0.5495901148109373
SAXS_q=0.00611364	0.036528648	0.036528648	0.00180530514	0.00180530514	0.0	0.0	0.0339646966945607	0.03396469669456067	-0.0025639513054392937	-0.0025639513054393284	True	True	-1.4202315434826125	-1.4202315434826316
SAXS_q=0.00638862	0.033469923	0.033469923	0.00170172873	0.00170172873	0.0	0.0	0.0338984006861924	0.033898400686192466	0.00042847768619239807	0.00042847768619246746	True	True	0.25178965286223853	0.25178965286227933
SAXS_q=0.00666359	0.034477989	0.034477989	0.00163518342	0.00163518342	0.0	0.0	0.0338296788786611	0.03382967887866109	-0.0006483101213389034	-0.0006483101213389103	True	True	-0.3964754738883687	-0.3964754738883729
SAXS_q=0.007076055	0.0367608255	0.0367608255	0.00108042646153	0.00108042646153	0.0	0.0	0.0337221876401674	0.033722187640167364	-0.0030386378598325978	-0.0030386378598326325	True	True	-2.8124430195180152	-2.812443019518047
SAXS_q=0.00762601	0.033529185	0.033529185	0.000970700838168	0.000970700838168	0.0	0.0	0.03356678259414229	0.03356678259414225	3.759759414228431e-05	3.759759414224961e-05	True	True	0.038732421631820266	0.038732421631784524
SAXS_q=0.00817596	0.0363085575	0.0363085575	0.00091396537725	0.0009139653772500002	0.0	0.0	0.03340323851882854	0.033403238518828454	-0.0029053189811714605	-0.002905318981171544	True	True	-3.1788063897050214	-3.178806389705112
SAXS_q=0.00872591	0.0337609902	0.0337609902	0.000853659320193	0.000853659320193	0.0	0.0	0.033227064761506275	0.033227064761506275	-0.000533925438493725	-0.000533925438493725	True	True	-0.6254549395337383	-0.6254549395337383
SAXS_q=0.009275865	0.0322778796	0.0322778796	0.000787594489659	0.000787594489659	0.0	0.0	0.03304405491213393	0.033044054912133886	0.0007661753121339238	0.0007661753121338821	True	True	0.9728043075385787	0.9728043075385259
SAXS_q=0.00982582	0.03373332015	0.03373332015	0.00075414716736	0.00075414716736	0.0	0.0	0.03285173014225946	0.03285173014225941	-0.0008815900077405459	-0.0008815900077405944	True	True	-1.1689893510131155	-1.16898935101318
SAXS_q=0.0103758	0.034474317	0.034474317	0.000727495376934	0.000727495376934	0.0	0.0	0.03264510098744771	0.032645100987447696	-0.0018292160125522872	-0.001829216012552301	True	True	-2.514402249896686	-2.514402249896705
SAXS_q=0.0109257	0.032768724	0.032768724	0.000678779657703	0.000678779657703	0.0	0.0	0.032430095112970736	0.03243009511297071	-0.0003386288870292631	-0.00033862888702929084	True	True	-0.49887895605944943	-0.49887895605949034
SAXS_q=0.0114757	0.03249508605	0.03249508605	0.000650521383444	0.000650521383444	0.0	0.0	0.03220502662761508	0.03220502662761506	-0.000290059422384914	-0.0002900594223849348	True	True	-0.44588760610646966	-0.4458876061065017
SAXS_q=0.0120256	0.0318161001	0.0318161001	0.000628406796798	0.000628406796798	0.0	0.0	0.03197373358158999	0.031973733581589954	0.0001576334815899874	0.00015763348158995272	True	True	0.25084623908143117	0.25084623908137593
SAXS_q=0.0125756	0.0322276446	0.0322276446	0.000614177813628	0.000614177813628	0.0	0.0	0.03172864348953978	0.03172864348953974	-0.0004990011104602232	-0.0004990011104602579	True	True	-0.8124701013092311	-0.8124701013092877
SAXS_q=0.013263	0.0309941008002	0.0309941008002	0.000476366986747	0.000476366986747	0.0	0.0	0.031411860393305444	0.031411860393305444	0.0004177595931054434	0.0004177595931054434	True	True	0.8769700771210597	0.8769700771210597
SAXS_q=0.014087933333	0.0316067332002	0.0316067332002	0.000459214311175	0.000459214311175	0.0	0.0	0.03101452605857738	0.031014526058577404	-0.0005922071416226207	-0.0005922071416225964	True	True	-1.2896095073938998	-1.289609507393847
SAXS_q=0.0149129	0.0307224832998	0.0307224832998	0.000441554443199	0.000441554443199	0.0	0.0	0.030591885815899583	0.03059188581589958	-0.00013059748390041592	-0.0001305974839004194	True	True	-0.29576756821708206	-0.29576756821708994
SAXS_q=0.0157378	0.0306244561998	0.0306244561998	0.000428198876997	0.000428198876997	0.0	0.0	0.030153952142259403	0.03015395214225941	-0.00047050405754059735	-0.0004705040575405904	True	True	-1.0987979717282017	-1.0987979717281855
SAXS_q=0.016562733333	0.0295171441998	0.0295171441998	0.00041194860616	0.00041194860616	0.0	0.0	0.029694958309623407	0.029694958309623428	0.00017781410982340567	0.0001778141098234265	True	True	0.4316414891675663	0.43164148916761685
SAXS_q=0.017387666667	0.0300264709998	0.0300264709998	0.000401299629593	0.000401299629593	0.0	0.0	0.029219078912133864	0.02921907891213389	-0.0008073920876661353	-0.000807392087666111	True	True	-2.011943266643421	-2.0119432666433603
SAXS_q=0.0182126	0.0283768216002	0.0283768216002	0.000387213737949	0.000387213737949	0.0	0.0	0.028727693481171546	0.028727693481171546	0.00035087188097154484	0.00035087188097154484	True	True	0.9061452282918698	0.9061452282918698
SAXS_q=0.019175	0.028704588825	0.028704588825	0.000326312698353	0.000326312698353	0.0	0.0	0.02813341726359833	0.028133417263598325	-0.000571171561401667	-0.0005711715614016739	True	True	-1.7503810433505793	-1.7503810433506006
SAXS_q=0.0202749	0.027219507075	0.027219507075	0.000311328514843	0.000311328514843	0.0	0.0	0.027430216845188263	0.02743021684518828	0.00021070977018826376	0.0002107097701882811	True	True	0.6768084519804513	0.676808451980507
SAXS_q=0.0213748	0.026979330225	0.026979330225	0.000304329094114	0.000304329094114	0.0	0.0	0.02670613332217569	0.02670613332217573	-0.0002731969028243117	-0.00027319690282427006	True	True	-0.8977022181190919	-0.8977022181189551
SAXS_q=0.022474725	0.0259613358	0.0259613358	0.000291997855206	0.000291997855206	0.0	0.0	0.02595926722175731	0.025959267221757322	-2.0685782426872745e-06	-2.068578242676866e-06	True	True	-0.007084224098933618	-0.007084224098897973
SAXS_q=0.023574625	0.02588867865	0.02588867865	0.000284858565565	0.000284858565565	0.0	0.0	0.025191203774058615	0.025191203774058576	-0.0006974748759413854	-0.0006974748759414236	True	True	-2.4484953596462353	-2.448495359646369
SAXS_q=0.024674525	0.02492772645	0.02492772645	0.000275967617306	0.000275967617306	0.0	0.0	0.024407864970711277	0.024407864970711297	-0.0005198614792887232	-0.0005198614792887024	True	True	-1.8837771053126404	-1.8837771053125651
SAXS_q=0.02591192	0.02381825766	0.02381825766	0.000237745367656	0.000237745367656	0.0	0.0	0.023575197255230107	0.023575197255230124	-0.0002430604047698945	-0.00024306040476987714	True	True	-1.0223560070435733	-1.0223560070435005
SAXS_q=0.0272868	0.02244276216	0.02244276216	0.000229785095993	0.000229785095993	0.0	0.0	0.02256297195815897	0.022562971958158994	0.00012020979815896907	0.00012020979815899335	True	True	0.5231401002727829	0.5231401002728886
SAXS_q=0.02866168	0.02115858726	0.02115858726	0.000221186797443	0.000221186797443	0.0	0.0	0.021532657079497905	0.021532657079497905	0.00037406981949790474	0.00037406981949790474	True	True	1.6911941572566183	1.6911941572566183
SAXS_q=0.03003656	0.02022736908	0.02022736908	0.00021407511092	0.00021407511092	0.0	0.0	0.020491089589958135	0.02049108958995816	0.0002637205099581333	0.0002637205099581576	True	True	1.231906450146303	1.2319064501464165
SAXS_q=0.031548933333	0.0194245544502	0.0194245544502	0.000188543480903	0.000188543480903	0.0	0.0	0.019338707765690383	0.019338707765690376	-8.584668450961619e-05	-8.584668450962313e-05	True	True	-0.45531505039827785	-0.45531505039831466
SAXS_q=0.033198766667	0.0179979960498	0.0179979960498	0.000181713077765	0.000181713077765	0.0	0.0	0.01797768641841003	0.017977686418410042	-2.030963138997116e-05	-2.0309631389957283e-05	True	True	-0.11176758238741927	-0.1117675823873429
SAXS_q=0.03484865	0.0167510383998	0.0167510383998	0.000175062682783	0.000175062682783	0.0	0.0	0.016799653188284507	0.016799653188284518	4.861478848450576e-05	4.861478848451617e-05	True	True	0.2776993229606021	0.2776993229606616
SAXS_q=0.0364985	0.0151704940002	0.0151704940002	0.000168807877258	0.000168807877258	0.0	0.0	0.015682703481171525	0.015682703481171546	0.0005122094809715261	0.0005122094809715469	True	True	3.0342747583318235	3.034274758331947
SAXS_q=0.038285842857	0.0142120658141	0.0142120658141	0.000151005333604	0.000151005333604	0.0	0.0	0.014245731707112966	0.01424573170711297	3.366589301296609e-05	3.366589301296956e-05	True	True	0.222945059021904	0.222945059021927
SAXS_q=0.040210671429	0.0128438210571	0.0128438210571	0.000146960411955	0.000146960411955	0.0	0.0	0.012867959539748947	0.012867959539748954	2.4138482648946788e-05	2.4138482648953727e-05	True	True	0.16425159897032754	0.16425159897037475
SAXS_q=0.042135514286	0.0114883365	0.0114883365	0.000145648309598	0.000145648309598	0.0	0.0	0.011546251539748958	0.011546251539748954	5.7915039748957994e-05	5.7915039748954525e-05	True	True	0.3976361957705362	0.3976361957705124
SAXS_q=0.044060342857	0.0102951791141	0.0102951791141	0.000139065101139	0.000139065101139	0.0	0.0	0.010281886728033488	0.01028188672803347	-1.329238606651191e-05	-1.3292386066529258e-05	True	True	-0.09558390967713566	-0.0955839096772604
SAXS_q=0.0461226625	0.0088883635125	0.0088883635125	0.000123726773614	0.000123726773614	0.0	0.0	0.009001387213389122	0.00900138721338912	0.00011302370088912134	0.0001130237008891196	True	True	0.9134942873539249	0.9134942873539109
SAXS_q=0.048322475	0.007655253	0.007655253	0.000122557359322	0.000122557359322	0.0	0.0	0.007726334451882828	0.007726334451882845	7.108145188282778e-05	7.108145188284513e-05	True	True	0.579985178173369	0.5799851781735106
SAXS_q=0.050522275	0.0065296932	0.0065296932	0.000127412304363	0.000127412304363	0.0	0.0	0.006556058393305444	0.006556058393305439	2.6365193305444116e-05	2.6365193305438912e-05	True	True	0.20692815687823363	0.2069281568781928
SAXS_q=0.052859577778	0.00533047466661	0.00533047466661	0.000120771153208	0.000120771153208	0.0	0.0	0.005433651707112971	0.00543365170711297	0.00010317704050297107	0.0001031770405029702	True	True	0.8543185832238664	0.8543185832238592
SAXS_q=0.055334366667	0.00421292356664	0.00421292356664	0.000109810895157	0.000109810895157	0.0	0.0	0.004354356008368201	0.0043543560083682	0.00014143244172820126	0.0001414324417282004	True	True	1.2879636535699936	1.2879636535699859
SAXS_q=0.05794663	0.00348760491	0.00348760491	9.77684047542e-05	9.77684047542e-05	0.0	0.0	0.0034704024267782434	0.003470402426778242	-1.720248322175646e-05	-1.7202483221757763e-05	True	True	-0.1759513542744745	-0.17595135427448783
SAXS_q=0.0606964	0.00247022784	0.00247022784	9.27384862308e-05	9.273848623080001e-05	0.0	0.0	0.0026296501841004175	0.002629650184100418	0.00015942234410041764	0.00015942234410041807	True	True	1.7190526886934545	1.7190526886934587
SAXS_q=0.06344615	0.00186401226	0.00186401226	8.84842383099e-05	8.84842383099e-05	0.0	0.0	0.0019949650711297067	0.0019949650711297067	0.00013095281112970674	0.00013095281112970674	True	True	1.4799563586801556	1.4799563586801556
SAXS_q=0.066333409091	0.0014532069818	0.0014532069818	8.10173252448e-05	8.10173252448e-05	0.0	0.0	0.0015155842677824257	0.0015155842677824268	6.237728598242564e-05	6.237728598242672e-05	True	True	0.7699252696129862	0.7699252696129996
SAXS_q=0.069358136364	0.00129269421821	0.00129269421821	7.94061476115e-05	7.94061476115e-05	0.0	0.0	0.0012051416485355639	0.001205141648535565	-8.755256967443617e-05	-8.755256967443508e-05	True	True	-1.1025918308339688	-1.1025918308339553
SAXS_q=0.072520375	0.00105593884998	0.00105593884998	7.38085356033e-05	7.38085356033e-05	0.0	0.0	0.001087853305439331	0.0010878533054393305	3.1914455459330915e-05	3.191445545933048e-05	True	True	0.43239518571215235	0.4323951857121465
SAXS_q=0.075820075	0.00120755590002	0.00120755590002	7.21013287389e-05	7.21013287389e-05	0.0	0.0	0.0011045175481171527	0.0011045175481171547	-0.00010303835190284731	-0.00010303835190284536	True	True	-1.4290770184829649	-1.4290770184829378
SAXS_q=0.079257284615	0.00150663140771	0.00150663140771	6.79077121578e-05	6.79077121578e-05	0.0	0.0	0.0013058332719665248	0.0013058332719665272	-0.00020079813574347513	-0.00020079813574347275	True	True	-2.9569268255845826	-2.9569268255845476
SAXS_q=0.082831969231	0.00189455702307	0.00189455702307	6.66651384423e-05	6.66651384423e-05	0.0	0.0	0.001652391230125524	0.0016523912301255228	-0.00024216579294447605	-0.00024216579294447714	True	True	-3.6325701649007356	-3.6325701649007516
SAXS_q=0.08654415	0.00237375092141	0.00237375092141	6.31299329169e-05	6.31299329169e-05	0.0	0.0	0.0021183207531380753	0.0021183207531380753	-0.00025543016827192467	-0.00025543016827192467	True	True	-4.046102323728996	-4.046102323728996
SAXS_q=0.090393821429	0.00295543797859	0.00295543797859	6.22012748859e-05	6.22012748859e-05	0.0	0.0	0.002662843539748955	0.0026628435397489537	-0.00029259443884104485	-0.00029259443884104615	True	True	-4.703994240918223	-4.703994240918243
SAXS_q=0.09438096	0.00358750999998	0.00358750999998	6.07486891221e-05	6.07486891221e-05	0.0	0.0	0.0032503068200836786	0.003250306820083682	-0.00033720317989632126	-0.0003372031798963178	True	True	-5.550789404172489	-5.550789404172432
SAXS_q=0.09864301875	0.003978003825	0.003978003825	5.76834165381e-05	5.76834165381e-05	0.0	0.0	0.0038545340251046043	0.0038545340251046017	-0.00012346979989539533	-0.00012346979989539793	True	True	-2.140473073640555	-2.1404730736406
SAXS_q=0.1030425	0.00454636185	0.00454636185	5.63261185929e-05	5.63261185929e-05	0.0	0.0	0.004414578953974896	0.004414578953974895	-0.0001317828960251035	-0.00013178289602510437	True	True	-2.3396409927971664	-2.339640992797182
SAXS_q=0.10758	0.00500736420002	0.00500736420002	5.58094910001e-05	5.58094910001e-05	0.0	0.0	0.004886261774058582	0.004886261774058577	-0.00012110242596141772	-0.00012110242596142292	True	True	-2.1699252903274235	-2.169925290327517
SAXS_q=0.11239177778	0.00537149764983	0.00537149764983	5.5893579744e-05	5.5893579744e-05	0.0	0.0	0.005248216803347285	0.005248216803347279	-0.00012328084648271457	-0.00012328084648272064	True	True	-2.205635191865634	-2.205635191865743
SAXS_q=0.1173415	0.00549024236661	0.00549024236661	5.2197583734e-05	5.2197583734e-05	0.0	0.0	0.005466594225941414	0.005466594225941422	-2.36481406685864e-05	-2.3648140668578593e-05	True	True	-0.45305048580596813	-0.4530504858058186
SAXS_q=0.12242857895	0.00545602938942	0.00545602938942	4.92090323023e-05	4.92090323023e-05	0.0	0.0	0.005540347288702925	0.005540347288702929	8.431789928292459e-05	8.431789928292893e-05	True	True	1.7134638772196222	1.7134638772197104
SAXS_q=0.1277905	0.005227522185	0.005227522185	4.64202730274e-05	4.64202730274e-05	0.0	0.0	0.005475994100418416	0.005475994100418409	0.0002484719154184165	0.0002484719154184096	True	True	5.352659500123011	5.3526595001228605
SAXS_q=0.13342766667	0.00500287584286	0.00500287584286	4.39849978625e-05	4.39849978625e-05	0.0	0.0	0.00528976082845188	0.005289760828451883	0.0002868849855918801	0.0002868849855918827	True	True	6.5223371497868765	6.522337149786935
SAXS_q=0.1393395	0.00467894770908	0.00467894770908	4.17291489963e-05	4.17291489963e-05	0.0	0.0	0.00501082370711297	0.00501082370711297	0.0003318759980329702	0.0003318759980329702	True	True	7.953097679092298	7.953097679092298
SAXS_q=0.14552652174	0.00438762202175	0.00438762202175	3.97208548002e-05	3.97208548002e-05	0.0	0.0	0.004676337531380751	0.004676337531380753	0.00028871550963075095	0.0002887155096307527	True	True	7.268612699374667	7.268612699374711
SAXS_q=0.151851	0.0040085898	0.0040085898	3.88235519068e-05	3.88235519068e-05	0.0	0.0	0.00432967560669456	0.004329675606694561	0.0003210858066945597	0.0003210858066945606	True	True	8.270387198609747	8.270387198609768
SAXS_q=0.15831283333	0.00384026323752	0.00384026323752	3.72166012535e-05	3.72166012535e-05	0.0	0.0	0.003997243263598324	0.0039972432635983265	0.00015698002607832367	0.00015698002607832627	True	True	4.218010801390968	4.2180108013910385
SAXS_q=0.16505	0.003625369068	0.003625369068	3.68075140778e-05	3.68075140778e-05	0.0	0.0	0.0036854109623430937	0.003685410962343096	6.004189434309377e-05	6.0041894343095936e-05	True	True	1.6312401379833283	1.6312401379833872
SAXS_q=0.17206153846	0.00342677787693	0.00342677787693	3.66493890669e-05	3.66493890669e-05	0.0	0.0	0.0033956720418410057	0.003395672041841004	-3.1105835088994505e-05	-3.110583508899624e-05	True	True	-0.8487408898471333	-0.8487408898471805
SAXS_q=0.17948610714	0.00331399839641	0.00331399839641	3.38619221769e-05	3.38619221769e-05	0.0	0.0	0.003114035071129707	0.003114035071129707	-0.0001999633252802932	-0.0001999633252802932	True	True	-5.905256182317513	-5.905256182317513
SAXS_q=0.187323	0.00312834914481	0.00312834914481	3.2840345416e-05	3.2840345416e-05	0.0	0.0	0.0028272071548117125	0.0028272071548117155	-0.00030114198999828734	-0.0003011419899982843	True	True	-9.16987888475647	-9.169878884756377
SAXS_q=0.19543456667	0.00292031014998	0.00292031014998	3.21036699082e-05	3.21036699082e-05	0.0	0.0	0.0025280794476987413	0.0025280794476987443	-0.0003922307022812587	-0.00039223070228125564	True	True	-12.2176281840312	-12.217628184031106
SAXS_q=0.20382145161	0.00249302707742	0.00249302707742	3.12943977175e-05	3.12943977175e-05	0.0	0.0	0.002213426585774058	0.0022134265857740583	-0.00027960049164594235	-0.0002796004916459419	True	True	-8.934522216083046	-8.934522216083034
SAXS_q=0.21248325	0.00209475774375	0.00209475774375	3.0315963712e-05	3.0315963712e-05	0.0	0.0	0.0018918324100418412	0.001891832410041841	-0.00020292533370815883	-0.00020292533370815905	True	True	-6.69367913340768	-6.693679133407687
SAXS_q=0.2215575	0.00169647240001	0.00169647240001	2.97022071986e-05	2.97022071986e-05	0.0	0.0	0.001576243698744769	0.0015762436987447697	-0.000120228701265231	-0.00012022870126523035	True	True	-4.047803601306031	-4.047803601306009
SAXS_q=0.231044	0.00137892036859	0.00137892036859	3.0449015241e-05	3.0449015241e-05	0.0	0.0	0.0012889162175732187	0.0012889162175732216	-9.00041510167812e-05	-9.000415101677837e-05	True	True	-2.9558969413102534	-2.955896941310161
SAXS_q=0.24080569444	0.001065064875	0.001065064875	2.91571341365e-05	2.91571341365e-05	0.0	0.0	0.001052197163179918	0.0010521971631799161	-1.2867711820082001e-05	-1.2867711820083953e-05	True	True	-0.44132292837291287	-0.44132292837297976
amide:445-GLY-H--446-GLU-H	0.023323615160349854	0.023323615160349854	0.00599750104123282	0.00599750104123282	-1.0	-1.0	0.044911941564645966	0.044911941564645994	0.021588326404296112	0.02158832640429614	False	False	0.0	0.0
amide:445-GLY-H--447-GLU-H	0.011739293764087149	0.011739293764087149	0.0024012191790178257	0.0024012191790178257	-1.0	-1.0	0.01272994392148586	0.012729943921485867	0.0009906501573987113	0.0009906501573987182	False	False	0.0	0.0
amide:444-LEU-H--445-GLY-H	0.023323615160349854	0.023323615160349854	0.00599750104123282	0.00599750104123282	-1.0	-1.0	0.04829816358065929	0.04829816358065929	0.024974548420309436	0.024974548420309436	False	False	0.0	0.0
amide:444-LEU-H--446-GLU-H	0.011739293764087149	0.011739293764087149	0.0024012191790178257	0.0024012191790178257	-1.0	-1.0	0.012589421444686322	0.012589421444686315	0.0008501276805991734	0.0008501276805991664	False	False	0.0	0.0
amide:444-LEU-H--445-GLY-H	0.023323615160349854	0.023323615160349854	0.00599750104123282	0.00599750104123282	-1.0	-1.0	0.04829816358065929	0.04829816358065929	0.024974548420309436	0.024974548420309436	False	False	0.0	0.0
amide:444-LEU-H--447-GLU-H	0.011739293764087149	0.011739293764087149	0.0024012191790178257	0.0024012191790178257	-1.0	-1.0	0.008980797727037922	0.008980797727037906	-0.0027584960370492274	-0.002758496037049243	True	True	-1.1487897736088961	-1.1487897736089026
amide:446-GLU-H--447-GLU-H	0.023323615160349854	0.023323615160349854	0.00599750104123282	0.00599750104123282	-1.0	-1.0	0.04667945957244276	0.04667945957244273	0.023355844412092906	0.023355844412092878	False	False	0.0	0.0
amide:451-ARG-H--452-ALA-H	0.023323615160349854	0.023323615160349854	0.00599750104123282	0.00599750104123282	-1.0	-1.0	0.04368564507963579	0.043685645079635786	0.02036202991928594	0.020362029919285932	False	False	0.0	0.0
amide:450-ASP-H--452-ALA-H	0.011739293764087149	0.011739293764087149	0.0024012191790178257	0.0024012191790178257	-1.0	-1.0	0.012574078608233523	0.012574078608233522	0.0008347848441463742	0.0008347848441463725	False	False	0.0	0.0
amide:452-ALA-H--454-ALA-H	0.011739293764087149	0.011739293764087149	0.0024012191790178257	0.0024012191790178257	-1.0	-1.0	0.012406680606113036	0.012406680606113041	0.0006673868420258872	0.0006673868420258924	False	False	0.0	0.0
amide:452-ALA-H--453-ARG-H	0.023323615160349854	0.023323615160349854	0.00599750104123282	0.00599750104123282	-1.0	-1.0	0.044085478232086604	0.044085478232086535	0.02076186307173675	0.02076186307173668	False	False	0.0	0.0
amide:453-ARG-H--455-HIS-H	0.011739293764087149	0.011739293764087149	0.0024012191790178257	0.0024012191790178257	-1.0	-1.0	0.012232821894512136	0.01223282189451214	0.0004935281304249868	0.0004935281304249903	False	False	0.0	0.0
amide:453-ARG-H--454-ALA-H	0.023323615160349854	0.023323615160349854	0.00599750104123282	0.00599750104123282	-1.0	-1.0	0.04429608149127653	0.044296081491276534	0.020972466330926674	0.02097246633092668	False	False	0.0	0.0
amide:454-ALA-H--455-HIS-H	0.023323615160349854	0.023323615160349854	0.00599750104123282	0.00599750104123282	-1.0	-1.0	0.04420815684040565	0.04420815684040563	0.0208845416800558	0.02088454168005578	False	False	0.0	0.0
amide:466-TYR-H--467-SER-H	0.023323615160349854	0.023323615160349854	0.00599750104123282	0.00599750104123282	-1.0	-1.0	0.04966852054522049	0.049668520545220536	0.026344905384870634	0.026344905384870682	False	False	0.0	0.0
amide:462-HIS-H--463-LEU-H	0.023323615160349854	0.023323615160349854	0.00599750104123282	0.00599750104123282	-1.0	-1.0	0.06344888935731516	0.06344888935731512	0.04012527419696531	0.040125274196965266	False	False	0.0	0.0
amide:361-ARG-H--362-GLU-H	0.023323615160349854	0.023323615160349854	0.00599750104123282	0.00599750104123282	-1.0	-1.0	0.043474904795643615	0.043474904795643594	0.02015128963529376	0.02015128963529374	False	False	0.0	0.0
amide:363-GLN-H--364-LEU-H	0.023323615160349854	0.023323615160349854	0.00599750104123282	0.00599750104123282	-1.0	-1.0	0.04976976863312799	0.049769768633127945	0.02644615347277814	0.02644615347277809	False	False	0.0	0.0
amide:363-GLN-H--365-GLY-H	0.011739293764087149	0.011739293764087149	0.0024012191790178257	0.0024012191790178257	-1.0	-1.0	0.011349280505228114	0.011349280505228123	-0.0003900132588590347	-0.00039001325885902605	True	True	-0.1624230150529459	-0.1624230150529423
amide:364-LEU-H--365-GLY-H	0.023323615160349854	0.023323615160349854	0.00599750104123282	0.00599750104123282	-1.0	-1.0	0.04582706236470253	0.04582706236470248	0.022503447204352673	0.022503447204352624	False	False	0.0	0.0
amide:367-VAL-H--368-THR-H	0.023323615160349854	0.023323615160349854	0.00599750104123282	0.00599750104123282	-1.0	-1.0	0.05060835426690422	0.05060835426690418	0.02728473910655437	0.027284739106554327	False	False	0.0	0.0
amide:359-LYS-H--361-ARG-H	0.011739293764087149	0.011739293764087149	0.0024012191790178257	0.0024012191790178257	-1.0	-1.0	0.012610395882243866	0.012610395882243854	0.0008711021181567174	0.0008711021181567052	False	False	0.0	0.0
amide:361-ARG-H--363-GLN-H	0.011739293764087149	0.011739293764087149	0.0024012191790178257	0.0024012191790178257	-1.0	-1.0	0.012525518364583434	0.012525518364583437	0.0007862246004962849	0.0007862246004962884	False	False	0.0	0.0
amide:362-GLU-H--364-LEU-H	0.011739293764087149	0.011739293764087149	0.0024012191790178257	0.0024012191790178257	-1.0	-1.0	0.01232982469871708	0.012329824698717082	0.0005905309346299313	0.000590530934629933	False	False	0.0	0.0
amide:360-LEU-H--361-ARG-H	0.023323615160349854	0.023323615160349854	0.00599750104123282	0.00599750104123282	-1.0	-1.0	0.045167367528975245	0.045167367528975225	0.02184375236862539	0.02184375236862537	False	False	0.0	0.0
amide:367-VAL-H--369-GLN-H	0.011739293764087149	0.011739293764087149	0.0024012191790178257	0.0024012191790178257	-1.0	-1.0	0.013976044622807856	0.013976044622807843	0.0022367508587207065	0.0022367508587206944	False	False	0.0	0.0
amide:368-THR-H--369-GLN-H	0.023323615160349854	0.023323615160349854	0.00599750104123282	0.00599750104123282	-1.0	-1.0	0.05009870776458593	0.0500987077645859	0.026775092604236075	0.026775092604236047	False	False	0.0	0.0
amide:369-GLN-H--370-GLU-H	0.023323615160349854	0.023323615160349854	0.00599750104123282	0.00599750104123282	-1.0	-1.0	0.04497880330837713	0.044978803308377155	0.021655188148027273	0.0216551881480273	False	False	0.0	0.0
amide:368-THR-H--370-GLU-H	0.011739293764087149	0.011739293764087149	0.0024012191790178257	0.0024012191790178257	-1.0	-1.0	0.012063439062033849	0.012063439062033844	0.00032414529794669994	0.00032414529794669474	False	False	0.0	0.0
amide:367-VAL-H--369-GLN-H	0.011739293764087149	0.011739293764087149	0.0024012191790178257	0.0024012191790178257	-1.0	-1.0	0.013976044622807856	0.013976044622807843	0.0022367508587207065	0.0022367508587206944	False	False	0.0	0.0
amide:375-LEU-H--376-GLU-H	0.023323615160349854	0.023323615160349854	0.00599750104123282	0.00599750104123282	-1.0	-1.0	0.043249886480710306	0.043249886480710355	0.019926271320360452	0.0199262713203605	False	False	0.0	0.0
amide:376-GLU-H--377-LYS-H	0.023323615160349854	0.023323615160349854	0.00599750104123282	0.00599750104123282	-1.0	-1.0	0.041717091255796666	0.041717091255796555	0.018393476095446813	0.0183934760954467	False	False	0.0	0.0
amide:375-LEU-H--377-LYS-H	0.011739293764087149	0.011739293764087149	0.0024012191790178257	0.0024012191790178257	-1.0	-1.0	0.01195872134098949	0.01195872134098949	0.00021942757690234134	0.00021942757690234134	False	False	0.0	0.0
amide:373-ASP-H--374-ASN-H	0.023323615160349854	0.023323615160349854	0.00599750104123282	0.00599750104123282	-1.0	-1.0	0.04489489543489343	0.044894895434893445	0.021571280274543577	0.02157128027454359	False	False	0.0	0.0
amide:373-ASP-H--376-GLU-H	0.011739293764087149	0.011739293764087149	0.0024012191790178257	0.0024012191790178257	-1.0	-1.0	0.00928456351705188	0.009284563517051887	-0.0024547302470352694	-0.0024547302470352625	True	True	-1.0222849577768787	-1.0222849577768758
amide:493-HIS-H--494-ALA-H	0.023323615160349854	0.023323615160349854	0.00599750104123282	0.00599750104123282	-1.0	-1.0	0.04503936427253199	0.045039364272531926	0.021715749112182135	0.021715749112182072	False	False	0.0	0.0
amide:493-HIS-H--495-LYS-H	0.011739293764087149	0.011739293764087149	0.0024012191790178257	0.0024012191790178257	-1.0	-1.0	0.011797353977592009	0.011797353977592018	5.806021350486003e-05	5.80602135048687e-05	False	False	0.0	0.0
amide:491-GLU-H--493-HIS-H	0.011739293764087149	0.011739293764087149	0.0024012191790178257	0.0024012191790178257	-1.0	-1.0	0.012955369192567387	0.012955369192567383	0.0012160754284802379	0.0012160754284802344	False	False	0.0	0.0
amide:373-ASP-H--374-ASN-H	0.023323615160349854	0.023323615160349854	0.00599750104123282	0.00599750104123282	-1.0	-1.0	0.04489489543489343	0.044894895434893445	0.021571280274543577	0.02157128027454359	False	False	0.0	0.0
amide:373-ASP-H--375-LEU-H	0.011739293764087149	0.011739293764087149	0.0024012191790178257	0.0024012191790178257	-1.0	-1.0	0.013091434439382127	0.013091434439382127	0.0013521406752949779	0.0013521406752949779	False	False	0.0	0.0
amide:373-ASP-H--376-GLU-H	0.011739293764087149	0.011739293764087149	0.0024012191790178257	0.0024012191790178257	-1.0	-1.0	0.00928456351705188	0.009284563517051887	-0.0024547302470352694	-0.0024547302470352625	True	True	-1.0222849577768787	-1.0222849577768758
amide:374-ASN-H--376-GLU-H	0.011739293764087149	0.011739293764087149	0.0024012191790178257	0.0024012191790178257	-1.0	-1.0	0.01257087917500765	0.012570879175007658	0.0008315854109205018	0.0008315854109205087	False	False	0.0	0.0
amide:377-LYS-H--378-GLU-H	0.023323615160349854	0.023323615160349854	0.00599750104123282	0.00599750104123282	-1.0	-1.0	0.04412804657767171	0.04412804657767172	0.02080443141732186	0.020804431417321866	False	False	0.0	0.0
amide:381-GLY-H--382-LEU-H	0.023323615160349854	0.023323615160349854	0.00599750104123282	0.00599750104123282	-1.0	-1.0	0.047434223380429644	0.047434223380429685	0.02411060822007979	0.02411060822007983	False	False	0.0	0.0
amide:463-LEU-H--464-ALA-H	0.023323615160349854	0.023323615160349854	0.00599750104123282	0.00599750104123282	-1.0	-1.0	0.03911811613866292	0.039118116138662916	0.01579450097831307	0.015794500978313062	False	False	0.0	0.0
amide:532-ALA-H--533-LEU-H	0.023323615160349854	0.023323615160349854	0.00599750104123282	0.00599750104123282	-1.0	-1.0	0.04603353254553511	0.04603353254553516	0.02270991738518526	0.022709917385185307	False	False	0.0	0.0
amide:531-SER-H--532-ALA-H	0.023323615160349854	0.023323615160349854	0.00599750104123282	0.00599750104123282	-1.0	-1.0	0.04443881768630179	0.04443881768630184	0.021115202525951938	0.021115202525951986	False	False	0.0	0.0
amide:531-SER-H--532-ALA-H	0.023323615160349854	0.023323615160349854	0.00599750104123282	0.00599750104123282	-1.0	-1.0	0.04443881768630179	0.04443881768630184	0.021115202525951938	0.021115202525951986	False	False	0.0	0.0
amide:530-LEU-H--532-ALA-H	0.011739293764087149	0.011739293764087149	0.0024012191790178257	0.0024012191790178257	-1.0	-1.0	0.012246084784383866	0.012246084784383882	0.0005067910202967169	0.0005067910202967325	False	False	0.0	0.0
amide:536-TYR-H--537-THR-H	0.023323615160349854	0.023323615160349854	0.00599750104123282	0.00599750104123282	-1.0	-1.0	0.04697630565724626	0.046976305657246274	0.023652690496896406	0.02365269049689642	False	False	0.0	0.0
amide:537-THR-H--538-LYS-H	0.023323615160349854	0.023323615160349854	0.00599750104123282	0.00599750104123282	-1.0	-1.0	0.04742528677333516	0.047425286773335115	0.024101671612985303	0.02410167161298526	False	False	0.0	0.0
amide:537-THR-H--539-LYS-H	0.011739293764087149	0.011739293764087149	0.0024012191790178257	0.0024012191790178257	-1.0	-1.0	0.013128857310947794	0.013128857310947789	0.0013895635468606452	0.00138956354686064	False	False	0.0	0.0
amide:538-LYS-H--539-LYS-H	0.023323615160349854	0.023323615160349854	0.00599750104123282	0.00599750104123282	-1.0	-1.0	0.04397482255327576	0.043974822553275776	0.02065120739292591	0.020651207392925922	False	False	0.0	0.0
amide:538-LYS-H--540-LEU-H	0.011739293764087149	0.011739293764087149	0.0024012191790178257	0.0024012191790178257	-1.0	-1.0	0.01242554921449676	0.012425549214496758	0.0006862554504096108	0.0006862554504096091	False	False	0.0	0.0
amide:532-ALA-H--533-LEU-H	0.023323615160349854	0.023323615160349854	0.00599750104123282	0.00599750104123282	-1.0	-1.0	0.04603353254553511	0.04603353254553516	0.02270991738518526	0.022709917385185307	False	False	0.0	0.0
amide:532-ALA-H--535-GLU-H	0.011739293764087149	0.011739293764087149	0.0024012191790178257	0.0024012191790178257	-1.0	-1.0	0.008981701083176995	0.008981701083176998	-0.0027575926809101543	-0.002757592680910151	True	True	-1.1484135663276256	-1.148413566327624
amide:386-MET-H--387-SER-H	0.023323615160349854	0.023323615160349854	0.00599750104123282	0.00599750104123282	-1.0	-1.0	0.047616123140310315	0.047616123140310315	0.02429250797996046	0.02429250797996046	False	False	0.0	0.0
amide:386-MET-H--388-LYS-H	0.011739293764087149	0.011739293764087149	0.0024012191790178257	0.0024012191790178257	-1.0	-1.0	0.012056342933352454	0.012056342933352435	0.0003170491692653047	0.0003170491692652856	False	False	0.0	0.0
amide:386-MET-H--387-SER-H	0.023323615160349854	0.023323615160349854	0.00599750104123282	0.00599750104123282	-1.0	-1.0	0.047616123140310315	0.047616123140310315	0.02429250797996046	0.02429250797996046	False	False	0.0	0.0
amide:387-SER-H--388-LYS-H	0.023323615160349854	0.023323615160349854	0.00599750104123282	0.00599750104123282	-1.0	-1.0	0.05393639204433948	0.05393639204433949	0.03061277688398963	0.030612776883989636	False	False	0.0	0.0
amide:388-LYS-H--389-ASP-H	0.023323615160349854	0.023323615160349854	0.00599750104123282	0.00599750104123282	-1.0	-1.0	0.027798214269290557	0.027798214269290567	0.004474599108940703	0.004474599108940713	False	False	0.0	0.0
amide:389-ASP-H--390-LEU-H	0.023323615160349854	0.023323615160349854	0.00599750104123282	0.00599750104123282	-1.0	-1.0	0.030388338955084	0.03038833895508401	0.007064723794734145	0.007064723794734155	False	False	0.0	0.0
amide:388-LYS-H--390-LEU-H	0.011739293764087149	0.011739293764087149	0.0024012191790178257	0.0024012191790178257	-1.0	-1.0	0.007910450788104291	0.007910450788104291	-0.0038288429759828577	-0.0038288429759828577	True	True	-1.594541226989939	-1.594541226989939
amide:394-LYS-H--395-ALA-H	0.023323615160349854	0.023323615160349854	0.00599750104123282	0.00599750104123282	-1.0	-1.0	0.04504888612109653	0.04504888612109654	0.021725270960746678	0.021725270960746685	False	False	0.0	0.0
amide:393-VAL-H--395-ALA-H	0.011739293764087149	0.011739293764087149	0.0024012191790178257	0.0024012191790178257	-1.0	-1.0	0.01287043360625584	0.012870433606255848	0.0011311398421686904	0.0011311398421686991	False	False	0.0	0.0
amide:400-TYR-H--401-LEU-H	0.023323615160349854	0.023323615160349854	0.00599750104123282	0.00599750104123282	-1.0	-1.0	0.04815981205971902	0.04815981205971891	0.024836196899369164	0.024836196899369053	False	False	0.0	0.0
amide:400-TYR-H--402-ASP-H	0.011739293764087149	0.011739293764087149	0.0024012191790178257	0.0024012191790178257	-1.0	-1.0	0.013198902391952356	0.013198902391952361	0.0014596086278652071	0.0014596086278652123	False	False	0.0	0.0
amide:402-ASP-H--403-ASP-H	0.023323615160349854	0.023323615160349854	0.00599750104123282	0.00599750104123282	-1.0	-1.0	0.044475898833619534	0.04447589883361956	0.02115228367326968	0.021152283673269708	False	False	0.0	0.0
amide:401-LEU-H--403-ASP-H	0.011739293764087149	0.011739293764087149	0.0024012191790178257	0.0024012191790178257	-1.0	-1.0	0.011908740651891528	0.011908740651891517	0.0001694468878043788	0.0001694468878043684	False	False	0.0	0.0
amide:401-LEU-H--402-ASP-H	0.023323615160349854	0.023323615160349854	0.00599750104123282	0.00599750104123282	-1.0	-1.0	0.04239388934051316	0.042393889340513136	0.01907027418016331	0.019070274180163282	False	False	0.0	0.0
amide:403-ASP-H--404-PHE-H	0.023323615160349854	0.023323615160349854	0.00599750104123282	0.00599750104123282	-1.0	-1.0	0.045564399862164054	0.045564399862164054	0.0222407847018142	0.0222407847018142	False	False	0.0	0.0
amide:402-ASP-H--403-ASP-H	0.023323615160349854	0.023323615160349854	0.00599750104123282	0.00599750104123282	-1.0	-1.0	0.044475898833619534	0.04447589883361956	0.02115228367326968	0.021152283673269708	False	False	0.0	0.0
amide:403-ASP-H--405-GLN-H	0.011739293764087149	0.011739293764087149	0.0024012191790178257	0.0024012191790178257	-1.0	-1.0	0.012226290096622492	0.012226290096622497	0.00048699633253534297	0.00048699633253534817	False	False	0.0	0.0
amide:404-PHE-H--405-GLN-H	0.023323615160349854	0.023323615160349854	0.00599750104123282	0.00599750104123282	-1.0	-1.0	0.042835036803441646	0.04283503680344164	0.019511421643091793	0.019511421643091786	False	False	0.0	0.0
amide:404-PHE-H--406-LYS-H	0.011739293764087149	0.011739293764087149	0.0024012191790178257	0.0024012191790178257	-1.0	-1.0	0.012367019851294264	0.012367019851294282	0.0006277260872071151	0.0006277260872071325	False	False	0.0	0.0
amide:405-GLN-H--406-LYS-H	0.023323615160349854	0.023323615160349854	0.00599750104123282	0.00599750104123282	-1.0	-1.0	0.04436483463315139	0.04436483463315138	0.021041219472801537	0.021041219472801524	False	False	0.0	0.0
amide:406-LYS-H--407-LYS-H	0.023323615160349854	0.023323615160349854	0.00599750104123282	0.00599750104123282	-1.0	-1.0	0.044022466879642945	0.04402246687964297	0.02069885171929309	0.02069885171929312	False	False	0.0	0.0
amide:406-LYS-H--408-TRP-H	0.011739293764087149	0.011739293764087149	0.0024012191790178257	0.0024012191790178257	-1.0	-1.0	0.012702777055972714	0.012702777055972732	0.0009634832918855654	0.0009634832918855828	False	False	0.0	0.0
amide:408-TRP-H--409-GLN-H	0.023323615160349854	0.023323615160349854	0.00599750104123282	0.00599750104123282	-1.0	-1.0	0.04393392601177665	0.043933926011776675	0.020610310851426793	0.02061031085142682	False	False	0.0	0.0
amide:409-GLN-H--411-GLU-H	0.011739293764087149	0.011739293764087149	0.0024012191790178257	0.0024012191790178257	-1.0	-1.0	0.011417474886282539	0.011417474886282522	-0.00032181887780461	-0.00032181887780462735	True	True	-0.134023116513772	-0.1340231165137792
amide:413-GLU-H--414-LEU-H	0.023323615160349854	0.023323615160349854	0.00599750104123282	0.00599750104123282	-1.0	-1.0	0.04764399706164693	0.04764399706164699	0.024320381901297077	0.024320381901297133	False	False	0.0	0.0
amide:412-MET-H--413-GLU-H	0.023323615160349854	0.023323615160349854	0.00599750104123282	0.00599750104123282	-1.0	-1.0	0.04309437692102554	0.04309437692102551	0.019770761760675683	0.019770761760675656	False	False	0.0	0.0
amide:409-GLN-H--411-GLU-H	0.011739293764087149	0.011739293764087149	0.0024012191790178257	0.0024012191790178257	-1.0	-1.0	0.011417474886282539	0.011417474886282522	-0.00032181887780461	-0.00032181887780462735	True	True	-0.134023116513772	-0.1340231165137792
amide:411-GLU-H--412-MET-H	0.023323615160349854	0.023323615160349854	0.00599750104123282	0.00599750104123282	-1.0	-1.0	0.049648415859088045	0.04964841585908796	0.02632480069873819	0.026324800698738108	False	False	0.0	0.0
amide:411-GLU-H--412-MET-H	0.023323615160349854	0.023323615160349854	0.00599750104123282	0.00599750104123282	-1.0	-1.0	0.049648415859088045	0.04964841585908796	0.02632480069873819	0.026324800698738108	False	False	0.0	0.0
amide:412-MET-H--414-LEU-H	0.011739293764087149	0.011739293764087149	0.0024012191790178257	0.0024012191790178257	-1.0	-1.0	0.012475360003440055	0.012475360003440052	0.000736066239352906	0.0007360662393529026	False	False	0.0	0.0
amide:414-LEU-H--415-TYR-H	0.023323615160349854	0.023323615160349854	0.00599750104123282	0.00599750104123282	-1.0	-1.0	0.04955858965188673	0.04955858965188667	0.02623497449153688	0.026234974491536816	False	False	0.0	0.0
amide:447-GLU-H--448-MET-H	0.023323615160349854	0.023323615160349854	0.00599750104123282	0.00599750104123282	-1.0	-1.0	0.044542094135256095	0.04454209413525612	0.02121847897490624	0.02121847897490627	False	False	0.0	0.0
amide:446-GLU-H--447-GLU-H	0.023323615160349854	0.023323615160349854	0.00599750104123282	0.00599750104123282	-1.0	-1.0	0.04667945957244276	0.04667945957244273	0.023355844412092906	0.023355844412092878	False	False	0.0	0.0
amide:445-GLY-H--447-GLU-H	0.011739293764087149	0.011739293764087149	0.0024012191790178257	0.0024012191790178257	-1.0	-1.0	0.01272994392148586	0.012729943921485867	0.0009906501573987113	0.0009906501573987182	False	False	0.0	0.0
amide:447-GLU-H--448-MET-H	0.023323615160349854	0.023323615160349854	0.00599750104123282	0.00599750104123282	-1.0	-1.0	0.044542094135256095	0.04454209413525612	0.02121847897490624	0.02121847897490627	False	False	0.0	0.0
amide:448-MET-H--449-ARG-H	0.023323615160349854	0.023323615160349854	0.00599750104123282	0.00599750104123282	-1.0	-1.0	0.04392946429030103	0.04392946429030101	0.020605849129951174	0.020605849129951153	False	False	0.0	0.0
amide:449-ARG-H--450-ASP-H	0.023323615160349854	0.023323615160349854	0.00599750104123282	0.00599750104123282	-1.0	-1.0	0.044146344982296734	0.044146344982296706	0.02082272982194688	0.020822729821946852	False	False	0.0	0.0
amide:450-ASP-H--451-ARG-H	0.023323615160349854	0.023323615160349854	0.00599750104123282	0.00599750104123282	-1.0	-1.0	0.04579755192001899	0.04579755192001901	0.022473936759669137	0.022473936759669157	False	False	0.0	0.0
amide:452-ALA-H--454-ALA-H	0.011739293764087149	0.011739293764087149	0.0024012191790178257	0.0024012191790178257	-1.0	-1.0	0.012406680606113036	0.012406680606113041	0.0006673868420258872	0.0006673868420258924	False	False	0.0	0.0
amide:453-ARG-H--455-HIS-H	0.011739293764087149	0.011739293764087149	0.0024012191790178257	0.0024012191790178257	-1.0	-1.0	0.012232821894512136	0.01223282189451214	0.0004935281304249868	0.0004935281304249903	False	False	0.0	0.0
amide:455-HIS-H--456-VAL-H	0.023323615160349854	0.023323615160349854	0.00599750104123282	0.00599750104123282	-1.0	-1.0	0.043835363909542416	0.04383536390954236	0.020511748749192562	0.020511748749192506	False	False	0.0	0.0
amide:456-VAL-H--457-ASP-H	0.023323615160349854	0.023323615160349854	0.00599750104123282	0.00599750104123282	-1.0	-1.0	0.045821964392811824	0.04582196439281183	0.02249834923246197	0.022498349232461978	False	False	0.0	0.0
amide:457-ASP-H--458-ALA-H	0.023323615160349854	0.023323615160349854	0.00599750104123282	0.00599750104123282	-1.0	-1.0	0.042906804448253004	0.04290680444825301	0.01958318928790315	0.019583189287903157	False	False	0.0	0.0
amide:456-VAL-H--458-ALA-H	0.011739293764087149	0.011739293764087149	0.0024012191790178257	0.0024012191790178257	-1.0	-1.0	0.012718595884907433	0.012718595884907424	0.000979302120820284	0.0009793021208202753	False	False	0.0	0.0
amide:457-ASP-H--458-ALA-H	0.023323615160349854	0.023323615160349854	0.00599750104123282	0.00599750104123282	-1.0	-1.0	0.042906804448253004	0.04290680444825301	0.01958318928790315	0.019583189287903157	False	False	0.0	0.0
amide:455-HIS-H--456-VAL-H	0.023323615160349854	0.023323615160349854	0.00599750104123282	0.00599750104123282	-1.0	-1.0	0.043835363909542416	0.04383536390954236	0.020511748749192562	0.020511748749192506	False	False	0.0	0.0
amide:456-VAL-H--457-ASP-H	0.023323615160349854	0.023323615160349854	0.00599750104123282	0.00599750104123282	-1.0	-1.0	0.045821964392811824	0.04582196439281183	0.02249834923246197	0.022498349232461978	False	False	0.0	0.0
amide:455-HIS-H--457-ASP-H	0.011739293764087149	0.011739293764087149	0.0024012191790178257	0.0024012191790178257	-1.0	-1.0	0.012318728237565652	0.012318728237565652	0.0005794344734785031	0.0005794344734785031	False	False	0.0	0.0
amide:459-LEU-H--460-ARG-H	0.023323615160349854	0.023323615160349854	0.00599750104123282	0.00599750104123282	-1.0	-1.0	0.043574601127904	0.04357460112790394	0.020250985967554144	0.020250985967554088	False	False	0.0	0.0
amide:457-ASP-H--459-LEU-H	0.011739293764087149	0.011739293764087149	0.0024012191790178257	0.0024012191790178257	-1.0	-1.0	0.012342089919067356	0.012342089919067361	0.0006027961549802067	0.0006027961549802119	False	False	0.0	0.0
amide:460-ARG-H--461-THR-H	0.023323615160349854	0.023323615160349854	0.00599750104123282	0.00599750104123282	-1.0	-1.0	0.04587625902288664	0.045876259022886536	0.022552643862536786	0.02255264386253668	False	False	0.0	0.0
amide:461-THR-H--462-HIS-H	0.023323615160349854	0.023323615160349854	0.00599750104123282	0.00599750104123282	-1.0	-1.0	0.052503855730702834	0.052503855730702736	0.02918024057035298	0.029180240570352883	False	False	0.0	0.0
amide:461-THR-H--463-LEU-H	0.011739293764087149	0.011739293764087149	0.0024012191790178257	0.0024012191790178257	-1.0	-1.0	0.01314570856066536	0.013145708560665341	0.0014064147965782113	0.0014064147965781922	False	False	0.0	0.0
amide:462-HIS-H--463-LEU-H	0.023323615160349854	0.023323615160349854	0.00599750104123282	0.00599750104123282	-1.0	-1.0	0.06344888935731516	0.06344888935731512	0.04012527419696531	0.040125274196965266	False	False	0.0	0.0
amide:470-LEU-H--471-ARG-H	0.023323615160349854	0.023323615160349854	0.00599750104123282	0.00599750104123282	-1.0	-1.0	0.0433856591185781	0.0433856591185781	0.020062043958228245	0.020062043958228245	False	False	0.0	0.0
amide:472-GLN-H--473-ARG-H	0.023323615160349854	0.023323615160349854	0.00599750104123282	0.00599750104123282	-1.0	-1.0	0.04512190231740744	0.045121902317407425	0.021798287157057585	0.02179828715705757	False	False	0.0	0.0
amide:474-LEU-H--475-ALA-H	0.023323615160349854	0.023323615160349854	0.00599750104123282	0.00599750104123282	-1.0	-1.0	0.04534598953253767	0.04534598953253769	0.022022374372187816	0.022022374372187837	False	False	0.0	0.0
amide:473-ARG-H--474-LEU-H	0.023323615160349854	0.023323615160349854	0.00599750104123282	0.00599750104123282	-1.0	-1.0	0.044803636566250325	0.044803636566250186	0.02148002140590047	0.021480021405900333	False	False	0.0	0.0
amide:471-ARG-H--472-GLN-H	0.023323615160349854	0.023323615160349854	0.00599750104123282	0.00599750104123282	-1.0	-1.0	0.042862932301566195	0.0428629323015662	0.01953931714121634	0.019539317141216348	False	False	0.0	0.0
amide:470-LEU-H--471-ARG-H	0.023323615160349854	0.023323615160349854	0.00599750104123282	0.00599750104123282	-1.0	-1.0	0.0433856591185781	0.0433856591185781	0.020062043958228245	0.020062043958228245	False	False	0.0	0.0
amide:475-ALA-H--476-ALA-H	0.023323615160349854	0.023323615160349854	0.00599750104123282	0.00599750104123282	-1.0	-1.0	0.043658125716193555	0.04365812571619351	0.0203345105558437	0.02033451055584366	False	False	0.0	0.0
amide:476-ALA-H--477-ARG-H	0.023323615160349854	0.023323615160349854	0.00599750104123282	0.00599750104123282	-1.0	-1.0	0.044853020278664175	0.04485302027866412	0.02152940511831432	0.021529405118314266	False	False	0.0	0.0
amide:477-ARG-H--478-LEU-H	0.023323615160349854	0.023323615160349854	0.00599750104123282	0.00599750104123282	-1.0	-1.0	0.04537701403157513	0.045377014031575034	0.022053398871225278	0.02205339887122518	False	False	0.0	0.0
amide:466-TYR-H--467-SER-H	0.023323615160349854	0.023323615160349854	0.00599750104123282	0.00599750104123282	-1.0	-1.0	0.04966852054522049	0.049668520545220536	0.026344905384870634	0.026344905384870682	False	False	0.0	0.0
amide:467-SER-H--468-ASP-H	0.023323615160349854	0.023323615160349854	0.00599750104123282	0.00599750104123282	-1.0	-1.0	0.0420681074725175	0.04206810747251741	0.018744492312167644	0.018744492312167554	False	False	0.0	0.0
amide:470-LEU-H--472-GLN-H	0.011739293764087149	0.011739293764087149	0.0024012191790178257	0.0024012191790178257	-1.0	-1.0	0.012128000940319123	0.012128000940319102	0.00038870717623197375	0.00038870717623195293	False	False	0.0	0.0
amide:472-GLN-H--473-ARG-H	0.023323615160349854	0.023323615160349854	0.00599750104123282	0.00599750104123282	-1.0	-1.0	0.04512190231740744	0.045121902317407425	0.021798287157057585	0.02179828715705757	False	False	0.0	0.0
amide:479-GLU-H--480-ALA-H	0.023323615160349854	0.023323615160349854	0.00599750104123282	0.00599750104123282	-1.0	-1.0	0.04351377974874533	0.04351377974874537	0.020190164588395478	0.020190164588395513	False	False	0.0	0.0
amide:480-ALA-H--481-LEU-H	0.023323615160349854	0.023323615160349854	0.00599750104123282	0.00599750104123282	-1.0	-1.0	0.045701256070220984	0.045701256070220936	0.02237764090987113	0.022377640909871082	False	False	0.0	0.0
amide:478-LEU-H--479-GLU-H	0.023323615160349854	0.023323615160349854	0.00599750104123282	0.00599750104123282	-1.0	-1.0	0.04462323732776287	0.04462323732776292	0.021299622167413015	0.021299622167413063	False	False	0.0	0.0
amide:476-ALA-H--478-LEU-H	0.011739293764087149	0.011739293764087149	0.0024012191790178257	0.0024012191790178257	-1.0	-1.0	0.01284174019503443	0.012841740195034448	0.0011024464309472813	0.0011024464309472987	False	False	0.0	0.0
amide:478-LEU-H--480-ALA-H	0.011739293764087149	0.011739293764087149	0.0024012191790178257	0.0024012191790178257	-1.0	-1.0	0.01268387690345851	0.012683876903458539	0.0009445831393713605	0.00094458313937139	False	False	0.0	0.0
amide:480-ALA-H--481-LEU-H	0.023323615160349854	0.023323615160349854	0.00599750104123282	0.00599750104123282	-1.0	-1.0	0.045701256070220984	0.045701256070220936	0.02237764090987113	0.022377640909871082	False	False	0.0	0.0
amide:485-GLY-H--486-GLY-H	0.023323615160349854	0.023323615160349854	0.00599750104123282	0.00599750104123282	-1.0	-1.0	0.0441298941362392	0.04412989413623919	0.02080627897588935	0.020806278975889336	False	False	0.0	0.0
amide:486-GLY-H--487-ALA-H	0.023323615160349854	0.023323615160349854	0.00599750104123282	0.00599750104123282	-1.0	-1.0	0.043062635402555165	0.04306263540255514	0.01973902024220531	0.019739020242205283	False	False	0.0	0.0
amide:486-GLY-H--488-ARG-H	0.011739293764087149	0.011739293764087149	0.0024012191790178257	0.0024012191790178257	-1.0	-1.0	0.01180891622593658	0.01180891622593658	6.962246184943031e-05	6.962246184943031e-05	False	False	0.0	0.0
amide:484-ASN-H--485-GLY-H	0.023323615160349854	0.023323615160349854	0.00599750104123282	0.00599750104123282	-1.0	-1.0	0.05778772411344475	0.05778772411344474	0.0344641089530949	0.03446410895309489	False	False	0.0	0.0
amide:485-GLY-H--486-GLY-H	0.023323615160349854	0.023323615160349854	0.00599750104123282	0.00599750104123282	-1.0	-1.0	0.0441298941362392	0.04412989413623919	0.02080627897588935	0.020806278975889336	False	False	0.0	0.0
amide:485-GLY-H--487-ALA-H	0.011739293764087149	0.011739293764087149	0.0024012191790178257	0.0024012191790178257	-1.0	-1.0	0.011152670000138462	0.011152670000138462	-0.000586623763948687	-0.000586623763948687	True	True	-0.24430246479566872	-0.24430246479566872
amide:484-ASN-H--486-GLY-H	0.011739293764087149	0.011739293764087149	0.0024012191790178257	0.0024012191790178257	-1.0	-1.0	0.010722092913770772	0.010722092913770763	-0.0010172008503163774	-0.001017200850316386	True	True	-0.42361849314082384	-0.42361849314082745
amide:484-ASN-H--485-GLY-H	0.023323615160349854	0.023323615160349854	0.00599750104123282	0.00599750104123282	-1.0	-1.0	0.05778772411344475	0.05778772411344474	0.0344641089530949	0.03446410895309489	False	False	0.0	0.0
amide:486-GLY-H--487-ALA-H	0.023323615160349854	0.023323615160349854	0.00599750104123282	0.00599750104123282	-1.0	-1.0	0.043062635402555165	0.04306263540255514	0.01973902024220531	0.019739020242205283	False	False	0.0	0.0
amide:488-ARG-H--490-ALA-H	0.011739293764087149	0.011739293764087149	0.0024012191790178257	0.0024012191790178257	-1.0	-1.0	0.011485426791449652	0.011485426791449668	-0.00025386697263749675	-0.00025386697263748113	True	True	-0.10572419829719015	-0.10572419829718364
amide:486-GLY-H--488-ARG-H	0.011739293764087149	0.011739293764087149	0.0024012191790178257	0.0024012191790178257	-1.0	-1.0	0.01180891622593658	0.01180891622593658	6.962246184943031e-05	6.962246184943031e-05	False	False	0.0	0.0
amide:490-ALA-H--491-GLU-H	0.023323615160349854	0.023323615160349854	0.00599750104123282	0.00599750104123282	-1.0	-1.0	0.044222770150055685	0.0442227701500557	0.02089915498970583	0.020899154989705845	False	False	0.0	0.0
amide:491-GLU-H--492-TYR-H	0.023323615160349854	0.023323615160349854	0.00599750104123282	0.00599750104123282	-1.0	-1.0	0.04577665058157579	0.045776650581575797	0.022453035421225936	0.022453035421225943	False	False	0.0	0.0
amide:490-ALA-H--492-TYR-H	0.011739293764087149	0.011739293764087149	0.0024012191790178257	0.0024012191790178257	-1.0	-1.0	0.012464966125625107	0.012464966125625095	0.0007256723615379577	0.0007256723615379455	False	False	0.0	0.0
amide:491-GLU-H--493-HIS-H	0.011739293764087149	0.011739293764087149	0.0024012191790178257	0.0024012191790178257	-1.0	-1.0	0.012955369192567387	0.012955369192567383	0.0012160754284802379	0.0012160754284802344	False	False	0.0	0.0
amide:493-HIS-H--494-ALA-H	0.023323615160349854	0.023323615160349854	0.00599750104123282	0.00599750104123282	-1.0	-1.0	0.04503936427253199	0.045039364272531926	0.021715749112182135	0.021715749112182072	False	False	0.0	0.0
amide:494-ALA-H--495-LYS-H	0.023323615160349854	0.023323615160349854	0.00599750104123282	0.00599750104123282	-1.0	-1.0	0.043329989894195675	0.04332998989419567	0.02000637473384582	0.020006374733845814	False	False	0.0	0.0
amide:496-ALA-H--497-THR-H	0.023323615160349854	0.023323615160349854	0.00599750104123282	0.00599750104123282	-1.0	-1.0	0.04330041447616704	0.04330041447616709	0.019976799315817185	0.019976799315817233	False	False	0.0	0.0
amide:495-LYS-H--496-ALA-H	0.023323615160349854	0.023323615160349854	0.00599750104123282	0.00599750104123282	-1.0	-1.0	0.04517930545680903	0.04517930545680906	0.021855690296459177	0.021855690296459205	False	False	0.0	0.0
amide:495-LYS-H--496-ALA-H	0.023323615160349854	0.023323615160349854	0.00599750104123282	0.00599750104123282	-1.0	-1.0	0.04517930545680903	0.04517930545680906	0.021855690296459177	0.021855690296459205	False	False	0.0	0.0
amide:494-ALA-H--496-ALA-H	0.011739293764087149	0.011739293764087149	0.0024012191790178257	0.0024012191790178257	-1.0	-1.0	0.012857510830732265	0.012857510830732277	0.001118217066645116	0.0011182170666451281	False	False	0.0	0.0
amide:493-HIS-H--495-LYS-H	0.011739293764087149	0.011739293764087149	0.0024012191790178257	0.0024012191790178257	-1.0	-1.0	0.011797353977592009	0.011797353977592018	5.806021350486003e-05	5.80602135048687e-05	False	False	0.0	0.0
amide:493-HIS-H--496-ALA-H	0.011739293764087149	0.011739293764087149	0.0024012191790178257	0.0024012191790178257	-1.0	-1.0	0.009336631288347708	0.009336631288347705	-0.0024026624757394408	-0.0024026624757394442	True	True	-1.0006010682965665	-1.000601068296568
amide:496-ALA-H--497-THR-H	0.023323615160349854	0.023323615160349854	0.00599750104123282	0.00599750104123282	-1.0	-1.0	0.04330041447616704	0.04330041447616709	0.019976799315817185	0.019976799315817233	False	False	0.0	0.0
amide:495-LYS-H--497-THR-H	0.011739293764087149	0.011739293764087149	0.0024012191790178257	0.0024012191790178257	-1.0	-1.0	0.011636682506756355	0.011636682506756358	-0.00010261125733079454	-0.00010261125733079107	True	True	-0.04273298257294687	-0.04273298257294543
amide:497-THR-H--498-GLU-H	0.023323615160349854	0.023323615160349854	0.00599750104123282	0.00599750104123282	-1.0	-1.0	0.04518951179280359	0.04518951179280366	0.021865896632453734	0.021865896632453804	False	False	0.0	0.0
amide:497-THR-H--498-GLU-H	0.023323615160349854	0.023323615160349854	0.00599750104123282	0.00599750104123282	-1.0	-1.0	0.04518951179280359	0.04518951179280366	0.021865896632453734	0.021865896632453804	False	False	0.0	0.0
amide:498-GLU-H--499-HIS-H	0.023323615160349854	0.023323615160349854	0.00599750104123282	0.00599750104123282	-1.0	-1.0	0.04347691393792388	0.04347691393792384	0.02015329877757403	0.020153298777573988	False	False	0.0	0.0
amide:496-ALA-H--498-GLU-H	0.011739293764087149	0.011739293764087149	0.0024012191790178257	0.0024012191790178257	-1.0	-1.0	0.012309318951707223	0.01230931895170723	0.000570025187620074	0.000570025187620081	False	False	0.0	0.0
amide:499-HIS-H--500-LEU-H	0.023323615160349854	0.023323615160349854	0.00599750104123282	0.00599750104123282	-1.0	-1.0	0.04264153612024406	0.04264153612024408	0.019317920959894205	0.019317920959894225	False	False	0.0	0.0
amide:499-HIS-H--500-LEU-H	0.023323615160349854	0.023323615160349854	0.00599750104123282	0.00599750104123282	-1.0	-1.0	0.04264153612024406	0.04264153612024408	0.019317920959894205	0.019317920959894225	False	False	0.0	0.0
amide:498-GLU-H--499-HIS-H	0.023323615160349854	0.023323615160349854	0.00599750104123282	0.00599750104123282	-1.0	-1.0	0.04347691393792388	0.04347691393792384	0.02015329877757403	0.020153298777573988	False	False	0.0	0.0
amide:500-LEU-H--501-SER-H	0.023323615160349854	0.023323615160349854	0.00599750104123282	0.00599750104123282	-1.0	-1.0	0.04565978350137493	0.04565978350137495	0.022336168341025076	0.022336168341025097	False	False	0.0	0.0
amide:501-SER-H--503-LEU-H	0.011739293764087149	0.011739293764087149	0.0024012191790178257	0.0024012191790178257	-1.0	-1.0	0.012809888766057787	0.012809888766057785	0.0010705950019706378	0.001070595001970636	False	False	0.0	0.0
amide:503-LEU-H--504-SER-H	0.023323615160349854	0.023323615160349854	0.00599750104123282	0.00599750104123282	-1.0	-1.0	0.04430140520049989	0.04430140520049991	0.020977790040150036	0.020977790040150057	False	False	0.0	0.0
amide:504-SER-H--505-GLU-H	0.023323615160349854	0.023323615160349854	0.00599750104123282	0.00599750104123282	-1.0	-1.0	0.04214420990835711	0.042144209908357044	0.018820594748007253	0.01882059474800719	False	False	0.0	0.0
amide:504-SER-H--506-LYS-H	0.011739293764087149	0.011739293764087149	0.0024012191790178257	0.0024012191790178257	-1.0	-1.0	0.012349102734361113	0.01234910273436113	0.0006098089702739635	0.0006098089702739808	False	False	0.0	0.0
amide:503-LEU-H--504-SER-H	0.023323615160349854	0.023323615160349854	0.00599750104123282	0.00599750104123282	-1.0	-1.0	0.04430140520049994	0.04430140520049991	0.020977790040150084	0.020977790040150057	False	False	0.0	0.0
amide:507-ALA-H--508-LYS-H	0.023323615160349854	0.023323615160349854	0.00599750104123282	0.00599750104123282	-1.0	-1.0	0.042648317077837866	0.04264831707783787	0.019324701917488012	0.01932470191748802	False	False	0.0	0.0
amide:505-GLU-H--506-LYS-H	0.023323615160349854	0.023323615160349854	0.00599750104123282	0.00599750104123282	-1.0	-1.0	0.04944512138216704	0.04944512138216706	0.02612150622181719	0.026121506221817203	False	False	0.0	0.0
amide:506-LYS-H--507-ALA-H	0.023323615160349854	0.023323615160349854	0.00599750104123282	0.00599750104123282	-1.0	-1.0	0.057735715090688464	0.057735715090688484	0.03441209993033861	0.03441209993033863	False	False	0.0	0.0
amide:517-GLY-H--519-LEU-H	0.011739293764087149	0.011739293764087149	0.0024012191790178257	0.0024012191790178257	-1.0	-1.0	0.011929606281273717	0.011929606281273722	0.00019031251718656765	0.00019031251718657285	False	False	0.0	0.0
amide:517-GLY-H--518-LEU-H	0.023323615160349854	0.023323615160349854	0.00599750104123282	0.00599750104123282	-1.0	-1.0	0.06020312335908043	0.060203123359080485	0.03687950819873058	0.036879508198730634	False	False	0.0	0.0
amide:516-GLN-H--518-LEU-H	0.011739293764087149	0.011739293764087149	0.0024012191790178257	0.0024012191790178257	-1.0	-1.0	0.012678502985828836	0.012678502985828843	0.0009392092217416874	0.0009392092217416943	False	False	0.0	0.0
amide:519-LEU-H--521-VAL-H	0.011739293764087149	0.011739293764087149	0.0024012191790178257	0.0024012191790178257	-1.0	-1.0	0.011347918553190867	0.01134791855319087	-0.00039137521089628244	-0.00039137521089627897	True	True	-0.1629902069399459	-0.16299020693994445
amide:521-VAL-H--522-LEU-H	0.023323615160349854	0.023323615160349854	0.00599750104123282	0.00599750104123282	-1.0	-1.0	0.05207680546349834	0.05207680546349834	0.028753190303148487	0.028753190303148487	False	False	0.0	0.0
amide:518-LEU-H--519-LEU-H	0.023323615160349854	0.023323615160349854	0.00599750104123282	0.00599750104123282	-1.0	-1.0	0.04590934191498605	0.04590934191498604	0.022585726754636198	0.022585726754636184	False	False	0.0	0.0
amide:518-LEU-H--519-LEU-H	0.023323615160349854	0.023323615160349854	0.00599750104123282	0.00599750104123282	-1.0	-1.0	0.04590934191498605	0.04590934191498604	0.022585726754636198	0.022585726754636184	False	False	0.0	0.0
amide:521-VAL-H--523-GLU-H	0.011739293764087149	0.011739293764087149	0.0024012191790178257	0.0024012191790178257	-1.0	-1.0	0.01229964971125726	0.01229964971125726	0.0005603559471701117	0.0005603559471701117	False	False	0.0	0.0
amide:521-VAL-H--522-LEU-H	0.023323615160349854	0.023323615160349854	0.00599750104123282	0.00599750104123282	-1.0	-1.0	0.05207680546349834	0.05207680546349834	0.028753190303148487	0.028753190303148487	False	False	0.0	0.0
amide:522-LEU-H--523-GLU-H	0.023323615160349854	0.023323615160349854	0.00599750104123282	0.00599750104123282	-1.0	-1.0	0.04290757020552376	0.042907570205523785	0.019583955045173903	0.01958395504517393	False	False	0.0	0.0
amide:523-GLU-H--524-SER-H	0.023323615160349854	0.023323615160349854	0.00599750104123282	0.00599750104123282	-1.0	-1.0	0.046781331955410566	0.046781331955410566	0.02345771679506071	0.02345771679506071	False	False	0.0	0.0
amide:525-PHE-H--526-LYS-H	0.023323615160349854	0.023323615160349854	0.00599750104123282	0.00599750104123282	-1.0	-1.0	0.04341057744125298	0.04341057744125297	0.020086962280903124	0.020086962280903117	False	False	0.0	0.0
amide:523-GLU-H--525-PHE-H	0.011739293764087149	0.011739293764087149	0.0024012191790178257	0.0024012191790178257	-1.0	-1.0	0.012467935174562001	0.012467935174561993	0.0007286414104748524	0.0007286414104748437	False	False	0.0	0.0
amide:522-LEU-H--524-SER-H	0.011739293764087149	0.011739293764087149	0.0024012191790178257	0.0024012191790178257	-1.0	-1.0	0.012613343761884185	0.012613343761884185	0.000874049997797036	0.000874049997797036	False	False	0.0	0.0
amide:522-LEU-H--523-GLU-H	0.023323615160349854	0.023323615160349854	0.00599750104123282	0.00599750104123282	-1.0	-1.0	0.04290757020552376	0.042907570205523785	0.019583955045173903	0.01958395504517393	False	False	0.0	0.0
amide:523-GLU-H--524-SER-H	0.023323615160349854	0.023323615160349854	0.00599750104123282	0.00599750104123282	-1.0	-1.0	0.046781331955410566	0.046781331955410566	0.02345771679506071	0.02345771679506071	False	False	0.0	0.0
amide:525-PHE-H--526-LYS-H	0.023323615160349854	0.023323615160349854	0.00599750104123282	0.00599750104123282	-1.0	-1.0	0.04341057744125298	0.04341057744125297	0.020086962280903124	0.020086962280903117	False	False	0.0	0.0
amide:526-LYS-H--527-VAL-H	0.023323615160349854	0.023323615160349854	0.00599750104123282	0.00599750104123282	-1.0	-1.0	0.039383381812293436	0.03938338181229343	0.016059766651943582	0.016059766651943575	False	False	0.0	0.0
amide:526-LYS-H--527-VAL-H	0.023323615160349854	0.023323615160349854	0.00599750104123282	0.00599750104123282	-1.0	-1.0	0.039383381812293436	0.03938338181229343	0.016059766651943582	0.016059766651943575	False	False	0.0	0.0
amide:521-VAL-H--523-GLU-H	0.011739293764087149	0.011739293764087149	0.0024012191790178257	0.0024012191790178257	-1.0	-1.0	0.01229964971125726	0.01229964971125726	0.0005603559471701117	0.0005603559471701117	False	False	0.0	0.0
amide:527-VAL-H--528-SER-H	0.023323615160349854	0.023323615160349854	0.00599750104123282	0.00599750104123282	-1.0	-1.0	0.04879494750808738	0.04879494750808738	0.02547133234773753	0.02547133234773753	False	False	0.0	0.0
amide:527-VAL-H--528-SER-H	0.023323615160349854	0.023323615160349854	0.00599750104123282	0.00599750104123282	-1.0	-1.0	0.04879494750808738	0.04879494750808738	0.02547133234773753	0.02547133234773753	False	False	0.0	0.0
amide:528-SER-H--529-PHE-H	0.023323615160349854	0.023323615160349854	0.00599750104123282	0.00599750104123282	-1.0	-1.0	0.04465351887381354	0.044653518873813546	0.021329903713463685	0.02132990371346369	False	False	0.0	0.0
amide:536-TYR-H--537-THR-H	0.023323615160349854	0.023323615160349854	0.00599750104123282	0.00599750104123282	-1.0	-1.0	0.04697630565724628	0.046976305657246274	0.023652690496896427	0.02365269049689642	False	False	0.0	0.0
amide:537-THR-H--538-LYS-H	0.023323615160349854	0.023323615160349854	0.00599750104123282	0.00599750104123282	-1.0	-1.0	0.04742528677333506	0.047425286773335115	0.024101671612985206	0.02410167161298526	False	False	0.0	0.0
amide:536-TYR-H--538-LYS-H	0.011739293764087149	0.011739293764087149	0.0024012191790178257	0.0024012191790178257	-1.0	-1.0	0.011951041120192879	0.011951041120192882	0.00021174735610572995	0.00021174735610573342	False	False	0.0	0.0
amide:536-TYR-H--538-LYS-H	0.011739293764087149	0.011739293764087149	0.0024012191790178257	0.0024012191790178257	-1.0	-1.0	0.011951041120192879	0.011951041120192882	0.00021174735610572995	0.00021174735610573342	False	False	0.0	0.0
amide:535-GLU-H--537-THR-H	0.011739293764087149	0.011739293764087149	0.0024012191790178257	0.0024012191790178257	-1.0	-1.0	0.013422853621492644	0.013422853621492637	0.001683559857405495	0.001683559857405488	False	False	0.0	0.0
amide:370-GLU-H--371-PHE-H	0.023323615160349854	0.023323615160349854	0.00599750104123282	0.00599750104123282	-1.0	-1.0	0.04617436956155131	0.04617436956155134	0.02285075440120146	0.022850754401201486	False	False	0.0	0.0
amide:419-VAL-H--420-GLU-H	0.023323615160349854	0.023323615160349854	0.00599750104123282	0.00599750104123282	-1.0	-1.0	0.044805816030800694	0.04480581603080068	0.02148220087045084	0.021482200870450826	False	False	0.0	0.0
amide:503-LEU-H--505-GLU-H	0.011739293764087149	0.011739293764087149	0.0024012191790178257	0.0024012191790178257	-1.0	-1.0	0.01152792966317913	0.011527929663179122	-0.0002113641009080184	-0.00021136410090802707	True	True	-0.08802366012854894	-0.08802366012855255
amide:372-TRP-HD1--373-ASP-H	0.006010518407212622	0.006010518407212622	0.0009835393757257017	0.0009835393757257017	-1.0	-1.0	0.013515269667554543	0.013515269667554543	0.00750475126034192	0.00750475126034192	False	False	0.0	0.0
amide:492-TYR-QD--493-HIS-H	0.0022512637902654935	0.0022512637902654935	0.00026554880881244356	0.00026554880881244356	-1.0	-1.0	0.009701004849680813	0.009701004849680814	0.007449741059415319	0.007449741059415321	False	False	0.0	0.0
amide:525-PHE-QD--526-LYS-H	0.0022512637902654935	0.0022512637902654935	0.00026554880881244356	0.00026554880881244356	-1.0	-1.0	0.013228472791318547	0.01322847279131855	0.010977209001053053	0.010977209001053057	False	False	0.0	0.0
amide:525-PHE-QD--527-VAL-H	0.0022512637902654935	0.0022512637902654935	0.00026554880881244356	0.00026554880881244356	-1.0	-1.0	0.0036367998585358965	0.003636799858535896	0.001385536068270403	0.0013855360682704025	False	False	0.0	0.0
amide:400-TYR-QD--402-ASP-H	0.0022512637902654935	0.0022512637902654935	0.00026554880881244356	0.00026554880881244356	-1.0	-1.0	0.0035622433944416275	0.0035622433944416283	0.001310979604176134	0.0013109796041761348	False	False	0.0	0.0
amide:400-TYR-QD--401-LEU-H	0.0022512637902654935	0.0022512637902654935	0.00026554880881244356	0.00026554880881244356	-1.0	-1.0	0.011887156363408787	0.01188715636340878	0.009635892573143293	0.009635892573143286	False	False	0.0	0.0
amide:408-TRP-HD1--409-GLN-H	0.006010518407212622	0.006010518407212622	0.0009835393757257017	0.0009835393757257017	-1.0	-1.0	0.012334384684479099	0.012334384684479099	0.006323866277266476	0.006323866277266476	False	False	0.0	0.0
amide:371-PHE-QD--372-TRP-HE1	0.0022512637902654935	0.0022512637902654935	0.00026554880881244356	0.00026554880881244356	-1.0	-1.0	0.0016449567391594584	0.001644956739159459	-0.0006063070511060351	-0.0006063070511060345	True	True	-2.2832226354826854	-2.283222635482683
amide:451-ARG-QD--452-ALA-H	0.003850684739542303	0.003850684739542303	0.0005432000416282246	0.0005432000416282246	-1.0	-1.0	0.005417258486176076	0.005417258486176074	0.0015665737466337734	0.0015665737466337708	False	False	0.0	0.0
amide:464-ALA-H--466-TYR-QD	0.0022512637902654935	0.0022512637902654935	0.00026554880881244356	0.00026554880881244356	-1.0	-1.0	0.002403670165094994	0.0024036701650949933	0.00015240637482950067	0.0001524063748294998	False	False	0.0	0.0
amide:466-TYR-QD--467-SER-H	0.0022512637902654935	0.0022512637902654935	0.00026554880881244356	0.00026554880881244356	-1.0	-1.0	0.012485910668196014	0.012485910668196014	0.01023464687793052	0.01023464687793052	False	False	0.0	0.0
amide:470-LEU-H--472-GLN-1HE2	0.006010518407212622	0.006010518407212622	0.0009835393757257017	0.0009835393757257017	-1.0	-1.0	0.0019385597620063138	0.001938559762006313	-0.004071958645206309	-0.004071958645206309	True	True	-4.140107397532332	-4.140107397532332
amide:400-TYR-QD--403-ASP-H	0.0022512637902654935	0.0022512637902654935	0.00026554880881244356	0.00026554880881244356	-1.0	-1.0	0.004429485994025793	0.004429485994025793	0.002178222203760299	0.002178222203760299	False	False	0.0	0.0
amide:477-ARG-QD--478-LEU-H	0.003850684739542303	0.003850684739542303	0.0005432000416282246	0.0005432000416282246	-1.0	-1.0	0.005425585050648324	0.005425585050648328	0.0015749003111060213	0.0015749003111060248	False	False	0.0	0.0
amide:524-SER-H--525-PHE-QD	0.0022512637902654935	0.0022512637902654935	0.00026554880881244356	0.00026554880881244356	-1.0	-1.0	0.0037728489617091195	0.00377284896170912	0.001521585171443626	0.0015215851714436264	False	False	0.0	0.0
amide:370-GLU-H--371-PHE-QD	0.0022512637902654935	0.0022512637902654935	0.00026554880881244356	0.00026554880881244356	-1.0	-1.0	0.0034927490296690067	0.0034927490296690063	0.0012414852394035131	0.0012414852394035127	False	False	0.0	0.0
amide:491-GLU-H--492-TYR-QD	0.0022512637902654935	0.0022512637902654935	0.00026554880881244356	0.00026554880881244356	-1.0	-1.0	0.0057558082765729775	0.005755808276572981	0.003504544486307484	0.0035045444863074874	False	False	0.0	0.0
amide:492-TYR-QD--494-ALA-H	0.0022512637902654935	0.0022512637902654935	0.00026554880881244356	0.00026554880881244356	-1.0	-1.0	0.0034183846525280945	0.003418384652528093	0.001167120862262601	0.0011671208622625997	False	False	0.0	0.0
amide:357-PHE-QD--359-LYS-H	0.0022512637902654935	0.0022512637902654935	0.00026554880881244356	0.00026554880881244356	-1.0	-1.0	0.003945898543567714	0.003945898543567713	0.0016946347533022205	0.0016946347533022196	False	False	0.0	0.0
amide:372-TRP-HE1--373-ASP-H	0.006010518407212622	0.006010518407212622	0.0009835393757257017	0.0009835393757257017	-1.0	-1.0	0.0036593391801366844	0.003659339180136684	-0.002351179227075938	-0.0023511792270759385	True	True	-2.3905288238624176	-2.390528823862418
amide:372-TRP-HE1--373-ASP-H	0.006010518407212622	0.006010518407212622	0.0009835393757257017	0.0009835393757257017	-1.0	-1.0	0.0036593391801366844	0.003659339180136684	-0.002351179227075938	-0.0023511792270759385	True	True	-2.3905288238624176	-2.390528823862418
amide:368-THR-QG2--372-TRP-HE1	0.0036079226054996985	0.0036079226054996985	0.000498026126526032	0.000498026126526032	-1.0	-1.0	0.0046861032661280645	0.004686103266128067	0.001078180660628366	0.0010781806606283686	False	False	0.0	0.0
amide:360-LEU-QD1--361-ARG-H	0.0036079226054996985	0.0036079226054996985	0.000498026126526032	0.000498026126526032	-1.0	-1.0	0.0061905838703482235	0.006190583870348228	0.002582661264848525	0.0025826612648485294	False	False	0.0	0.0
amide:364-LEU-QD1--365-GLY-H	0.0036079226054996985	0.0036079226054996985	0.000498026126526032	0.000498026126526032	-1.0	-1.0	0.004915487047065797	0.0049154870470657945	0.0013075644415660986	0.001307564441566096	False	False	0.0	0.0
amide:364-LEU-QD1--368-THR-H	0.0036079226054996985	0.0036079226054996985	0.000498026126526032	0.000498026126526032	-1.0	-1.0	0.0028510355378594723	0.0028510355378594723	-0.0007568870676402262	-0.0007568870676402262	True	True	-1.519773817730953	-1.519773817730953
amide:367-VAL-QG1--368-THR-H	0.0036079226054996985	0.0036079226054996985	0.000498026126526032	0.000498026126526032	-1.0	-1.0	0.013564473819942514	0.013564473819942514	0.009956551214442815	0.009956551214442815	False	False	0.0	0.0
amide:375-LEU-QD1--376-GLU-H	0.0036079226054996985	0.0036079226054996985	0.000498026126526032	0.000498026126526032	-1.0	-1.0	0.005986839013388982	0.005986839013388988	0.002378916407889283	0.002378916407889289	False	False	0.0	0.0
amide:470-LEU-QD1--471-ARG-H	0.0036079226054996985	0.0036079226054996985	0.000498026126526032	0.000498026126526032	-1.0	-1.0	0.005934378977311319	0.005934378977311321	0.0023264563718116207	0.0023264563718116225	False	False	0.0	0.0
amide:470-LEU-QD1--472-GLN-2HE2	0.0036079226054996985	0.0036079226054996985	0.000498026126526032	0.000498026126526032	-1.0	-1.0	0.0006416968791546906	0.0006416968791546902	-0.002966225726345008	-0.0029662257263450083	True	True	-5.955964091755259	-5.95596409175526
amide:454-ALA-H--456-VAL-QG1	0.0036079226054996985	0.0036079226054996985	0.000498026126526032	0.000498026126526032	-1.0	-1.0	0.0022385287698146383	0.0022385287698146374	-0.0013693938356850602	-0.001369393835685061	True	True	-2.7496425644116917	-2.7496425644116935
amide:455-HIS-H--456-VAL-QG1	0.0036079226054996985	0.0036079226054996985	0.000498026126526032	0.000498026126526032	-1.0	-1.0	0.0028768784940752037	0.002876878494075204	-0.0007310441114244948	-0.0007310441114244943	True	True	-1.4678830536941376	-1.4678830536941367
amide:456-VAL-QG1--457-ASP-H	0.0036079226054996985	0.0036079226054996985	0.000498026126526032	0.000498026126526032	-1.0	-1.0	0.014091993771005474	0.014091993771005458	0.010484071165505775	0.01048407116550576	False	False	0.0	0.0
amide:456-VAL-QG1--457-ASP-H	0.0036079226054996985	0.0036079226054996985	0.000498026126526032	0.000498026126526032	-1.0	-1.0	0.014091993771005474	0.014091993771005458	0.010484071165505775	0.01048407116550576	False	False	0.0	0.0
amide:470-LEU-QD1--472-GLN-2HE2	0.0036079226054996985	0.0036079226054996985	0.000498026126526032	0.000498026126526032	-1.0	-1.0	0.0006416968791546906	0.0006416968791546902	-0.002966225726345008	-0.0029662257263450083	True	True	-5.955964091755259	-5.95596409175526
amide:470-LEU-QD1--472-GLN-1HE2	0.0036079226054996985	0.0036079226054996985	0.000498026126526032	0.000498026126526032	-1.0	-1.0	0.0006191639987934366	0.0006191639987934367	-0.002988758606706262	-0.002988758606706262	True	True	-6.001208465817382	-6.001208465817382
amide:470-LEU-QD1--472-GLN-H	0.0036079226054996985	0.0036079226054996985	0.000498026126526032	0.000498026126526032	-1.0	-1.0	0.002459645277602442	0.0024596452776024435	-0.0011482773278972567	-0.001148277327897255	True	True	-2.3056568054110627	-2.3056568054110596
amide:470-LEU-QD1--471-ARG-H	0.0036079226054996985	0.0036079226054996985	0.000498026126526032	0.000498026126526032	-1.0	-1.0	0.005934378977311319	0.005934378977311321	0.0023264563718116207	0.0023264563718116225	False	False	0.0	0.0
amide:521-VAL-QG1--524-SER-H	0.0036079226054996985	0.0036079226054996985	0.000498026126526032	0.000498026126526032	-1.0	-1.0	0.004798076789977988	0.004798076789977989	0.001190154184478289	0.0011901541844782908	False	False	0.0	0.0
amide:521-VAL-QG1--522-LEU-H	0.0036079226054996985	0.0036079226054996985	0.000498026126526032	0.000498026126526032	-1.0	-1.0	0.013045562801517075	0.013045562801517068	0.009437640196017377	0.00943764019601737	False	False	0.0	0.0
amide:521-VAL-QG1--523-GLU-H	0.0036079226054996985	0.0036079226054996985	0.000498026126526032	0.000498026126526032	-1.0	-1.0	0.003785453200298402	0.003785453200298405	0.0001775305947987033	0.00017753059479870634	False	False	0.0	0.0
amide:453-ARG-QD--456-VAL-QG1	0.002467770911890707	0.002467770911890707	0.00030013430009481567	0.00030013430009481567	-1.0	-1.0	0.0022802621758751976	0.002280262175875198	-0.00018750873601550925	-0.00018750873601550882	True	True	-0.6247494403547785	-0.6247494403547771
amide:470-LEU-QD1--473-ARG-H	0.0036079226054996985	0.0036079226054996985	0.000498026126526032	0.000498026126526032	-1.0	-1.0	0.0037890951502728048	0.003789095150272806	0.00018117254477310624	0.00018117254477310754	False	False	0.0	0.0
amide:393-VAL-QG1--395-ALA-H	0.0036079226054996985	0.0036079226054996985	0.000498026126526032	0.000498026126526032	-1.0	-1.0	0.0043637511259919035	0.0043637511259919035	0.000755828520492205	0.000755828520492205	False	False	0.0	0.0
amide:393-VAL-QG1--396-LYS-H	0.0036079226054996985	0.0036079226054996985	0.000498026126526032	0.000498026126526032	-1.0	-1.0	0.005221293616049992	0.0052212936160499915	0.0016133710105502939	0.001613371010550293	False	False	0.0	0.0
amide:393-VAL-QG1--394-LYS-H	0.0036079226054996985	0.0036079226054996985	0.000498026126526032	0.000498026126526032	-1.0	-1.0	0.016852442366387797	0.016852442366387804	0.013244519760888099	0.013244519760888106	False	False	0.0	0.0
amide:519-LEU-QD1--522-LEU-H	0.0036079226054996985	0.0036079226054996985	0.000498026126526032	0.000498026126526032	-1.0	-1.0	0.0030686426261376364	0.0030686426261376347	-0.0005392799793620621	-0.0005392799793620638	True	True	-1.0828347161700034	-1.082834716170007
amide:518-LEU-H--519-LEU-QD1	0.0036079226054996985	0.0036079226054996985	0.000498026126526032	0.000498026126526032	-1.0	-1.0	0.0030745837492799875	0.003074583749279987	-0.000533338856219711	-0.0005333388562197114	True	True	-1.0709053758685352	-1.070905375868536
amide:522-LEU-QD1--523-GLU-H	0.0036079226054996985	0.0036079226054996985	0.000498026126526032	0.000498026126526032	-1.0	-1.0	0.0060089787807479636	0.006008978780747964	0.002401056175248265	0.002401056175248266	False	False	0.0	0.0
amide:522-LEU-QD1--524-SER-H	0.0036079226054996985	0.0036079226054996985	0.000498026126526032	0.000498026126526032	-1.0	-1.0	0.0024619087169190203	0.002461908716919018	-0.0011460138885806782	-0.0011460138885806804	True	True	-2.301111984976908	-2.301111984976912
amide:522-LEU-QD1--525-PHE-QD	0.0015450825141659923	0.0015450825141659923	0.00016076003037565235	0.00016076003037565235	-1.0	-1.0	0.004144139800221465	0.004144139800221469	0.002599057286055473	0.0025990572860554763	False	False	0.0	0.0
amide:521-VAL-H--522-LEU-QD1	0.0036079226054996985	0.0036079226054996985	0.000498026126526032	0.000498026126526032	-1.0	-1.0	0.002802432955633926	0.0028024329556339276	-0.0008054896498657727	-0.000805489649865771	True	True	-1.6173642444914373	-1.6173642444914338
amide:400-TYR-QD--401-LEU-QD1	0.0015450825141659923	0.0015450825141659923	0.00016076003037565235	0.00016076003037565235	-1.0	-1.0	0.0022589579024464533	0.002258957902446453	0.000713875388280461	0.0007138753882804606	False	False	0.0	0.0
amide:401-LEU-QD1--402-ASP-H	0.0036079226054996985	0.0036079226054996985	0.000498026126526032	0.000498026126526032	-1.0	-1.0	0.0057882636778578914	0.005788263677857891	0.002180341072358193	0.002180341072358192	False	False	0.0	0.0
amide:470-LEU-QD1--471-ARG-QD	0.002467770911890707	0.002467770911890707	0.00030013430009481567	0.00030013430009481567	-1.0	-1.0	0.001198970614907101	0.0011989706149070998	-0.0012688002969836057	-0.001268800296983607	True	True	-4.227441837146831	-4.227441837146835
amide:463-LEU-QD1--466-TYR-QD	0.0015450825141659923	0.0015450825141659923	0.00016076003037565235	0.00016076003037565235	-1.0	-1.0	0.004428119556347859	0.00442811955634786	0.0028830370421818663	0.002883037042181867	False	False	0.0	0.0
amide:463-LEU-QD1--464-ALA-H	0.0036079226054996985	0.0036079226054996985	0.000498026126526032	0.000498026126526032	-1.0	-1.0	0.006697296448158732	0.006697296448158736	0.003089373842659033	0.0030893738426590375	False	False	0.0	0.0
amide:532-ALA-QB--533-LEU-H	0.0036079226054996985	0.0036079226054996985	0.000498026126526032	0.000498026126526032	-1.0	-1.0	0.027399320940801025	0.02739932094080101	0.023791398335301327	0.023791398335301313	False	False	0.0	0.0
amide:510-ALA-H--511-LEU-QD1	0.0036079226054996985	0.0036079226054996985	0.000498026126526032	0.000498026126526032	-1.0	-1.0	0.003419039887482372	0.003419039887482372	-0.0001888827180173266	-0.0001888827180173266	True	True	-0.3792626690789758	-0.3792626690789758
amide:375-LEU-QD1--376-GLU-H	0.0036079226054996985	0.0036079226054996985	0.000498026126526032	0.000498026126526032	-1.0	-1.0	0.005986839013388982	0.005986839013388988	0.002378916407889283	0.002378916407889289	False	False	0.0	0.0
amide:537-THR-QG2--538-LYS-H	0.0036079226054996985	0.0036079226054996985	0.000498026126526032	0.000498026126526032	-1.0	-1.0	0.011305593513677482	0.011305593513677483	0.007697670908177783	0.007697670908177785	False	False	0.0	0.0
amide:537-THR-QG2--539-LYS-H	0.0036079226054996985	0.0036079226054996985	0.000498026126526032	0.000498026126526032	-1.0	-1.0	0.003789449608230222	0.00378944960823022	0.0001815270027305236	0.00018152700273052144	False	False	0.0	0.0
amide:500-LEU-QD1--504-SER-H	0.0036079226054996985	0.0036079226054996985	0.000498026126526032	0.000498026126526032	-1.0	-1.0	0.005501858862999944	0.005501858862999944	0.0018939362575002457	0.0018939362575002457	False	False	0.0	0.0
amide:396-LYS-H--397-VAL-QG1	0.0036079226054996985	0.0036079226054996985	0.000498026126526032	0.000498026126526032	-1.0	-1.0	0.004204247790200694	0.004204247790200694	0.0005963251847009958	0.0005963251847009958	False	False	0.0	0.0
amide:397-VAL-QG1--400-TYR-QD	0.0015450825141659923	0.0015450825141659923	0.00016076003037565235	0.00016076003037565235	-1.0	-1.0	0.003617786342896478	0.0036177863428964794	0.0020727038287304857	0.0020727038287304874	False	False	0.0	0.0
amide:417-GLN-H--419-VAL-QG1	0.0036079226054996985	0.0036079226054996985	0.000498026126526032	0.000498026126526032	-1.0	-1.0	0.002865897100135275	0.0028658971001352747	-0.0007420255053644234	-0.0007420255053644238	True	True	-1.4899328887430114	-1.4899328887430123
amide:416-ARG-H--419-VAL-QG1	0.0036079226054996985	0.0036079226054996985	0.000498026126526032	0.000498026126526032	-1.0	-1.0	0.0032249228931385803	0.0032249228931385794	-0.0003829997123611182	-0.00038299971236111906	True	True	-0.7690353818036064	-0.7690353818036081
amide:419-VAL-QG1--420-GLU-H	0.0036079226054996985	0.0036079226054996985	0.000498026126526032	0.000498026126526032	-1.0	-1.0	0.01994952304968816	0.019949523049688157	0.01634160044418846	0.016341600444188458	False	False	0.0	0.0
amide:519-LEU-QD1--521-VAL-H	0.0036079226054996985	0.0036079226054996985	0.000498026126526032	0.000498026126526032	-1.0	-1.0	0.0024921790519156833	0.002492179051915684	-0.0011157435535840152	-0.0011157435535840143	True	True	-2.2403313684903536	-2.240331368490352
amide:519-LEU-QD1--523-GLU-H	0.0036079226054996985	0.0036079226054996985	0.000498026126526032	0.000498026126526032	-1.0	-1.0	0.0037370940967550934	0.0037370940967550942	0.00012917149125539484	0.0001291714912553957	False	False	0.0	0.0
amide:489-LEU-QD1--492-TYR-QD	0.0015450825141659923	0.0015450825141659923	0.00016076003037565235	0.00016076003037565235	-1.0	-1.0	0.005101944685489896	0.005101944685489894	0.003556862171323904	0.0035568621713239013	False	False	0.0	0.0
amide:364-LEU-QD1--367-VAL-H	0.0036079226054996985	0.0036079226054996985	0.000498026126526032	0.000498026126526032	-1.0	-1.0	0.0012697045389748025	0.0012697045389748027	-0.0023382180665248962	-0.002338218066524896	True	True	-4.694970689258963	-4.694970689258962
amide:532-ALA-H--533-LEU-QD1	0.0036079226054996985	0.0036079226054996985	0.000498026126526032	0.000498026126526032	-1.0	-1.0	0.0026774327659144573	0.002677432765914456	-0.0009304898395852412	-0.0009304898395852425	True	True	-1.8683554737897956	-1.8683554737897983
amide:444-LEU-QD1--447-GLU-H	0.0036079226054996985	0.0036079226054996985	0.000498026126526032	0.000498026126526032	-1.0	-1.0	0.0043114978097131915	0.004311497809713191	0.000703575204213493	0.0007035752042134922	False	False	0.0	0.0
amide:444-LEU-QD1--446-GLU-H	0.0036079226054996985	0.0036079226054996985	0.000498026126526032	0.000498026126526032	-1.0	-1.0	0.0026464646882453794	0.0026464646882453785	-0.0009614579172543191	-0.00096145791725432	True	True	-1.9305371064786165	-1.930537106478618
amide:444-LEU-QD1--445-GLY-H	0.0036079226054996985	0.0036079226054996985	0.000498026126526032	0.000498026126526032	-1.0	-1.0	0.006033960978174037	0.0060339609781740345	0.0024260383726743386	0.002426038372674336	False	False	0.0	0.0
amide:488-ARG-H--489-LEU-QD1	0.0036079226054996985	0.0036079226054996985	0.000498026126526032	0.000498026126526032	-1.0	-1.0	0.002451166329586546	0.0024511663295865432	-0.0011567562759131527	-0.0011567562759131553	True	True	-2.3226819122564417	-2.322681912256447
amide:489-LEU-QD1--490-ALA-H	0.0036079226054996985	0.0036079226054996985	0.000498026126526032	0.000498026126526032	-1.0	-1.0	0.006008992323977072	0.006008992323977073	0.0024010697184773735	0.0024010697184773744	False	False	0.0	0.0
amide:489-LEU-QD1--492-TYR-H	0.0036079226054996985	0.0036079226054996985	0.000498026126526032	0.000498026126526032	-1.0	-1.0	0.004781701143311159	0.004781701143311161	0.0011737785378114606	0.0011737785378114624	False	False	0.0	0.0
amide:489-LEU-QD1--490-ALA-QB	0.0023328454202689143	0.0023328454202689143	0.0002784563498994725	0.0002784563498994725	-1.0	-1.0	0.0022103087392275093	0.002210308739227512	-0.00012253668104140504	-0.00012253668104140244	True	True	-0.44005705413305485	-0.4400570541330455
amide:389-ASP-H--390-LEU-QD1	0.0036079226054996985	0.0036079226054996985	0.000498026126526032	0.000498026126526032	-1.0	-1.0	0.002471180538628168	0.0024711805386281676	-0.0011367420668715305	-0.001136742066871531	True	True	-2.2824948458042646	-2.2824948458042655
amide:390-LEU-QD1--391-GLU-H	0.0036079226054996985	0.0036079226054996985	0.000498026126526032	0.000498026126526032	-1.0	-1.0	0.0062463049340626565	0.006246304934062654	0.002638382328562958	0.0026383823285629554	False	False	0.0	0.0
amide:357-PHE-QD--360-LEU-QD1	0.0015450825141659923	0.0015450825141659923	0.00016076003037565235	0.00016076003037565235	-1.0	-1.0	0.0029550937690547355	0.002955093769054738	0.0014100112548887432	0.0014100112548887458	False	False	0.0	0.0
amide:360-LEU-QD1--361-ARG-H	0.0036079226054996985	0.0036079226054996985	0.000498026126526032	0.000498026126526032	-1.0	-1.0	0.0061905838703482235	0.006190583870348228	0.002582661264848525	0.0025826612648485294	False	False	0.0	0.0
amide:514-LEU-QD1--515-ARG-H	0.0036079226054996985	0.0036079226054996985	0.000498026126526032	0.000498026126526032	-1.0	-1.0	0.0061647373790653485	0.0061647373790653485	0.00255681477356565	0.00255681477356565	False	False	0.0	0.0
amide:364-LEU-QD1--367-VAL-QG1	0.0023328454202689143	0.0023328454202689143	0.0002784563498994725	0.0002784563498994725	-1.0	-1.0	0.0008831811563729935	0.0008831811563729938	-0.001449664263895921	-0.0014496642638959206	True	True	-5.206073642850215	-5.206073642850213
amide:530-LEU-QD1--533-LEU-QD1	0.0023328454202689143	0.0023328454202689143	0.0002784563498994725	0.0002784563498994725	-1.0	-1.0	0.0025976805593247473	0.0025976805593247443	0.000264835139055833	0.00026483513905582994	False	False	0.0	0.0
amide:530-LEU-QD1--533-LEU-QD1	0.0023328454202689143	0.0023328454202689143	0.0002784563498994725	0.0002784563498994725	-1.0	-1.0	0.0025976805593247473	0.0025976805593247443	0.000264835139055833	0.00026483513905582994	False	False	0.0	0.0
amide:417-GLN-H--419-VAL-QG1	0.0036079226054996985	0.0036079226054996985	0.000498026126526032	0.000498026126526032	-1.0	-1.0	0.002865897100135275	0.0028658971001352747	-0.0007420255053644234	-0.0007420255053644238	True	True	-1.4899328887430114	-1.4899328887430123
amide:521-VAL-QG1--522-LEU-QD1	0.0023328454202689143	0.0023328454202689143	0.0002784563498994725	0.0002784563498994725	-1.0	-1.0	0.002358464288180688	0.0023584642881806887	2.561886791177352e-05	2.561886791177439e-05	False	False	0.0	0.0
amide:452-ALA-QB--453-ARG-H	0.0036079226054996985	0.0036079226054996985	0.000498026126526032	0.000498026126526032	-1.0	-1.0	0.027431619309670287	0.02743161930967028	0.02382369670417059	0.02382369670417058	False	False	0.0	0.0
amide:490-ALA-QB--491-GLU-H	0.0036079226054996985	0.0036079226054996985	0.000498026126526032	0.000498026126526032	-1.0	-1.0	0.02633176714162154	0.026331767141621547	0.02272384453612184	0.02272384453612185	False	False	0.0	0.0
methyl:64-LEU-QD2--67-VAL-QG2	0.001953125	0.001953125	0.00021972656249999998	0.00021972656249999998	-1.0	-1.0	0.0022076104361835047	0.0022076104361835047	0.0002544854361835047	0.0002544854361835047	False	False	0.0	0.0
methyl:364-LEU-QD2--367-VAL-QG2	0.001953125	0.001953125	0.00021972656249999998	0.00021972656249999998	-1.0	-1.0	0.0007969795534560456	0.0007969795534560458	-0.0011561454465439545	-0.001156145446543954	True	True	-5.261746387826709	-5.261746387826707
methyl:90-LEU-QD2--93-VAL-QG2	0.001953125	0.001953125	0.00021972656249999998	0.00021972656249999998	-1.0	-1.0	0.0032298471602840014	0.0032298471602840014	0.0012767221602840014	0.0012767221602840014	False	False	0.0	0.0
methyl:390-LEU-QD2--393-VAL-QG2	0.001953125	0.001953125	0.00021972656249999998	0.00021972656249999998	-1.0	-1.0	0.0026498405064419436	0.0026498405064419445	0.0006967155064419436	0.0006967155064419445	False	False	0.0	0.0
methyl:97-VAL-QG2--101-LEU-QD2	0.001953125	0.001953125	0.00021972656249999998	0.00021972656249999998	-1.0	-1.0	0.00398955078991611	0.00398955078991611	0.0020364257899161096	0.0020364257899161096	False	False	0.0	0.0
methyl:397-VAL-QG2--401-LEU-QD2	0.001953125	0.001953125	0.00021972656249999998	0.00021972656249999998	-1.0	-1.0	0.0032100275724278957	0.003210027572427896	0.0012569025724278957	0.0012569025724278962	False	False	0.0	0.0
methyl:119-VAL-QG2--144-LEU-QD2	0.001953125	0.001953125	0.00021972656249999998	0.00021972656249999998	-1.0	-1.0	0.005027974178763507	0.005027974178763507	0.0030748491787635068	0.0030748491787635068	False	False	0.0	0.0
methyl:419-VAL-QG2--444-LEU-QD2	0.001953125	0.001953125	0.00021972656249999998	0.00021972656249999998	-1.0	-1.0	0.004957819611484967	0.004957819611484967	0.0030046946114849673	0.0030046946114849673	False	False	0.0	0.0
methyl:156-VAL-QG2--159-LEU-QD2	0.001953125	0.001953125	0.00021972656249999998	0.00021972656249999998	-1.0	-1.0	0.004451631146902303	0.004451631146902303	0.002498506146902303	0.002498506146902303	False	False	0.0	0.0
methyl:456-VAL-QG2--459-LEU-QD2	0.001953125	0.001953125	0.00021972656249999998	0.00021972656249999998	-1.0	-1.0	0.0049288523309806535	0.004928852330980655	0.0029757273309806535	0.0029757273309806553	False	False	0.0	0.0
methyl:163-LEU-QD2--159-LEU-QD2	0.001953125	0.001953125	0.00021972656249999998	0.00021972656249999998	-1.0	-1.0	0.0037373351701171734	0.0037373351701171743	0.0017842101701171734	0.0017842101701171743	False	False	0.0	0.0
methyl:463-LEU-QD2--459-LEU-QD2	0.001953125	0.001953125	0.00021972656249999998	0.00021972656249999998	-1.0	-1.0	0.003968492182040333	0.003968492182040333	0.002015367182040333	0.002015367182040333	False	False	0.0	0.0
methyl:200-LEU-QD2--203-LEU-QD2	0.001953125	0.001953125	0.00021972656249999998	0.00021972656249999998	-1.0	-1.0	0.00906541965935645	0.009065419659356446	0.0071122946593564496	0.007112294659356446	False	False	0.0	0.0
methyl:500-LEU-QD2--503-LEU-QD2	0.001953125	0.001953125	0.00021972656249999998	0.00021972656249999998	-1.0	-1.0	0.006655423212252155	0.006655423212252154	0.004702298212252155	0.004702298212252154	False	False	0.0	0.0
methyl:211-LEU-QD2--214-LEU-QD2	0.001953125	0.001953125	0.00021972656249999998	0.00021972656249999998	-1.0	-1.0	0.009094758900087173	0.009094758900087175	0.007141633900087173	0.007141633900087175	False	False	0.0	0.0
methyl:511-LEU-QD2--514-LEU-QD2	0.001953125	0.001953125	0.00021972656249999998	0.00021972656249999998	-1.0	-1.0	0.013613765382760505	0.013613765382760505	0.011660640382760505	0.011660640382760505	False	False	0.0	0.0
methyl:214-LEU-QD2--218-LEU-QD2	0.001953125	0.001953125	0.00021972656249999998	0.00021972656249999998	-1.0	-1.0	0.005168157421657941	0.005168157421657941	0.003215032421657941	0.003215032421657941	False	False	0.0	0.0
methyl:514-LEU-QD2--518-LEU-QD2	0.001953125	0.001953125	0.00021972656249999998	0.00021972656249999998	-1.0	-1.0	0.004068106036061029	0.004068106036061029	0.0021149810360610293	0.0021149810360610293	False	False	0.0	0.0
methyl:218-LEU-QD2--221-VAL-QG2	0.001953125	0.001953125	0.00021972656249999998	0.00021972656249999998	-1.0	-1.0	0.001809447165904377	0.0018094471659043767	-0.0001436778340956229	-0.00014367783409562334	True	True	-0.6538937871729683	-0.6538937871729703
methyl:218-LEU-QD2--222-LEU-QD2	0.001953125	0.001953125	0.00021972656249999998	0.00021972656249999998	-1.0	-1.0	0.004868095562195599	0.0048680955621955985	0.0029149705621955993	0.0029149705621955985	False	False	0.0	0.0
methyl:518-LEU-QD2--521-VAL-QG2	0.001953125	0.001953125	0.00021972656249999998	0.00021972656249999998	-1.0	-1.0	0.0027129054616981158	0.0027129054616981158	0.0007597804616981158	0.0007597804616981158	False	False	0.0	0.0
methyl:518-LEU-QD2--522-LEU-QD2	0.001953125	0.001953125	0.00021972656249999998	0.00021972656249999998	-1.0	-1.0	0.006823087769705088	0.006823087769705088	0.004869962769705088	0.004869962769705088	False	False	0.0	0.0
methyl:219-LEU-QD2--222-LEU-QD2	0.001953125	0.001953125	0.00021972656249999998	0.00021972656249999998	-1.0	-1.0	0.008313395137189476	0.008313395137189478	0.006360270137189476	0.006360270137189478	False	False	0.0	0.0
methyl:519-LEU-QD2--522-LEU-QD2	0.001953125	0.001953125	0.00021972656249999998	0.00021972656249999998	-1.0	-1.0	0.0059000599963360215	0.005900059996336021	0.0039469349963360215	0.003946934996336021	False	False	0.0	0.0
methyl:221-VAL-QG2--222-LEU-QD2	0.001953125	0.001953125	0.00021972656249999998	0.00021972656249999998	-1.0	-1.0	0.0013331282414707417	0.0013331282414707415	-0.0006199967585292583	-0.0006199967585292585	True	True	-2.8216741365953806	-2.8216741365953815
methyl:521-VAL-QG2--522-LEU-QD2	0.001953125	0.001953125	0.00021972656249999998	0.00021972656249999998	-1.0	-1.0	0.001940575056462833	0.0019405750564628326	-1.2549943537166954e-05	-1.2549943537167388e-05	True	True	-0.05711618747581761	-0.057116187475819584
methyl:230-LEU-QD2--233-LEU-QD2	0.001953125	0.001953125	0.00021972656249999998	0.00021972656249999998	-1.0	-1.0	0.011705329242642476	0.011705329242642476	0.009752204242642476	0.009752204242642476	False	False	0.0	0.0
methyl:530-LEU-QD2--533-LEU-QD2	0.001953125	0.001953125	0.00021972656249999998	0.00021972656249999998	-1.0	-1.0	0.007754124103739938	0.0077541241037399405	0.005800999103739938	0.0058009991037399405	False	False	0.0	0.0
methyl:233-LEU-QD2--503-LEU-QD2	0.001953125	0.001953125	0.00021972656249999998	0.00021972656249999998	-1.0	-1.0	0.009801868077142575	0.009801868077142577	0.007848743077142575	0.007848743077142577	False	False	0.0	0.0
methyl:533-LEU-QD2--203-LEU-QD2	0.001953125	0.001953125	0.00021972656249999998	0.00021972656249999998	-1.0	-1.0	0.007455164932864691	0.007455164932864692	0.005502039932864691	0.005502039932864692	False	False	0.0	0.0
methyl:470-LEU-QD2--93-VAL-QG2	0.001	0.001	8.999999999999999e-05	8.999999999999999e-05	-1.0	-1.0	0.00042108008993673634	0.00042108008993673644	-0.0005789199100632637	-0.0005789199100632636	True	True	-6.432443445147375	-6.432443445147373
methyl:474-LEU-QD2--93-VAL-QG2	0.001	0.001	8.999999999999999e-05	8.999999999999999e-05	-1.0	-1.0	0.000432573577767079	0.000432573577767079	-0.000567426422232921	-0.000567426422232921	True	True	-6.304738024810234	-6.304738024810234
methyl:214-LEU-QD2--522-LEU-QD2	0.001953125	0.001953125	0.00021972656249999998	0.00021972656249999998	-1.0	-1.0	0.0041135214675452276	0.004113521467545227	0.0021603964675452276	0.0021603964675452267	False	False	0.0	0.0
methyl:514-LEU-QD2--222-LEU-QD2	0.001953125	0.001953125	0.00021972656249999998	0.00021972656249999998	-1.0	-1.0	0.007777488305487777	0.007777488305487776	0.005824363305487777	0.005824363305487776	False	False	0.0	0.0
methyl:230-LEU-QD2--511-LEU-QD2	0.001953125	0.001953125	0.00021972656249999998	0.00021972656249999998	-1.0	-1.0	0.0037182650647016686	0.0037182650647016686	0.0017651400647016686	0.0017651400647016686	False	False	0.0	0.0
methyl:530-LEU-QD2--211-LEU-QD2	0.001953125	0.001953125	0.00021972656249999998	0.00021972656249999998	-1.0	-1.0	0.005542370290992136	0.005542370290992138	0.0035892452909921362	0.003589245290992138	False	False	0.0	0.0
methyl:219-LEU-QD2--519-LEU-QD2	0.001953125	0.001953125	0.00021972656249999998	0.00021972656249999998	-1.0	-1.0	0.01125889621237736	0.011258896212377363	0.00930577121237736	0.009305771212377363	False	False	0.0	0.0
methyl:170-LEU-QD2--393-VAL-QG2	0.001	0.001	8.999999999999999e-05	8.999999999999999e-05	-1.0	-1.0	0.0005889800275971376	0.0005889800275971376	-0.00041101997240286243	-0.00041101997240286243	True	True	-4.566888582254028	-4.566888582254028
methyl:174-LEU-QD2--393-VAL-QG2	0.001	0.001	8.999999999999999e-05	8.999999999999999e-05	-1.0	-1.0	0.000621763280901997	0.0006217632809019971	-0.00037823671909800304	-0.00037823671909800293	True	True	-4.2026302122000345	-4.202630212200033
methyl:456-VAL-QG2--101-LEU-QD2	0.001953125	0.001953125	0.00021972656249999998	0.00021972656249999998	-1.0	-1.0	0.001956160384766743	0.0019561603847667425	3.035384766742963e-06	3.035384766742529e-06	False	False	0.0	0.0
