file,format,bins,first_axis_value,last_axis_value,axis_step_as_stored,axis_unit,counts_sum,maximum_count,zero_bins,normalized_or_corrected
19-119/19-119_D0.txt,IBH_CHANNEL_COUNTS,4096,1.0,4096.0,1.0,channel,15012893,50001,355,False
19-119/19-119_DA.txt,IBH_CHANNEL_COUNTS,4096,1.0,4096.0,1.0,channel,10284749,50001,359,False
19-119/IRF_D0.txt,IBH_CHANNEL_COUNTS,4096,1.0,4096.0,1.0,channel,1415678,50050,1129,False
19-119/IRF_DA.txt,IBH_CHANNEL_COUNTS,4096,1.0,4096.0,1.0,channel,1415678,50050,1129,False
19-119/Linearization_D0.txt,IBH_CHANNEL_COUNTS,4096,1.0,4096.0,1.0,channel,182123010,50001,32,False
19-119/Linearization_DA.txt,IBH_CHANNEL_COUNTS,4096,1.0,4096.0,1.0,channel,182123010,50001,32,False
19-132/19-132_D0.txt,IBH_CHANNEL_COUNTS,4096,1.0,4096.0,1.0,channel,15012893,50001,355,False
19-132/19-132_DA.txt,IBH_CHANNEL_COUNTS,4096,1.0,4096.0,1.0,channel,9785321,50001,357,False
19-132/IRF_D0.txt,IBH_CHANNEL_COUNTS,4096,1.0,4096.0,1.0,channel,1415678,50050,1129,False
19-132/IRF_DA.txt,IBH_CHANNEL_COUNTS,4096,1.0,4096.0,1.0,channel,1415678,50050,1129,False
19-132/Linearization_D0.txt,IBH_CHANNEL_COUNTS,4096,1.0,4096.0,1.0,channel,182123010,50001,32,False
19-132/Linearization_DA.txt,IBH_CHANNEL_COUNTS,4096,1.0,4096.0,1.0,channel,182123010,50001,32,False
19-69/19-69_D0.txt,IBH_CHANNEL_COUNTS,4096,1.0,4096.0,1.0,channel,30829055,100002,346,False
19-69/19-69_DA.txt,IBH_CHANNEL_COUNTS,4096,1.0,4096.0,1.0,channel,22065681,100002,352,False
19-69/IRF_D0.txt,IBH_CHANNEL_COUNTS,4096,1.0,4096.0,1.0,channel,2570750,100058,412,False
19-69/IRF_DA.txt,IBH_CHANNEL_COUNTS,4096,1.0,4096.0,1.0,channel,2797096,100012,562,False
19-69/Linearization_D0.txt,IBH_CHANNEL_COUNTS,4096,1.0,4096.0,1.0,channel,108401158,29949,76,False
19-69/Linearization_DA.txt,IBH_CHANNEL_COUNTS,4096,1.0,4096.0,1.0,channel,102604342,28351,31,False
19-86/19-86_D0.txt,IBH_CHANNEL_COUNTS,4096,1.0,4096.0,1.0,channel,31626813,100001,353,False
19-86/19-86_DA.dat,NUMERIC_TIME_COUNTS,6100,0.0,48.792,0.008,ns_supported_by_setup_8ps,17217093,65535,0,False
19-86/IRF_DA.dat,NUMERIC_TIME_COUNTS,6100,0.0,48.792,0.008,ns_supported_by_setup_8ps,1505820,65535,3360,False
19-86/IRF_Do.txt,IBH_CHANNEL_COUNTS,4096,1.0,4096.0,1.0,channel,2355755,100008,670,False
19-86/Linearization_D0.txt,IBH_CHANNEL_COUNTS,4096,1.0,4096.0,1.0,channel,181402111,50001,32,False
22-127/22-127_D0.dat,NUMERIC_TIME_COUNTS,6100,0.0,48.792,0.008,ns_supported_by_setup_8ps,33558106,100000,26,False
22-127/22-127_DA.dat,NUMERIC_TIME_COUNTS,6100,0.0,48.792,0.008,ns_supported_by_setup_8ps,27825473,100000,40,False
22-127/IRF_D0.dat,NUMERIC_TIME_COUNTS,6100,0.0,48.792,0.008,ns_supported_by_setup_8ps,2212906,100000,4192,False
22-127/IRF_DA.dat,NUMERIC_TIME_COUNTS,6100,0.0,48.792,0.008,ns_supported_by_setup_8ps,2209533,100000,4038,False
36-132/36-132_D0.dat,NUMERIC_TIME_COUNTS,6100,0.0,48.792,0.008,ns_supported_by_setup_8ps,53292706,100000,0,False
36-132/36-132_DA.dat,NUMERIC_TIME_COUNTS,6100,0.0,48.792,0.008,ns_supported_by_setup_8ps,20156227,100000,155,False
36-132/IRF_D0.dat,NUMERIC_TIME_COUNTS,6100,0.0,48.792,0.008,ns_supported_by_setup_8ps,2201196,100000,4427,False
36-132/IRF_DA.dat,NUMERIC_TIME_COUNTS,6100,0.0,48.792,0.008,ns_supported_by_setup_8ps,2202321,100000,4372,False
36-86/36-86_D0.dat,NUMERIC_TIME_COUNTS,6100,0.0,48.792,0.008,ns_supported_by_setup_8ps,53221526,100000,0,False
36-86/36-86_DA.dat,NUMERIC_TIME_COUNTS,6100,0.0,48.792,0.008,ns_supported_by_setup_8ps,21194216,100000,137,False
36-86/IRF_D0.dat,NUMERIC_TIME_COUNTS,6100,0.0,48.792,0.008,ns_supported_by_setup_8ps,2225253,100000,4080,False
36-86/IRF_DA.dat,NUMERIC_TIME_COUNTS,6100,0.0,48.792,0.008,ns_supported_by_setup_8ps,2200662,100000,4438,False
44-119/44-119_D0.txt,IBH_CHANNEL_COUNTS,4096,1.0,4096.0,1.0,channel,33923585,100002,348,False
44-119/44-119_DA.txt,IBH_CHANNEL_COUNTS,4096,1.0,4096.0,1.0,channel,24435755,100001,348,False
44-119/IRF_D0.txt,IBH_CHANNEL_COUNTS,4096,1.0,4096.0,1.0,channel,2341465,100009,734,False
44-119/IRF_DA.txt,IBH_CHANNEL_COUNTS,4096,1.0,4096.0,1.0,channel,2395234,100016,703,False
44-119/Linearization_D0.txt,IBH_CHANNEL_COUNTS,4096,1.0,4096.0,1.0,channel,101727232,28107,32,False
44-119/Linearization_DA.txt,IBH_CHANNEL_COUNTS,4096,1.0,4096.0,1.0,channel,90714425,25018,32,False
44-127/44-127_D0.dat,NUMERIC_TIME_COUNTS,6100,0.0,48.792,0.008,ns_supported_by_setup_8ps,52782752,100000,1,False
44-127/44-127_DA.dat,NUMERIC_TIME_COUNTS,6100,0.0,48.792,0.008,ns_supported_by_setup_8ps,32651375,100000,33,False
44-127/IRF_D0.dat,NUMERIC_TIME_COUNTS,6100,0.0,48.792,0.008,ns_supported_by_setup_8ps,2218654,100000,4256,False
44-127/IRF_DA.dat,NUMERIC_TIME_COUNTS,6100,0.0,48.792,0.008,ns_supported_by_setup_8ps,2205951,100000,4466,False
44-132/44-132_D0.txt,IBH_CHANNEL_COUNTS,4096,1.0,4096.0,1.0,channel,33923585,100002,348,False
44-132/44-132_DA.txt,IBH_CHANNEL_COUNTS,4096,1.0,4096.0,1.0,channel,28161085,100001,355,False
44-132/IRF_D0.txt,IBH_CHANNEL_COUNTS,4096,1.0,4096.0,1.0,channel,2341465,100009,734,False
44-132/IRF_DA.txt,IBH_CHANNEL_COUNTS,4096,1.0,4096.0,1.0,channel,2395234,100016,703,False
44-132/Linearization_D0.txt,IBH_CHANNEL_COUNTS,4096,1.0,4096.0,1.0,channel,101727232,28107,32,False
44-132/Linearization_DA.txt,IBH_CHANNEL_COUNTS,4096,1.0,4096.0,1.0,channel,90714425,25018,32,False
44-150/44-150_D0.txt,IBH_CHANNEL_COUNTS,4096,1.0,4096.0,1.0,channel,34253368,100001,350,False
44-150/44-150_DA.txt,IBH_CHANNEL_COUNTS,4096,1.0,4096.0,1.0,channel,19333132,100001,351,False
44-150/IRF_D0.txt,IBH_CHANNEL_COUNTS,4096,1.0,4096.0,1.0,channel,2811392,100003,585,False
44-150/IRF_DA.txt,IBH_CHANNEL_COUNTS,4096,1.0,4096.0,1.0,channel,2811392,100003,585,False
44-150/Linearization_D0.txt,IBH_CHANNEL_COUNTS,4096,1.0,4096.0,1.0,channel,84086279,23241,34,False
44-150/Linearization_DA.txt,IBH_CHANNEL_COUNTS,4096,1.0,4096.0,1.0,channel,84086279,23241,34,False
44-69/44-69_D0.txt,IBH_CHANNEL_COUNTS,4096,1.0,4096.0,1.0,channel,33923585,100002,348,False
44-69/44-69_DA.txt,IBH_CHANNEL_COUNTS,4096,1.0,4096.0,1.0,channel,7723008,50002,362,False
44-69/IRF_D0.txt,IBH_CHANNEL_COUNTS,4096,1.0,4096.0,1.0,channel,2341465,100009,734,False
44-69/IRF_DA.txt,IBH_CHANNEL_COUNTS,4096,1.0,4096.0,1.0,channel,1415678,50050,1129,False
44-69/Linearization_D0.txt,IBH_CHANNEL_COUNTS,4096,1.0,4096.0,1.0,channel,101727232,28107,32,False
44-69/Linearization_DA.txt,IBH_CHANNEL_COUNTS,4096,1.0,4096.0,1.0,channel,182123010,50001,32,False
44-86/44-86_D0.txt,IBH_CHANNEL_COUNTS,4096,1.0,4096.0,1.0,channel,34253368,100001,350,False
44-86/44-86_DA.txt,IBH_CHANNEL_COUNTS,4096,1.0,4096.0,1.0,channel,9049808,50001,362,False
44-86/IRF_D0.txt,IBH_CHANNEL_COUNTS,4096,1.0,4096.0,1.0,channel,2811392,100003,585,False
44-86/IRF_DA.txt,IBH_CHANNEL_COUNTS,4096,1.0,4096.0,1.0,channel,1415678,50050,1129,False
44-86/Linearization_D0.txt,IBH_CHANNEL_COUNTS,4096,1.0,4096.0,1.0,channel,84086279,23241,34,False
44-86/Linearization_DA.txt,IBH_CHANNEL_COUNTS,4096,1.0,4096.0,1.0,channel,182123010,50001,32,False
5-132/5-132_D0.dat,NUMERIC_TIME_COUNTS,6100,0.0,48.792,0.008,ns_supported_by_setup_8ps,49275154,100000,3,False
5-132/5-132_DA.dat,NUMERIC_TIME_COUNTS,6100,0.0,48.792,0.008,ns_supported_by_setup_8ps,15116169,100000,319,False
5-132/IRF_D0.dat,NUMERIC_TIME_COUNTS,6100,0.0,48.792,0.008,ns_supported_by_setup_8ps,2204897,100000,4435,False
5-132/IRF_DA.dat,NUMERIC_TIME_COUNTS,6100,0.0,48.792,0.008,ns_supported_by_setup_8ps,2218106,100000,4298,False
5-44/5-44_D0.dat,NUMERIC_TIME_COUNTS,6100,0.0,48.792,0.008,ns_supported_by_setup_8ps,49278363,100000,0,False
5-44/5-44_DA.dat,NUMERIC_TIME_COUNTS,6100,0.0,48.792,0.008,ns_supported_by_setup_8ps,17304952,100000,161,False
5-44/IRF_D0.dat,NUMERIC_TIME_COUNTS,6100,0.0,48.792,0.008,ns_supported_by_setup_8ps,2223504,100000,3714,False
5-44/IRF_DA.dat,NUMERIC_TIME_COUNTS,6100,0.0,48.792,0.008,ns_supported_by_setup_8ps,2196649,100000,4418,False
55-119/55-119_D0.txt,IBH_CHANNEL_COUNTS,4096,1.0,4096.0,1.0,channel,32700955,100002,350,False
55-119/55-119_DA.txt,IBH_CHANNEL_COUNTS,4096,1.0,4096.0,1.0,channel,24751639,100001,347,False
55-119/IRF_D0.txt,IBH_CHANNEL_COUNTS,4096,1.0,4096.0,1.0,channel,2348031,100070,602,False
55-119/IRF_DA.txt,IBH_CHANNEL_COUNTS,4096,1.0,4096.0,1.0,channel,2362368,100077,616,False
55-119/Linearization_D0.txt,IBH_CHANNEL_COUNTS,4096,1.0,4096.0,1.0,channel,132773195,36617,43,False
55-119/Linearization_DA.txt,IBH_CHANNEL_COUNTS,4096,1.0,4096.0,1.0,channel,108953608,29938,30,False
55-132/55-132_D0.txt,IBH_CHANNEL_COUNTS,4096,1.0,4096.0,1.0,channel,33972278,100000,336,False
55-132/55-132_DA.txt,IBH_CHANNEL_COUNTS,4096,1.0,4096.0,1.0,channel,17200770,100003,340,False
55-132/IRF_D0.txt,IBH_CHANNEL_COUNTS,4096,1.0,4096.0,1.0,channel,2302825,100028,516,False
55-132/IRF_DA.txt,IBH_CHANNEL_COUNTS,4096,1.0,4096.0,1.0,channel,2302825,100028,516,False
55-132/Linearization_D0.txt,IBH_CHANNEL_COUNTS,4096,1.0,4096.0,1.0,channel,135293204,37133,177,False
55-132/Linearization_DA.txt,IBH_CHANNEL_COUNTS,4096,1.0,4096.0,1.0,channel,135293204,37133,177,False
55-150/55-150_D0.txt,IBH_CHANNEL_COUNTS,4096,1.0,4096.0,1.0,channel,31823371,100003,353,False
55-150/55-150_DA.txt,IBH_CHANNEL_COUNTS,4096,1.0,4096.0,1.0,channel,29893711,100001,351,False
55-150/IRF_D0.txt,IBH_CHANNEL_COUNTS,4096,1.0,4096.0,1.0,channel,2395234,100016,703,False
55-150/IRF_DA.txt,IBH_CHANNEL_COUNTS,4096,1.0,4096.0,1.0,channel,2395234,100016,703,False
55-150/Linearization_D0.txt,IBH_CHANNEL_COUNTS,4096,1.0,4096.0,1.0,channel,90714425,25018,32,False
55-150/Linearization_DA.txt,IBH_CHANNEL_COUNTS,4096,1.0,4096.0,1.0,channel,90714425,25018,32,False
55-69/55-69_D0.txt,IBH_CHANNEL_COUNTS,4096,1.0,4096.0,1.0,channel,34029051,100003,349,False
55-69/55-69_DA.txt,IBH_CHANNEL_COUNTS,4096,1.0,4096.0,1.0,channel,17356317,100002,350,False
55-69/IRF_D0.txt,IBH_CHANNEL_COUNTS,4096,1.0,4096.0,1.0,channel,2341465,100009,734,False
55-69/IRF_DA.txt,IBH_CHANNEL_COUNTS,4096,1.0,4096.0,1.0,channel,2341465,100009,734,False
55-69/Linearization_D0.txt,IBH_CHANNEL_COUNTS,4096,1.0,4096.0,1.0,channel,101727232,28107,32,False
55-69/Linearization_DA.txt,IBH_CHANNEL_COUNTS,4096,1.0,4096.0,1.0,channel,101727232,28107,32,False
60-119/60-119_D0.txt,IBH_CHANNEL_COUNTS,4096,1.0,4096.0,1.0,channel,14369280,100002,346,False
60-119/60-119_DA.txt,IBH_CHANNEL_COUNTS,4096,1.0,4096.0,1.0,channel,17800694,100012,350,False
60-119/IRF_D0.txt,IBH_CHANNEL_COUNTS,4096,1.0,4096.0,1.0,channel,2405888,100028,563,False
60-119/IRF_DA.txt,IBH_CHANNEL_COUNTS,4096,1.0,4096.0,1.0,channel,2360321,100014,608,False
60-119/Linearization_D0.txt,IBH_CHANNEL_COUNTS,4096,1.0,4096.0,1.0,channel,76573113,21115,41,False
60-119/Linearization_DA.txt,IBH_CHANNEL_COUNTS,4096,1.0,4096.0,1.0,channel,76524822,21023,52,False
60-132/60-132_D0.txt,IBH_CHANNEL_COUNTS,4096,1.0,4096.0,1.0,channel,31884326,100004,346,False
60-132/60-132_DA.txt,IBH_CHANNEL_COUNTS,4096,1.0,4096.0,1.0,channel,17481734,100002,349,False
60-132/IRF_D0.txt,IBH_CHANNEL_COUNTS,4096,1.0,4096.0,1.0,channel,2587136,100006,416,False
60-132/IRF_DA.txt,IBH_CHANNEL_COUNTS,4096,1.0,4096.0,1.0,channel,2587136,100006,416,False
60-132/Linearization_D0.txt,IBH_CHANNEL_COUNTS,4096,1.0,4096.0,1.0,channel,362701825,100002,44,False
60-132/Linearization_DA.txt,IBH_CHANNEL_COUNTS,4096,1.0,4096.0,1.0,channel,362701825,100002,44,False
60-150/60-150_D0.txt,IBH_CHANNEL_COUNTS,4096,1.0,4096.0,1.0,channel,31811586,100004,349,False
60-150/60-150_DA.txt,IBH_CHANNEL_COUNTS,4096,1.0,4096.0,1.0,channel,17950221,100001,351,False
60-150/IRF_D0.txt,IBH_CHANNEL_COUNTS,4096,1.0,4096.0,1.0,channel,2587136,100006,416,False
60-150/IRF_DA.txt,IBH_CHANNEL_COUNTS,4096,1.0,4096.0,1.0,channel,2587136,100006,416,False
60-150/Linearization_D0.txt,IBH_CHANNEL_COUNTS,4096,1.0,4096.0,1.0,channel,362701825,100002,44,False
60-150/Linearization_DA.txt,IBH_CHANNEL_COUNTS,4096,1.0,4096.0,1.0,channel,362701825,100002,44,False
60-86/60-86_D0.txt,IBH_CHANNEL_COUNTS,4096,1.0,4096.0,1.0,channel,33061909,100001,349,False
60-86/60-86_DA.txt,IBH_CHANNEL_COUNTS,4096,1.0,4096.0,1.0,channel,23416926,100004,346,False
60-86/IRF_D0.txt,IBH_CHANNEL_COUNTS,4096,1.0,4096.0,1.0,channel,2587136,100006,416,False
60-86/IRF_DA.txt,IBH_CHANNEL_COUNTS,4096,1.0,4096.0,1.0,channel,2587136,100006,416,False
60-86/Linearization_D0.txt,IBH_CHANNEL_COUNTS,4096,1.0,4096.0,1.0,channel,362701825,100002,44,False
60-86/Linearization_DA.txt,IBH_CHANNEL_COUNTS,4096,1.0,4096.0,1.0,channel,362701825,100002,44,False
69-119/69-119_D0.txt,IBH_CHANNEL_COUNTS,4096,1.0,4096.0,1.0,channel,31624749,100007,347,False
69-119/69-119_DA.txt,IBH_CHANNEL_COUNTS,4096,1.0,4096.0,1.0,channel,20055589,100003,349,False
69-119/IRF_D0.txt,IBH_CHANNEL_COUNTS,4096,1.0,4096.0,1.0,channel,2587136,100006,416,False
69-119/IRF_DA.txt,IBH_CHANNEL_COUNTS,4096,1.0,4096.0,1.0,channel,2587136,100006,416,False
69-119/Linearization_D0.txt,IBH_CHANNEL_COUNTS,4096,1.0,4096.0,1.0,channel,362701825,100002,44,False
69-119/Linearization_DA.txt,IBH_CHANNEL_COUNTS,4096,1.0,4096.0,1.0,channel,362701825,100002,44,False
69-132/69-132_D0.txt,IBH_CHANNEL_COUNTS,4096,1.0,4096.0,1.0,channel,31396864,100001,349,False
69-132/69-132_DA.txt,IBH_CHANNEL_COUNTS,4096,1.0,4096.0,1.0,channel,18801204,100001,348,False
69-132/IRF_D0.txt,IBH_CHANNEL_COUNTS,4096,1.0,4096.0,1.0,channel,2587136,100006,416,False
69-132/IRF_DA.txt,IBH_CHANNEL_COUNTS,4096,1.0,4096.0,1.0,channel,2587136,100006,416,False
69-132/Linearization_D0.txt,IBH_CHANNEL_COUNTS,4096,1.0,4096.0,1.0,channel,362701825,100002,44,False
69-132/Linearization_DA.txt,IBH_CHANNEL_COUNTS,4096,1.0,4096.0,1.0,channel,362701825,100002,44,False
69-150/69-150_D0.txt,IBH_CHANNEL_COUNTS,4096,1.0,4096.0,1.0,channel,31961090,100003,350,False
69-150/69-150_DA.txt,IBH_CHANNEL_COUNTS,4096,1.0,4096.0,1.0,channel,23239173,100002,352,False
69-150/IRF_D0.txt,IBH_CHANNEL_COUNTS,4096,1.0,4096.0,1.0,channel,2587136,100006,416,False
69-150/IRF_DA.txt,IBH_CHANNEL_COUNTS,4096,1.0,4096.0,1.0,channel,2587136,100006,416,False
69-150/Linearization_D0.txt,IBH_CHANNEL_COUNTS,4096,1.0,4096.0,1.0,channel,362701825,100002,44,False
69-150/Linearization_DA.txt,IBH_CHANNEL_COUNTS,4096,1.0,4096.0,1.0,channel,362701825,100002,44,False
69-86/69-86_D0.txt,IBH_CHANNEL_COUNTS,4096,1.0,4096.0,1.0,channel,32689715,100002,347,False
69-86/69-86_DA.txt,IBH_CHANNEL_COUNTS,4096,1.0,4096.0,1.0,channel,23682085,100001,349,False
69-86/IRF_D0.txt,IBH_CHANNEL_COUNTS,4096,1.0,4096.0,1.0,channel,2587136,100006,416,False
69-86/IRF_DA.txt,IBH_CHANNEL_COUNTS,4096,1.0,4096.0,1.0,channel,2587136,100006,416,False
69-86/Linearization_D0.txt,IBH_CHANNEL_COUNTS,4096,1.0,4096.0,1.0,channel,362701825,100002,44,False
69-86/Linearization_DA.txt,IBH_CHANNEL_COUNTS,4096,1.0,4096.0,1.0,channel,362701825,100002,44,False
70-119/70-119_D0.txt,IBH_CHANNEL_COUNTS,4096,1.0,4096.0,1.0,channel,7320517,25001,353,False
70-119/70-119_DA.txt,IBH_CHANNEL_COUNTS,4096,1.0,4096.0,1.0,channel,12286491,100001,353,False
70-119/IRF_D0.txt,IBH_CHANNEL_COUNTS,4096,1.0,4096.0,1.0,channel,2570750,100058,412,False
70-119/IRF_DA.txt,IBH_CHANNEL_COUNTS,4096,1.0,4096.0,1.0,channel,2811392,100003,585,False
70-119/Linearization_D0.txt,IBH_CHANNEL_COUNTS,4096,1.0,4096.0,1.0,channel,108401158,29949,76,False
70-119/Linearization_DA.txt,IBH_CHANNEL_COUNTS,4096,1.0,4096.0,1.0,channel,84086279,23241,34,False
70-132/70-132_D0.txt,IBH_CHANNEL_COUNTS,4096,1.0,4096.0,1.0,channel,7320517,25001,353,False
70-132/70-132_DA.txt,IBH_CHANNEL_COUNTS,4096,1.0,4096.0,1.0,channel,13678592,100003,355,False
70-132/IRF_D0.txt,IBH_CHANNEL_COUNTS,4096,1.0,4096.0,1.0,channel,2570750,100058,412,False
70-132/IRF_DA.txt,IBH_CHANNEL_COUNTS,4096,1.0,4096.0,1.0,channel,2811392,100003,585,False
70-132/Linearization_D0.txt,IBH_CHANNEL_COUNTS,4096,1.0,4096.0,1.0,channel,108401158,29949,76,False
70-132/Linearization_DA.txt,IBH_CHANNEL_COUNTS,4096,1.0,4096.0,1.0,channel,84086279,23241,34,False
8-119/8-119_D0.dat,NUMERIC_TIME_COUNTS,6100,0.0,48.792,0.008,ns_supported_by_setup_8ps,48905343,100000,1,False
8-119/8-119_DA.dat,NUMERIC_TIME_COUNTS,6100,0.0,48.792,0.008,ns_supported_by_setup_8ps,19124922,100000,183,False
8-119/IRF_D0.dat,NUMERIC_TIME_COUNTS,6100,0.0,48.792,0.008,ns_supported_by_setup_8ps,2188433,100000,4413,False
8-119/IRF_DA.dat,NUMERIC_TIME_COUNTS,6100,0.0,48.792,0.008,ns_supported_by_setup_8ps,2206403,100000,4147,False
8-132/8-132_D0.dat,NUMERIC_TIME_COUNTS,6100,0.0,48.792,0.008,ns_supported_by_setup_8ps,49262427,100000,0,False
8-132/8-132_DA.dat,NUMERIC_TIME_COUNTS,6100,0.0,48.792,0.008,ns_supported_by_setup_8ps,22119511,100000,57,False
8-132/IRF_D0.dat,NUMERIC_TIME_COUNTS,6100,0.0,48.792,0.008,ns_supported_by_setup_8ps,2229386,100000,4259,False
8-132/IRF_DA.dat,NUMERIC_TIME_COUNTS,6100,0.0,48.792,0.008,ns_supported_by_setup_8ps,2232035,100000,4356,False
8-69/8-69_D0.txt,IBH_CHANNEL_COUNTS,4096,1.0,4096.0,1.0,channel,32620557,100001,348,False
8-69/8-69_DA.txt,IBH_CHANNEL_COUNTS,4096,1.0,4096.0,1.0,channel,14976000,100007,351,False
8-69/IRF_D0.txt,IBH_CHANNEL_COUNTS,4096,1.0,4096.0,1.0,channel,2797096,100012,562,False
8-69/IRF_DA.txt,IBH_CHANNEL_COUNTS,4096,1.0,4096.0,1.0,channel,2797096,100012,562,False
8-69/Linearization_D0.txt,IBH_CHANNEL_COUNTS,4096,1.0,4096.0,1.0,channel,102604342,28351,31,False
8-69/Linearization_DA.txt,IBH_CHANNEL_COUNTS,4096,1.0,4096.0,1.0,channel,102604342,28351,31,False
8-86/8-86_D0.txt,IBH_CHANNEL_COUNTS,4096,1.0,4096.0,1.0,channel,32620557,100001,348,False
8-86/8-86_DA.txt,IBH_CHANNEL_COUNTS,4096,1.0,4096.0,1.0,channel,16899594,100001,350,False
8-86/IRF_D0.txt,IBH_CHANNEL_COUNTS,4096,1.0,4096.0,1.0,channel,2797096,100012,562,False
8-86/IRF_DA.txt,IBH_CHANNEL_COUNTS,4096,1.0,4096.0,1.0,channel,2797096,100012,562,False
8-86/Linearization_D0.txt,IBH_CHANNEL_COUNTS,4096,1.0,4096.0,1.0,channel,102604342,28351,31,False
8-86/Linearization_DA.txt,IBH_CHANNEL_COUNTS,4096,1.0,4096.0,1.0,channel,102604342,28351,31,False
