frame_index,time_ns,NMP_CORE_mean_CA_distance_A,LID_CORE_mean_CA_distance_A
0,0.0,24.28874844676412,26.58227788442298
1,0.2,24.999325569863938,26.65335895682151
2,0.4,25.01602772532489,26.236007983671612
3,0.6,25.212378658123434,26.624447335367275
4,0.8,24.955898409617976,26.93601561241167
5,1.0,25.02584529937629,27.017410700418438
6,1.2,25.490270247664373,27.38897803871096
7,1.4,25.622045829420415,28.68231023984168
8,1.6,25.64027110366298,30.510342316792944
9,1.8,24.99836088564316,29.1678986823089
10,2.0,24.952956125524814,29.666097118891845
11,2.2,25.23324053147788,29.42831318023901
12,2.4,25.38748927094677,28.957347316702315
13,2.6,25.3959371432777,28.960312395501166
14,2.8,25.270651888692257,29.50134918180779
15,3.0,25.40089766015115,29.138681459813128
16,3.2,25.410337356024343,29.85563853841169
17,3.4,25.749784399035764,30.73150452421512
18,3.6,25.842202919377776,32.64929505627357
19,3.8,25.06142808010159,33.434103706630964
20,4.0,25.616522869561503,32.86190981916542
21,4.2,25.002345867514293,32.30976699765203
22,4.4,25.215870953076255,31.73816137803755
23,4.6,24.853598680900305,29.827895166692308
24,4.8,25.341442493797498,30.28452359260122
25,5.0,25.011984966489663,30.117256120495053
26,5.2,25.272225398116948,30.27946932226208
27,5.4,25.489335923111916,30.51202327358246
28,5.6,24.768032779007733,30.226640470854253
29,5.8,24.78342028202028,29.890401881225053
30,6.0,24.88207757595403,30.419997555926994
31,6.2,24.69965022826051,30.36935413491802
32,6.4,24.86584062834122,28.94186691878216
33,6.6,24.973525436094636,28.517238107823612
34,6.8,24.476312764053407,29.465271134159018
35,7.0,24.835525992901772,29.479468498701525
36,7.2,24.891654770854252,30.868536811871262
37,7.4,24.64273835218065,29.7765365129048
38,7.6,24.752886196086216,28.448227552165335
39,7.8,24.876784441817442,28.73414930440139
40,8.0,24.953171705071327,29.073841938111237
41,8.2,25.38298091436853,28.107610205865566
42,8.4,24.8165621842796,27.621296681728086
43,8.6,24.729696510093305,28.237031383354452
44,8.8,24.81807203118513,27.84956053094792
45,9.0,24.880162227279854,27.368098409522222
46,9.2,24.71730831574207,29.335588941228202
47,9.4,24.608099973987596,28.39562568850988
48,9.6,24.795069283872795,28.61500082337793
49,9.8,24.503071686652927,29.161683362997753
50,10.0,25.006865672759268,29.92662658205524
51,10.2,24.706913937966934,28.853719564143685
52,10.4,24.718523723905886,29.86775997525048
53,10.6,24.922374641354097,29.160462995198245
54,10.8,24.695105238157378,28.53725179995893
55,11.0,24.663969433368976,29.34706653054533
56,11.2,24.66794509848013,28.643699932713485
57,11.4,24.758707386945442,27.73226336842264
58,11.6,24.788646912616777,28.82026585039274
59,11.8,24.91037822268617,29.172207655456816
60,12.0,24.701344741093,29.052776946524975
61,12.2,24.726450404148697,29.253425936404607
62,12.4,24.79160277213129,29.443244269921628
63,12.6,25.060663547492577,30.398835171758346
64,12.8,24.71517339039011,29.500253840265806
65,13.0,24.934217899742166,28.804967657520585
66,13.2,25.138117650429315,28.244928538291585
67,13.4,25.216822871079472,29.743695336237653
68,13.6,24.78737257876673,28.905335198215834
69,13.8,24.677376593490628,29.044192898778086
70,14.0,25.03086401385513,29.29574614638596
71,14.2,25.085053937559252,29.274512224262473
72,14.4,24.8335447067555,29.544538309626724
73,14.6,24.828711395048185,30.506408274089633
74,14.8,25.174218423492295,29.21256757760745
75,15.0,25.028050638450328,29.1116220400527
76,15.2,24.98079486416443,29.002336378414974
77,15.4,25.079573669896597,28.72264431129817
78,15.6,24.944911896173917,29.389955127731664
79,15.8,25.284545035696706,28.839291760315014
80,16.0,25.052011962097147,29.805896439237728
81,16.2,24.80058859679986,29.82818270842562
82,16.4,25.21129431372828,30.129997798057925
83,16.6,25.11990459553517,30.613833846781468
84,16.8,25.29766078620949,29.467950933158274
85,17.0,25.295341204490914,29.913237364299274
86,17.2,25.568094654816278,31.48639153544189
87,17.4,25.520111928693847,29.55547638679491
88,17.6,25.54374335263348,30.45591556465777
89,17.8,25.50573537432968,28.96760717548448
90,18.0,25.74043253685305,29.929865586585926
91,18.2,25.652252797252412,29.776385003983496
92,18.4,25.539980473216907,32.449383415477094
93,18.6,25.62718236361352,30.630600563936607
94,18.8,25.599872505300336,30.17190388133312
95,19.0,25.36377064980398,31.76390889818148
96,19.2,25.62355037504461,31.869156493871696
97,19.4,25.15959250538479,31.095570357608423
98,19.6,25.194617304483785,31.625477466549714
99,19.8,25.366274899938485,31.238160783662106
100,20.0,24.899382165187596,31.24361523343089
101,20.2,25.25964395774235,30.566042328135314
102,20.4,25.468634509216496,31.614273870470782
103,20.6,25.74791825260221,30.944512385432972
104,20.8,25.349267093384345,30.97548851694115
105,21.0,25.46551640432509,32.83951654175159
106,21.2,25.733672562254906,30.66833922682973
107,21.4,25.496016290491884,30.703305453438933
108,21.6,25.146714040233384,30.62837905393045
109,21.8,25.274929309483806,31.141990170640188
110,22.0,25.431676593539777,29.853318292460244
111,22.2,25.69946662358826,30.778210094045086
112,22.4,25.538135302910327,30.28428226101909
113,22.6,25.694699767034063,30.988802806291467
114,22.8,25.1058880238368,30.601929379607135
115,23.0,25.65923912920927,30.816014407095814
116,23.2,25.629575604073402,31.357686154252836
117,23.4,25.8569712834949,31.35796199914176
118,23.6,26.04096366225232,31.36923640027127
119,23.8,25.84322109756096,30.69133032987952
120,24.0,26.022481781905025,31.742354754458564
121,24.2,26.14993115485103,32.14293070486225
122,24.4,25.865352167568076,31.898053106513384
123,24.6,25.664073721128304,30.935479474468245
124,24.8,25.827013278877217,31.45529054382327
125,25.0,25.529299361400938,31.56820871773409
126,25.2,25.338026065649164,32.02362638829112
127,25.4,25.57865116990285,30.630305763718585
128,25.6,25.326957492019194,29.85915993486374
129,25.8,25.481952087561087,31.015136547249817
130,26.0,25.503911773134167,31.364312018411223
131,26.2,25.43712387331266,31.66038674161335
132,26.4,25.475151512552145,30.882302293621375
133,26.6,25.412910896355505,30.740799753912267
134,26.8,25.565937837010388,30.35126205752275
135,27.0,25.27678586840416,32.523045924894866
136,27.2,25.18664499114696,31.926268607281482
137,27.4,25.765640967840348,32.2016137801283
138,27.6,25.318704824253913,32.25628209368801
139,27.8,25.437008488052836,32.274676654519986
140,28.0,25.5360012460356,32.34417765793709
141,28.2,25.50646219093602,30.73508535534184
142,28.4,25.52040244631127,32.25411992560578
143,28.6,25.662002602056795,31.92320511994523
144,28.8,25.39054453759392,32.83407160126359
145,29.0,25.41325311274479,32.6219698218847
146,29.2,25.221629614200914,31.81028772864395
147,29.4,25.545530053749626,30.85529464259738
148,29.6,25.509064930776557,30.957348534973825
149,29.8,25.70311393673521,31.44512238328554
150,30.0,25.52302910020072,30.46217560488504
151,30.2,25.427075141401904,30.571361497920396
152,30.4,25.44222787106289,30.727200815004
153,30.6,25.59618337498567,31.331417237044878
154,30.8,25.38573294535611,31.146745579957383
155,31.0,25.427788251090277,31.552616448425315
156,31.2,25.574235476600265,30.691760064948717
157,31.4,25.08923699314228,31.147739551381566
158,31.6,25.923651749141705,32.50196279300858
159,31.8,25.447110196074867,31.79004121535419
160,32.0,25.387024504999403,31.749072568746353
161,32.2,25.33916403810413,31.125944297659643
162,32.4,25.376291578472763,31.52626929250626
163,32.6,25.59819035682648,30.421415486859377
164,32.8,25.725522907273376,31.859410528377083
165,33.0,25.64594425190807,31.0381115578357
166,33.2,25.66979365716654,31.16570483683815
167,33.4,25.595900757020335,30.813719547906178
168,33.6,26.0717653241258,31.32815549806123
169,33.8,25.98880961074381,31.316930956400522
170,34.0,25.922103753376774,31.260605127245213
171,34.2,25.5435355692616,29.70864482443468
172,34.4,25.984581671906465,30.306067280125287
173,34.6,25.66826735221495,29.775432728211598
174,34.8,25.978168036944172,29.981340734976097
175,35.0,26.338389215447705,29.395644336742816
176,35.2,25.875230296513347,29.3763142868028
177,35.4,25.939876085105297,29.898490350058836
178,35.6,25.864868594326254,29.87256176776911
179,35.8,25.999275332357755,29.93519439599076
180,36.0,25.913561997129683,30.58532255140316
181,36.2,25.658758843194548,29.55048861498708
182,36.4,25.71316953831267,29.721979288613177
183,36.6,25.90654410869256,30.059595958911444
184,36.8,25.73739872844707,30.707532788944395
185,37.0,25.090061436961573,31.317713461068497
186,37.2,25.656826128068513,31.631021791965107
187,37.4,25.270482637717272,31.764184729423754
188,37.6,25.620884577696003,31.775980669889464
189,37.8,25.273642065509833,32.001564015891226
190,38.0,25.446968532061046,33.60532082625016
191,38.2,25.529603195596607,32.73293520598423
192,38.4,25.384189347533717,31.993773814147545
193,38.6,25.42817419725717,31.338620907495283
194,38.8,25.36886834852177,32.14368808574039
195,39.0,25.728580241919655,31.464170810586143
196,39.2,25.343947684455674,31.78869171707586
197,39.4,25.490527953572133,31.443101069562108
198,39.6,25.482918992631348,32.05454044284976
199,39.8,25.54717373247782,32.86447690296908
200,40.0,25.43602661761825,31.169667379294626
201,40.2,25.11929324262156,31.054187824936935
202,40.4,25.39537483500762,29.72666679993398
203,40.6,25.324970237244344,29.110603824963036
204,40.8,25.417506496830857,30.041833026984147
205,41.0,25.772947564522607,29.888774012509202
206,41.2,25.816227681277606,31.31157757801438
207,41.4,25.439637524384967,30.808669864263635
208,41.6,25.72880620566306,29.62682309096912
209,41.8,25.591290952456152,30.206176306387494
210,42.0,25.234858698108532,29.447644171141512
211,42.2,25.21830086632946,29.532586754832952
212,42.4,25.463768917598536,30.250839242195408
213,42.6,25.48306284939831,30.22272092660613
214,42.8,25.64291586031795,31.571009447645462
215,43.0,25.673790880690596,31.126973996323148
216,43.2,25.61867467946536,31.567319259103684
217,43.4,26.08676804889804,30.982072211723008
218,43.6,25.403170526516902,31.730741964419263
219,43.8,25.596307656132133,31.187171450242055
220,44.0,25.415910897295383,30.532381404797263
221,44.2,25.513982080062338,29.13663278808742
222,44.4,25.722409005624968,29.212349642621394
223,44.6,25.55388916767681,29.460046839210534
224,44.8,25.70555370923444,30.151829950883315
225,45.0,26.026210216036144,30.206811415134787
226,45.2,25.743528112207,30.0781894044062
227,45.4,25.931613423332443,29.531607112397534
228,45.6,25.5502762834935,30.072580775358738
229,45.8,25.606562710860857,29.87900470870641
230,46.0,25.72048341096507,29.932969410349525
231,46.2,25.7026431980429,30.04236880729117
232,46.4,25.90347156026138,29.994779585081115
233,46.6,25.723593873211197,29.607974525621792
234,46.8,26.01987103731063,29.64541386366199
235,47.0,25.810435453486715,30.1982608838443
236,47.2,25.878359146665318,29.424185301471745
237,47.4,26.01008826613636,30.507615217072203
238,47.6,26.02588168280774,30.65446044736481
239,47.8,26.160283609912693,30.56128587432772
240,48.0,25.446887448095488,30.931071479808775
241,48.2,25.44887610857537,29.643816940657878
242,48.4,25.524150387281985,30.059829637923904
243,48.6,25.691108832893683,30.09758798820114
244,48.8,25.817314241165338,30.054557344967133
245,49.0,25.75525677998498,30.65758741458503
246,49.2,25.725224136444886,29.949929712595303
247,49.4,25.883786612480908,29.935639594740056
248,49.6,25.619074348230054,30.23121560046183
249,49.8,25.724940611591816,30.588297076668393
250,50.0,25.786886226801574,30.6467022379688
251,50.2,25.869319476001632,30.66179357805396
252,50.4,25.91134179740657,31.10846341266998
253,50.6,25.814083784196594,31.103908562619676
254,50.8,25.233423379990562,31.23404075102611
255,51.0,25.7697218474613,30.593889303175747
256,51.2,25.474614819635825,30.37584260854321
257,51.4,25.430028953395375,30.620635672490785
258,51.6,25.818359164383622,30.444006056228606
259,51.8,25.397605970261825,30.867317667852177
260,52.0,25.575339678473252,31.67902237600978
261,52.2,25.394361979172427,30.648677637236187
262,52.4,24.956589903718164,30.084230810962396
263,52.6,25.044407955599475,30.63267290999152
264,52.8,25.01614778504122,30.678528481595297
265,53.0,25.174371554972833,30.531968231590017
266,53.2,25.16130482719105,30.65372951167059
267,53.4,25.287202485386192,30.515573181434267
268,53.6,25.87716769920709,29.927893547032912
269,53.8,25.608377109299397,30.04130953584991
270,54.0,25.32695936511534,29.695102493265495
271,54.2,25.130037793314333,30.346501577411253
272,54.4,25.281303670115978,29.821794856837045
273,54.6,25.414263042959544,31.42370340842557
274,54.8,25.33771313725198,30.668492840634954
275,55.0,25.640938602770447,30.850910148879542
276,55.2,25.814305301451522,30.887335320385425
277,55.4,25.37199295952284,31.14920514856938
278,55.6,25.47752738800037,30.722100827774405
279,55.8,25.36391958666631,29.92963689820376
280,56.0,25.262560042458347,30.540946152064443
281,56.2,25.354705926882335,30.471490430284327
282,56.4,24.991933768215358,31.136472305486635
283,56.6,25.52439148047958,31.199503849359655
284,56.8,24.99193059379318,30.41740739132561
285,57.0,24.74777626702606,30.888058691856312
286,57.2,25.13853922871238,31.282901405925653
287,57.4,24.79207782258452,30.830666409838297
288,57.6,25.126801826070178,31.410522177428703
289,57.8,24.90708111054029,30.200270255790283
290,58.0,24.84618605954209,30.327694956860284
291,58.2,24.980379975848027,30.079370232173517
292,58.4,25.24782351051551,30.22909128604675
293,58.6,24.921767403726918,30.733532707184285
294,58.8,25.15242377904019,30.391801500545114
295,59.0,25.10194577435653,31.31172888154592
296,59.2,25.56493526756381,30.198288848843013
297,59.4,25.205634449009093,31.459186163461833
298,59.6,25.51176937677929,31.08402182591804
299,59.8,25.86305607957293,32.19027632477724
300,60.0,25.623165736281383,30.68720575277077
301,60.2,25.99187070592335,30.239962182237907
302,60.4,25.45004672819624,30.191589366595807
303,60.6,25.06417790355727,30.20918643326252
304,60.8,25.277432133995028,29.863835699994812
305,61.0,25.29897123745995,30.143367354571104
306,61.2,25.63931437269255,30.581427915294192
307,61.4,25.437608159577916,30.657215979159634
308,61.6,25.57211356185025,30.127805942149724
309,61.8,25.501820368339462,30.193075503683556
310,62.0,25.557224025809244,31.330851021327472
311,62.2,25.390428024918535,30.15919607767618
312,62.4,25.86924131763725,30.161271849710666
313,62.6,25.343682105551956,30.413489556002332
314,62.8,25.754879979302412,31.98816872763628
315,63.0,25.925175887476037,30.923839911699694
316,63.2,25.682544368210745,30.569127939283796
317,63.4,26.183706414293958,30.317825753519465
318,63.6,26.126443310074656,30.66498675557254
319,63.8,26.1233834905813,30.752571779532296
320,64.0,26.265536445903237,30.718987173621162
321,64.2,26.164615252194146,31.49874054609872
322,64.4,26.287416147882965,31.234246596274946
323,64.6,25.868185010285067,30.1760012729457
324,64.8,26.03756353614476,29.78302265668309
325,65.0,25.713920812914942,31.031997787498963
326,65.2,26.124493548249877,30.702731183077002
327,65.4,25.959192203325593,30.516276211262042
328,65.6,25.851396603413164,30.95367868427298
329,65.8,26.1402572607889,30.648804436964443
330,66.0,25.98568435076106,31.107155175908844
331,66.2,26.107615740316277,30.493663471937097
332,66.4,25.44462935347294,30.70631602145193
333,66.6,25.326684416213514,30.469968723411025
334,66.8,25.341074027023705,31.100987165859618
335,67.0,25.104581207111526,31.37622446065624
336,67.2,25.341563943113762,30.163650791467816
337,67.4,25.416140033733754,30.568385141418144
338,67.6,25.6606535620207,30.584247685497004
339,67.8,25.75925348657843,32.01622921502106
340,68.0,25.910411007171195,31.501280931595705
341,68.2,26.03748905820885,31.498856270022287
342,68.4,26.286497751400752,30.893788032307675
343,68.6,25.77341512059031,31.355675624751292
344,68.8,26.220352364774204,31.80620142834513
345,69.0,25.826994386619766,31.16700951454736
346,69.2,26.125924479206216,30.99784494763323
347,69.4,26.130836776490554,30.9770362242879
348,69.6,25.710381566346094,31.56376910037458
349,69.8,25.76182157628206,31.15018437089241
350,70.0,25.710587535643057,31.43446283899032
351,70.2,26.072267148455587,31.125741959833892
352,70.4,25.677557563087543,31.38391219869039
353,70.6,25.54125080072753,30.70010625748481
354,70.8,26.049545929694798,31.753424067296443
355,71.0,25.890943501347287,31.6325628090394
356,71.2,25.83933829174271,30.639658956073777
357,71.4,25.835619343849114,30.642021472536825
358,71.6,26.115959076100722,29.97806786161927
359,71.8,25.960098057403847,30.095059829151293
360,72.0,25.938793071979916,30.596027760311177
361,72.2,26.134802539318972,29.406116991808073
362,72.4,25.919853856629683,29.542941034573364
363,72.6,26.10994013445077,29.085771325554738
364,72.8,26.164181852213453,29.914436982587784
365,73.0,25.979117366235446,29.448225385333686
366,73.2,25.950796503812604,29.609657565753007
367,73.4,26.117201112502745,29.77991830516176
368,73.6,25.881925764276488,31.048049462005043
369,73.8,25.896827195696375,29.486717806971548
370,74.0,25.82153365055968,31.5232141563152
371,74.2,25.812505289080338,31.99145990047434
372,74.4,26.22806395787658,30.993254062987493
373,74.6,25.83744880801037,30.783062749876073
374,74.8,26.016322612150315,31.02188047353792
375,75.0,25.881400604132487,31.34032421604626
376,75.2,25.800651317092154,31.254665829969515
377,75.4,26.1195444383273,30.953937249936665
378,75.6,25.77768793668438,31.126444045170278
379,75.8,25.726353641744662,30.638671345045022
380,76.0,25.59841600391944,32.12368393017538
381,76.2,25.900165425369632,32.00145330843336
382,76.4,26.029957644800042,32.6712473095616
383,76.6,25.66864070653145,33.2934793460503
384,76.8,25.675014758595132,32.066526139658826
385,77.0,25.76321796163385,33.21860818292683
386,77.2,26.285631979005068,32.57916998070227
387,77.4,25.681014313960418,31.354299301761937
388,77.6,25.49476018338456,32.725791813687295
389,77.8,25.580991581476784,31.618938634200354
390,78.0,25.74642235585064,31.383329367615723
391,78.2,25.725866969730056,32.41683030869622
392,78.4,26.28087857819794,31.227339378695277
393,78.6,26.06722952753612,30.706269775236002
394,78.8,25.95612695819899,31.13511151803831
395,79.0,25.62708012399012,31.002318432273334
396,79.2,26.058574058038364,31.09631293827279
397,79.4,25.711272516609203,31.050155863216062
398,79.6,26.182763370251354,29.12283940326179
399,79.8,26.022909584929767,29.541741954920447
400,80.0,25.78767525867968,29.445797066056112
401,80.2,25.758941595101334,30.587177923158862
402,80.4,25.769333709271507,31.30356356824647
403,80.6,25.968083279407097,30.331043429894326
404,80.8,26.171041536811376,30.074814895044174
405,81.0,25.65347758777,29.654682250456762
406,81.2,25.74454108871396,30.156068581382964
407,81.4,25.972066579135213,29.962640611963216
408,81.6,25.902576074577393,29.497960632542046
409,81.8,25.65416412721691,30.74482638489885
410,82.0,25.843778734414204,29.797870210213578
411,82.2,25.559452929951405,30.11522793629622
412,82.4,25.61972344204464,29.49623813429448
413,82.6,25.709165413969732,30.607331493221647
414,82.8,25.6545404357892,29.873238843727194
415,83.0,25.730743492029088,30.122553281885377
416,83.2,25.517010748391687,28.806078391056833
417,83.4,25.689192893323057,29.0388917096822
418,83.6,25.74746275059935,29.385375760662438
419,83.8,25.823111036585367,29.881622569146874
420,84.0,26.144943528317466,29.12239048647267
421,84.2,25.61981602591162,28.823098109326587
422,84.4,25.817931759177178,29.228716999816214
423,84.6,25.843913541108986,28.833789266704116
424,84.8,26.01641903552181,29.30885907169735
425,85.0,25.914130545698097,29.298549597064845
426,85.2,25.663293043265647,29.333596075752293
427,85.4,25.797235197169403,29.687037623649285
428,85.6,25.374629633140454,28.85004907315725
429,85.8,26.28878998110893,30.363138390921012
430,86.0,25.869627139756016,28.48877767411812
431,86.2,26.325617918555828,29.470959357431223
432,86.4,25.935093671828422,29.974182248650095
433,86.6,25.56918752992858,29.9579516766664
434,86.8,26.095522042218814,28.806528143635678
435,87.0,26.15668277046392,29.989199708575416
436,87.2,25.686939348999314,29.61572660808705
437,87.4,25.651921161783026,31.47011318816141
438,87.6,25.7805676365079,30.450073132683425
439,87.8,25.78328162091354,30.006217710199852
440,88.0,25.637092128766575,29.316582231272257
441,88.2,25.629872839875123,29.815988005033947
442,88.4,25.833727697754142,29.709526474274945
443,88.6,25.93209739837297,28.99323438346167
444,88.8,25.7977684274681,28.544922632936757
445,89.0,25.615691423122072,28.900250218270546
446,89.2,25.727169469186787,27.89541591351312
447,89.4,25.686986905174578,28.747968314214194
448,89.6,25.662562711566935,28.536579955297942
449,89.8,25.93806836948776,28.98916101739457
450,90.0,25.87757057836478,30.974707341488145
451,90.2,25.31504970107242,30.65694115448845
452,90.4,25.35652678088184,29.801510416941813
453,90.6,25.847564608829966,31.683388366107675
454,90.8,25.641227752329474,31.26495368344209
455,91.0,25.885102607960462,30.57911905737708
456,91.2,25.888271343516372,29.8215904209107
457,91.4,25.852654717899423,28.418770830833125
458,91.6,25.89885316275973,28.727453989301253
459,91.8,25.79655822615271,31.07485048881872
460,92.0,26.068564776983933,29.895542500523725
461,92.2,25.802907964852785,29.220951337995867
462,92.4,25.756128624796983,29.058446254046597
463,92.6,25.515259212569063,30.29833382430083
464,92.8,25.80645204713422,30.5530365974749
465,93.0,25.665844183365312,30.029549367102867
466,93.2,26.599784471065497,29.275219299453582
467,93.4,26.02801231495166,29.601713127463274
468,93.6,25.935294334587986,29.35682539027189
469,93.8,25.99439583520287,30.03979117536863
470,94.0,26.28779925435789,29.92511564319123
471,94.2,25.94376554690595,31.514073531553
472,94.4,25.850144872686,32.26793650662629
473,94.6,26.330079277622104,30.50269361566683
474,94.8,25.635337937410284,30.48309428379541
475,95.0,25.848360180549456,29.94351723124739
476,95.2,26.02177408874506,29.62487132765452
477,95.4,25.965479760951776,30.198511049761063
478,95.6,25.94959824192282,29.057088139386202
479,95.8,25.5666172021354,28.5299112877136
480,96.0,25.61329284002781,29.252031958655458
481,96.2,25.655480740414202,29.999027377521404
482,96.4,25.934054140740624,29.621228131033575
483,96.6,25.620367637557212,28.552267130285216
484,96.8,25.625929759052088,29.78985206450513
485,97.0,25.743461016291445,29.268088669003482
486,97.2,26.061393789513872,29.50231435366989
487,97.4,26.383387768365733,29.859123377016278
488,97.6,26.029143494431956,29.855587024298615
489,97.8,25.931895490244653,30.21187566034203
490,98.0,26.380139354877276,30.08438826261236
491,98.2,26.1482051932527,30.10464716170597
492,98.4,26.49993450473618,30.911326032066782
493,98.6,26.087125281361637,32.46453324673473
494,98.8,26.198651646065834,30.94088425720488
495,99.0,26.770593177270456,31.974039307332013
496,99.2,26.08325167563794,31.82245871123613
497,99.4,26.066968320899818,31.08423896692162
498,99.6,26.251836955021783,32.41461874875273
499,99.8,25.824068238330256,31.366342959409764
500,100.0,26.661346863739364,31.955093753100055
501,100.2,26.76568100104368,31.082320622708213
502,100.4,26.742917885114235,32.21931914802089
503,100.6,26.594145950195884,31.179712308701923
504,100.8,26.15796895023519,30.451612021226527
505,101.0,26.4001379760098,30.79474318174674
506,101.2,26.2860442509609,29.478272841261546
507,101.4,25.896413205444173,30.025398660365926
508,101.6,26.297252338246103,29.2513896697321
509,101.8,26.80762318809451,30.44231354477394
510,102.0,26.670875353904346,32.99319794961725
511,102.2,26.821898803939945,31.2307467969788
512,102.4,26.449350618339807,29.824320245924856
513,102.6,26.273676713873833,29.85672883055907
514,102.8,26.138071893944876,31.036853472456745
515,103.0,26.13702830725606,31.199267838224134
516,103.2,26.291618853595953,31.582798323756407
517,103.4,26.177877953032954,31.534891243236107
518,103.6,25.940506892433817,31.345302173281983
519,103.8,25.539908655474058,31.55944255257846
520,104.0,25.657439916328833,30.707357567844827
521,104.2,25.696346400878127,32.06092436742776
522,104.4,26.128518575403206,31.323793811281966
523,104.6,26.546860317764683,32.20668843828585
524,104.8,26.616349843123288,32.12259043135336
525,105.0,26.205846637967767,30.228117787757316
526,105.2,26.39465859502824,31.878012409490427
527,105.4,26.129961686765952,31.21739513979208
528,105.6,25.365561794778998,31.682786341218822
529,105.8,25.611035311011396,31.53063250350411
530,106.0,25.659784474619062,30.624210763059835
531,106.2,25.383457010844015,31.363377533577484
532,106.4,25.372860408216322,30.946310956006776
533,106.6,25.520625200499282,31.735799643556973
534,106.8,25.135665071325548,31.85354260677374
535,107.0,25.541428324212408,31.625177049725313
536,107.2,25.49633633321117,30.08654041883531
537,107.4,25.871303173262017,31.01812980365907
538,107.6,25.94152056652429,29.919510992891087
539,107.8,26.00924586942732,29.71707235992389
540,108.0,25.509931714617956,29.634813236187316
541,108.2,25.416185227513214,30.099103153629457
542,108.4,25.492466316917593,29.95187012405787
543,108.6,25.145921973750777,28.85754926889301
544,108.8,25.562874704289293,29.438066288578824
545,109.0,25.64389970602243,29.12191459603484
546,109.2,25.72901011230161,30.286965040921437
547,109.4,25.76523104848701,30.86132588411639
548,109.6,25.559986432660402,29.52112654487053
549,109.8,25.436298552541455,30.11426221389246
550,110.0,25.950586580531503,30.38488489010231
551,110.2,25.82767832821224,31.625502290191633
552,110.4,26.213730427407143,31.58490586604484
553,110.6,25.583484263516738,30.099829534601
554,110.8,26.53907773502988,29.849712682132925
555,111.0,26.055391842992154,31.041681323954172
556,111.2,25.896495554287576,30.441919524454132
557,111.4,25.939292463343044,30.016508468481433
558,111.6,26.04003780527871,29.908453580422226
559,111.8,25.681616297680186,29.510135440119974
560,112.0,25.85298607139042,30.43823821530314
561,112.2,26.474835101124143,29.949339412710007
562,112.4,25.927907225143706,30.4691081092779
563,112.6,26.022570639627986,29.692629011923298
564,112.8,26.055107037171663,30.19933460727806
565,113.0,26.34852518121531,30.57086878684101
566,113.2,25.841309715156502,31.46040756478794
567,113.4,26.37491981290898,32.297609297511116
568,113.6,26.06355903277181,31.644558450810752
569,113.8,26.210199866863746,31.086413127231072
570,114.0,26.18450432485547,30.820654844394838
571,114.2,26.353940286522892,30.691310550974467
572,114.4,26.281463381046553,30.97128094817673
573,114.6,26.58764772255473,29.52162907763211
574,114.8,26.082067140417557,31.24462120397617
575,115.0,26.263773087548625,30.12174483154841
576,115.2,26.305220855539567,30.846796637090105
577,115.4,26.122897591963337,31.02115502748134
578,115.6,26.146903290083152,30.251781919279132
579,115.8,26.523921864924166,31.037399896006285
580,116.0,26.029034389785316,31.40477399871444
581,116.2,25.927535618092673,30.86405266676665
582,116.4,25.276467791936327,30.841669276126634
583,116.6,25.637273900252847,29.70881644987211
584,116.8,25.548948001813553,30.271935155599653
585,117.0,25.596853365384757,30.372829275589254
586,117.2,25.38391304130645,30.34015562098166
587,117.4,25.98451848005199,30.51856717457199
588,117.6,26.040676434724727,29.674072744931564
589,117.8,26.561019025570424,29.923017526887367
590,118.0,26.029521688815848,30.020824415877502
591,118.2,26.07632656412905,30.458842043085813
592,118.4,26.15834965301705,30.335794987014523
593,118.6,25.91685472884394,30.48331504489538
594,118.8,25.695620027689053,30.66685800829223
595,119.0,25.816565104493385,29.699041252293398
596,119.2,26.540437413989963,29.990694520196183
597,119.4,26.59807093396509,30.49201078925407
598,119.6,26.604821040711197,30.5225539200927
599,119.8,26.655333000208262,30.672552414100352
600,120.0,26.275813028462835,30.649026739941235
601,120.2,27.104477408737978,29.861366798164724
602,120.4,26.610414668463264,30.396636152098036
603,120.6,26.779443709875007,30.029194437383353
604,120.8,27.00038910867472,29.37810035091761
605,121.0,26.835768292151208,30.288554182074744
606,121.2,26.247643955808147,29.485444149813883
607,121.4,26.430352425979926,30.219510923337566
608,121.6,26.205685890274424,29.884022229944108
609,121.8,26.095386305361735,30.10198845988686
610,122.0,26.330317606125654,29.981638567582454
611,122.2,26.570690617217526,30.72839062468726
612,122.4,26.4854627685594,31.944753939000442
613,122.6,26.82313858323851,30.420860041894926
614,122.8,26.733173785488706,30.342937108039592
615,123.0,26.523606680767003,29.564774011132236
616,123.2,26.43390289485584,30.0325388870173
617,123.4,26.418199845865672,30.982127441921662
618,123.6,26.05378677341367,30.05635943178774
619,123.8,26.033514738368197,30.22405269091643
620,124.0,26.512797397245784,29.626051796625145
621,124.2,25.970149548290735,29.040262767042897
622,124.4,25.912442280812616,29.483193025367864
623,124.6,26.160335497224946,30.67614891283624
624,124.8,26.266886641163204,29.720419718765474
625,125.0,26.469265322342935,30.158570704067085
626,125.2,26.080611161735916,29.193640127883782
627,125.4,26.517815448999194,31.035805916444286
628,125.6,26.241465332666294,31.615443981232993
629,125.8,26.39415980332086,30.631035267375733
630,126.0,26.817399827942644,31.410619154905614
631,126.2,26.74826358730543,31.92095385166278
632,126.4,26.92431361028648,29.690671079701943
633,126.6,26.342235249128183,30.109478506767054
634,126.8,26.35708375335466,30.35381612970946
635,127.0,26.10877484267477,29.863327413101583
636,127.2,26.769081439219516,30.178538066989052
637,127.4,26.93609286940526,30.47281648740087
638,127.6,27.176894715288974,30.624293758564807
639,127.8,27.136899997248754,30.650144645421538
640,128.0,27.25672908760803,31.14812899118752
641,128.2,27.11641083803603,30.35654249291339
642,128.4,26.965330659689027,30.510934494924893
643,128.6,26.787766141627202,30.34862393672281
644,128.8,26.372832844097267,30.688906611724693
645,129.0,26.704740603941456,30.27457775070339
646,129.2,26.454822308517976,31.239008198366342
647,129.4,26.37981318299359,31.073929993266848
648,129.6,26.40741870924267,30.365560501700738
649,129.8,26.126680753989746,30.65309832829376
650,130.0,26.076798171549797,30.32799039883423
651,130.2,26.437557525723538,29.483918233945897
652,130.4,26.615715300977605,30.50738480483421
653,130.6,26.310842771246303,30.777656252865167
654,130.8,25.826299805797348,29.967630522078892
655,131.0,26.604911146988073,29.731598774181915
656,131.2,26.508977257468786,30.034177411479202
657,131.4,25.811673095173372,30.24237164177793
658,131.6,26.45462555793718,30.75897825732049
659,131.8,26.509416389868274,30.715868509433967
660,132.0,25.931624046885098,31.033152508224592
661,132.2,26.109530805711703,32.51024263758545
662,132.4,25.91094739343093,30.35359422299005
663,132.6,26.133543748268146,30.216585344968575
664,132.8,25.811856629721404,30.86914733845437
665,133.0,26.130438895308817,29.44023810215238
666,133.2,26.246193385101183,29.473710741014365
667,133.4,26.112330785699076,29.135716068664888
668,133.6,26.184938798801102,30.49067456085641
669,133.8,26.42054936536443,29.734993763761036
670,134.0,25.628737630720444,29.96846249108396
671,134.2,25.921157690031478,31.927872509776225
672,134.4,26.337049983199066,29.197221232650218
673,134.6,26.592294077017343,30.340411677966095
674,134.8,26.331085091957384,30.380677081795053
675,135.0,26.220811420031474,30.36534709877466
676,135.2,25.958837154102675,29.92913945436875
677,135.4,25.8267306588653,29.717014355477286
678,135.6,26.11140834171524,30.159096711466574
679,135.8,26.090732227335543,30.27243922190555
680,136.0,26.012718868327315,29.48015442950481
681,136.2,26.462957017359088,29.425209691801733
682,136.4,26.265126956976466,29.449034200085574
683,136.6,25.794546066071895,29.800386303449685
684,136.8,26.066439060502262,29.828756290554914
685,137.0,26.018956375395387,29.866884081141897
686,137.2,25.702215044679615,28.916673937297837
687,137.4,26.36749487736172,29.530249917101703
688,137.6,26.002450586825137,30.555282667347505
689,137.8,25.865491163191994,32.32414092598155
690,138.0,25.824257981319825,32.120594594868535
691,138.2,25.579477635260492,30.013137701819602
692,138.4,26.06178093662102,31.35506799370706
693,138.6,26.416380743346334,31.57965504872282
694,138.8,26.02513608874677,31.789825387079716
695,139.0,26.19900483995151,32.62954260856772
696,139.2,26.41225836578641,31.818054765593793
697,139.4,26.20839312964569,32.43819698844716
698,139.6,26.457498429199365,33.84186993777169
699,139.8,27.177541330990994,33.61253769782769
700,140.0,26.712150867175968,31.888081403736596
701,140.2,26.618633613038106,31.82075474927239
702,140.4,26.254018086538586,31.596089030642656
703,140.6,26.769835067055613,30.839245579311733
704,140.8,27.020121351037144,30.965022671583384
705,141.0,26.316149171843342,30.094301472578593
706,141.2,25.795181415419528,31.75265440838676
707,141.4,26.583155918693553,31.221917385744877
708,141.6,26.30364043420428,31.915891216850365
709,141.8,26.345775756632175,31.689989799305096
710,142.0,26.43623382089337,32.49516548086256
711,142.2,26.578166179716174,31.130367841215403
712,142.4,26.215115293001276,30.237511101160802
713,142.6,26.7008361188632,30.430619127379927
714,142.8,26.64113146528409,30.677829923037883
715,143.0,26.356496681196194,30.57374322456196
716,143.2,25.99584056584432,32.26000338850534
717,143.4,26.235755843044426,32.21035548835564
718,143.6,27.264268380025097,32.41095411152745
719,143.8,26.708879965383442,31.90106452685763
720,144.0,26.37631368308747,33.420725749910204
721,144.2,26.459189926017178,32.54396578829755
722,144.4,26.46611477212515,33.896392678612116
723,144.6,26.82540156340314,36.44730010515518
724,144.8,26.78150749398627,33.38038754904591
725,145.0,26.861700499740707,32.08348955535816
726,145.2,26.86024497562572,32.87792409372463
727,145.4,26.6756630997691,32.25303342703275
728,145.6,26.521221875259183,32.19095549175479
729,145.8,26.73374502736954,33.00365346554352
730,146.0,26.688194312467353,32.7976097361261
731,146.2,26.6699364913618,31.930090793945247
732,146.4,26.899369301440103,32.48524603074388
733,146.6,26.591971810290193,33.620139583944905
734,146.8,26.587643457698533,34.14416494808181
735,147.0,26.054233926779418,34.17654187381238
736,147.2,26.23463341777238,33.43334304012745
737,147.4,26.205275755917608,32.19070247469276
738,147.6,26.175017382790998,30.638159392672932
739,147.8,26.266437853525932,30.238041365911975
740,148.0,26.709012244520647,29.166336895488993
741,148.2,26.11077898142096,29.638164099878296
742,148.4,26.094266191248565,30.11694825876883
743,148.6,26.034858477720093,29.786222436713327
744,148.8,26.61928712988422,29.439416297795464
745,149.0,26.009865600907546,29.569820896567904
746,149.2,26.90304755407039,30.335338952191798
747,149.4,26.431345036336186,28.60054972973609
748,149.6,26.426487368528313,28.611497167949647
749,149.8,26.65252539087536,28.560711186847747
750,150.0,26.811303807683114,28.302944243975816
751,150.2,26.4274655442879,28.9139645875231
752,150.4,26.318980366275145,28.669386277601586
753,150.6,26.393338328323534,29.705012878949976
754,150.8,26.244640219282616,30.280898550807947
755,151.0,26.479416259344212,29.257174852315995
756,151.2,26.236851106486565,29.510483578573233
757,151.4,26.044929123373738,29.015926563455203
758,151.6,26.356495525645055,30.210652810322085
759,151.8,25.872575872184548,30.075750492020532
760,152.0,26.26933505664974,29.32017130832288
761,152.2,26.343359936481093,30.675839266783754
762,152.4,26.060473823317984,29.584882166277488
763,152.6,26.676329858017723,29.854901431702544
764,152.8,26.733542620972454,30.23979389309586
765,153.0,26.744322833706725,30.073010563129433
766,153.2,26.982740948418737,30.081338628949055
767,153.4,26.851658831379833,29.361741196564257
768,153.6,27.25957604289861,29.933737241748506
769,153.8,26.445628731879648,29.51417307510769
770,154.0,26.915273139606086,30.51290915507267
771,154.2,26.718221933705408,30.649728820328605
772,154.4,26.800367524222686,31.15064833151733
773,154.6,26.742257776685406,31.628895881819837
774,154.8,26.435732476265578,31.442034754379733
775,155.0,26.789137977788076,30.70598407305213
776,155.2,26.698766127371282,31.74148372774692
777,155.4,26.976660667892446,30.14912338928635
778,155.6,26.49543307828892,32.652134062537314
779,155.8,26.49331437923048,31.10575186851581
780,156.0,26.26324170231001,31.342916262558568
781,156.2,26.681746459935027,31.54576148825006
782,156.4,26.41382557285197,31.52960792430626
783,156.6,26.915456526271942,31.064412025468624
784,156.8,26.87767811482531,31.9730559861024
785,157.0,25.994747099223005,31.15870895776332
786,157.2,26.457006307096528,31.94397803409478
787,157.4,26.91321169381104,31.192212491390617
788,157.6,26.606421122315933,31.2082965589213
789,157.8,26.361618415038496,32.844469841047996
790,158.0,26.229004455700167,33.65042590291729
791,158.2,26.538221941359723,34.53188585745022
792,158.4,26.654106005369616,33.365575361292436
793,158.6,26.468027603172665,34.63343711828235
794,158.8,26.669295184483314,34.076115043793635
795,159.0,26.502179878492694,34.317299405296446
796,159.2,26.057437321406198,34.603929121959794
797,159.4,26.512418820166005,34.27140341432626
798,159.6,26.765695190350236,32.63120022522345
799,159.8,26.848818473847402,33.03747398281214
800,160.0,26.38525058472441,33.28731442176137
801,160.2,26.725990569930374,32.4671937061609
802,160.4,26.60120052070898,30.824302460855748
803,160.6,26.345916531990504,31.16960338877373
804,160.8,26.422359422062456,30.41909688047471
805,161.0,26.477071551926556,30.904242373219265
806,161.2,26.435365361050533,31.916096702161326
807,161.4,27.10028397406844,31.69167037230131
808,161.6,27.159312401564915,30.83630014649225
809,161.8,26.72708996511701,30.269887000059846
810,162.0,26.963885103858388,31.906183068487376
811,162.2,26.493724830325906,30.43911263619223
812,162.4,27.108297001278597,30.56720522827594
813,162.6,27.303215685154495,30.453936382455662
814,162.8,26.996706709796218,30.74567325506673
815,163.0,27.1293725726495,30.679482858845194
816,163.2,26.810192236144896,31.378749586735726
817,163.4,26.644150357963113,30.829860499995995
818,163.6,26.650585660665495,30.51957403201184
819,163.8,26.787150764339597,30.42118159476868
820,164.0,26.601106404070105,30.103865950578225
821,164.2,26.882362069430233,31.406633559890512
822,164.4,26.364287030201496,30.03756925100202
823,164.6,26.68515215111274,30.577019144141342
824,164.8,26.6087318493616,30.768877508077157
825,165.0,27.126261429443897,30.791037946395676
826,165.2,27.12476204367849,30.785935639382675
827,165.4,26.66851951156314,31.53265377658257
828,165.6,27.124885457895843,29.66435329964418
829,165.8,27.047945447203446,30.418879804211965
830,166.0,27.333867374701434,30.165534308509557
831,166.2,27.21789651816623,29.481177624844918
832,166.4,26.79692968971411,30.30318172556113
833,166.6,26.91284765983744,29.42651087020156
834,166.8,26.52880591531696,29.494427217698213
835,167.0,27.050750510764598,28.90720798323286
836,167.2,26.670527874078477,29.235942908378004
837,167.4,26.42780269893235,29.424337692697417
838,167.6,26.812886889802375,29.4840354315673
839,167.8,26.400270668155922,28.709545386100142
840,168.0,26.879607648719546,29.49955833006978
841,168.2,26.862823576862933,29.534009931596273
842,168.4,26.355424706390863,29.58741189164466
843,168.6,26.37554092588315,29.11943777423546
844,168.8,26.850844166341513,29.620196891348535
845,169.0,26.676239969828423,29.992869073644663
846,169.2,26.77071188882947,30.45998979675175
847,169.4,26.576665400173223,30.36495427379758
848,169.6,26.853834768481057,29.851619327143936
849,169.8,26.853750025273435,30.574653167824643
850,170.0,26.904050691453744,29.925960829668604
851,170.2,26.599353862703232,29.977707248386267
852,170.4,26.44126075778589,30.467082023817827
853,170.6,26.011175128470903,30.437418481847192
854,170.8,25.613204907537124,30.56042022995875
855,171.0,25.984648141587744,30.82778032537956
856,171.2,26.561551341752484,31.26647767865539
857,171.4,26.02303053347989,30.914563048345656
858,171.6,26.281750325689362,30.830352488520674
859,171.8,26.18269453745874,30.85634793875739
860,172.0,26.458561928791504,30.696355945402033
861,172.2,26.407435379762617,30.779425906003535
862,172.4,26.648575316587262,30.80007794898189
863,172.6,26.108078433115224,30.63794349579497
864,172.8,26.06719028628633,30.26195735896231
865,173.0,25.89764910579183,29.542320812916817
866,173.2,26.37572015175681,30.09516050434023
867,173.4,26.235493189573358,30.447512466198926
868,173.6,26.65395785742848,29.824844467162254
869,173.8,26.305920437615338,30.79968314302754
870,174.0,26.1610885998618,30.374622325355944
871,174.2,26.70332102137484,29.66329681911935
872,174.4,26.731594361980832,29.966856564257917
873,174.6,26.539361353055003,30.475163756145665
874,174.8,26.554616573577796,29.626029034354328
875,175.0,26.09538794307146,30.112365961710516
876,175.2,25.771614973334437,29.160673971346792
877,175.4,25.837562214358424,29.71966086221418
878,175.6,25.50833734319212,30.150673206076807
879,175.8,26.42895904853226,30.382811881530678
880,176.0,25.901828814865503,30.22370359731145
881,176.2,26.520793892887692,30.24530188005159
882,176.4,26.2992993024025,31.386695949079755
883,176.6,26.71941838522764,30.49473181243451
884,176.8,26.750355637074588,30.53243516550045
885,177.0,26.537323100458213,31.52699941103865
886,177.2,26.85218941243923,30.602406115180514
887,177.4,26.95925372104023,32.50377837668065
888,177.6,26.687625250861277,33.289661315029086
889,177.8,26.813497538426482,34.296029186064715
890,178.0,26.64607979239445,34.51360422316529
891,178.2,26.909865455621578,33.49605986922153
892,178.4,27.165252244174443,34.54575171293955
893,178.6,27.2428870484678,33.039716999421124
894,178.8,26.58715999202575,31.528302443096095
895,179.0,27.254515040686208,31.97216778634102
896,179.2,27.304879506671178,32.96656057770157
897,179.4,26.548877637647905,33.1914726720777
898,179.6,26.822536610594224,34.113837631665135
899,179.8,26.660486447876437,33.67754990631589
900,180.0,26.65186450153664,35.31256599191736
901,180.2,26.747649158770738,34.6808498877683
902,180.4,27.131525921473802,36.82836938498648
903,180.6,26.85853768276648,35.9820789446983
904,180.8,27.07451856922265,35.751451593800944
905,181.0,27.048236819307537,35.54956355872804
906,181.2,27.32003404189902,34.63431968441936
907,181.4,27.07011808976096,33.63263920401691
908,181.6,26.549886888576484,33.47597360533759
909,181.8,26.429889925205966,33.72289849532443
910,182.0,26.668633556825416,32.337956237650516
911,182.2,26.85136882597447,32.78087373343196
912,182.4,26.835808835113408,32.538984552324706
913,182.6,26.12215262439245,33.18519538687091
914,182.8,26.859184824320334,33.418663323630945
915,183.0,26.5433570523122,32.09753297576073
916,183.2,26.94628068551076,32.759893862908925
917,183.4,26.89299518946199,32.569581734559506
918,183.6,26.950372081526396,32.683981166340146
919,183.8,26.91843774390836,32.18944664387663
920,184.0,26.553636302539466,32.42503121255577
921,184.2,27.014240971778747,31.738516191271962
922,184.4,26.492536674398817,33.028382777430714
923,184.6,26.551807914900152,32.81986383173802
924,184.8,26.434478809809953,32.508147678999585
925,185.0,27.021549402960325,32.51498504609275
926,185.2,27.110714316666392,33.36407568872523
927,185.4,26.466084591944707,32.233002527328864
928,185.6,26.94666050107368,31.350158513278636
929,185.8,26.43288727250192,31.290786770687767
930,186.0,25.994245759225663,30.681828818134967
931,186.2,26.321035169138415,31.33143653936975
932,186.4,26.313426268096396,32.702575685679186
933,186.6,26.15568519596062,31.792478201712406
934,186.8,26.539634628680247,31.87399250661606
935,187.0,26.877688358092044,32.62465521385585
936,187.2,26.578996123187856,32.97262695775158
937,187.4,26.62962542785584,30.89560860280977
938,187.6,26.40305165135481,33.29470362992033
939,187.8,26.35503035749079,34.38430639674205
940,188.0,26.220526382553917,32.50248051834783
941,188.2,26.212438719625084,31.97148494429322
942,188.4,26.47900596239023,33.09639013043427
943,188.6,27.09336696147998,33.265583334668925
944,188.8,26.14915716963404,32.70512904761805
945,189.0,26.33204660791263,34.32265344629772
946,189.2,26.639517033205372,33.466344282405345
947,189.4,26.066679628967822,32.093145035374405
948,189.6,25.94802609992907,31.21672309881879
949,189.8,26.32743994257689,31.473091617311123
950,190.0,26.414684176880986,32.66031312451025
951,190.2,26.040464394646676,31.732706891365403
952,190.4,26.50119078296174,33.67726462000075
953,190.6,26.912820852264304,32.33201144031001
954,190.8,26.425030021940586,30.52718117352961
955,191.0,27.17364467852806,30.17577294825428
956,191.2,26.089801943279898,30.899582458323053
957,191.4,26.50492982710403,29.4958529454215
958,191.6,26.259522770420897,31.428736309589734
959,191.8,26.263323569650748,29.615885483208025
960,192.0,26.402565835638445,30.114097098279352
961,192.2,26.137819869943716,30.855648316383743
962,192.4,26.30318666859315,31.048094050558515
963,192.6,26.351296760707545,29.59683889135602
964,192.8,26.434840661941273,30.06740342785885
965,193.0,26.58129593616925,32.4522404206341
966,193.2,26.58481152215077,34.34247357675942
967,193.4,26.77058628050437,32.80512033809526
968,193.6,26.915721168631766,33.278907698175885
969,193.8,26.433999617041163,32.82148413650327
970,194.0,26.76638332704881,33.35044221908672
971,194.2,26.90576234040847,33.36666192677467
972,194.4,26.65844466002186,31.747759994657585
973,194.6,26.580453355097212,31.800850540927176
974,194.8,26.203553539168148,32.513625760552955
975,195.0,26.12725021336712,31.898523404217176
976,195.2,26.140932174249247,31.94317703345679
977,195.4,26.778675999270998,32.752393361952215
978,195.6,26.881356161766103,32.80929012928003
979,195.8,26.416679561240805,32.42267058673591
980,196.0,26.425484942859764,33.50887121976556
981,196.2,26.473396771370368,33.14213182616682
982,196.4,26.418260507312215,32.07819622175255
983,196.6,26.75019345247014,33.865009496300516
984,196.8,26.316612991257045,32.591480237399765
985,197.0,26.28079952228046,32.880819585535505
986,197.2,26.131947003486715,32.84674026362436
987,197.4,26.131580419266538,30.986066616985386
988,197.6,26.637626771254684,32.393126896037344
989,197.8,26.31409967970236,30.786606375342572
990,198.0,26.10337068957459,29.788902684263487
991,198.2,26.577674208017747,29.75768631138972
992,198.4,26.686585507335884,29.807609864337085
993,198.6,26.41629740653211,30.04647828598128
994,198.8,26.147843729720623,30.132217062541862
995,199.0,26.2639488947833,30.520639257215493
996,199.2,25.829845442490427,31.95829952683067
997,199.4,26.103662784447813,32.330019273533864
998,199.6,26.558903373266595,31.48590004752923
999,199.8,26.589449417239734,31.725694742130692
1000,200.0,26.245401216856973,31.711464404561774
1001,200.2,26.290817036738325,31.42880002455976
1002,200.4,26.391266715040665,32.28811084394474
1003,200.6,26.332377007216223,31.55817066256971
1004,200.8,26.210939769761566,31.3021025928623
1005,201.0,26.188860311614796,32.01915906341829
1006,201.2,26.55662795909409,31.43348313077403
1007,201.4,26.181811139928165,32.62501075746829
1008,201.6,26.397225030321685,32.09874386575262
1009,201.8,26.594905629089713,31.822708622741537
1010,202.0,25.941765197632243,32.86039932602585
1011,202.2,26.39455649245824,30.035915252514805
1012,202.4,25.670690641072536,32.904988230640924
1013,202.6,26.1622522467073,32.044547072667356
1014,202.8,26.278199199778893,30.91267930773652
1015,203.0,26.512825772555875,31.48396017298211
1016,203.2,25.389055885203884,31.298301657052896
1017,203.4,25.72270902189027,31.842202122878568
1018,203.6,25.536829183758172,31.764635240962928
1019,203.8,25.22331749049031,32.218652653044074
1020,204.0,25.657689337468646,32.079824543261246
1021,204.2,26.013582779685883,32.56337805024665
1022,204.4,25.760983153220984,33.679753199091955
1023,204.6,26.15895870888977,35.09498036735171
1024,204.8,26.732590638943062,34.631896754354095
1025,205.0,26.23614236105978,32.80329050471356
1026,205.2,26.164381132288923,32.47327625487491
1027,205.4,26.55453097446252,32.48046642283252
1028,205.6,26.426715544450072,31.940524965772088
1029,205.8,26.23152340080001,29.343780819100736
1030,206.0,26.238633546551856,30.321484971919947
1031,206.2,26.044290646757386,30.44892113949032
1032,206.4,25.664465866973806,31.362250004016825
1033,206.6,25.703214028264423,32.546615066145286
1034,206.8,25.93027388503461,31.95835227638174
1035,207.0,25.87982750388592,30.59356857385355
1036,207.2,25.877442607358642,30.227496676308178
1037,207.4,25.97056083621781,30.192980384540995
1038,207.6,25.21674123906858,29.99200372429652
1039,207.8,25.739190801415695,29.157695519931867
1040,208.0,25.16254519485362,28.959355516229646
1041,208.2,25.592040776435724,29.344448455206873
1042,208.4,25.664136587104156,29.48471499710333
1043,208.6,25.606521150075576,31.800111515323767
1044,208.8,25.629460581677797,30.855176323925782
1045,209.0,25.475996857636147,30.113454782123164
1046,209.2,25.408052076597073,29.996904484021783
1047,209.4,25.854993389596597,29.194950784040504
1048,209.6,25.300119843239052,28.345605173956365
1049,209.8,24.97426536820024,29.570677333886984
1050,210.0,25.27542390368162,29.122676999774317
1051,210.2,25.801871988867973,29.938144982679688
1052,210.4,25.383953941877053,31.53646701042552
1053,210.6,25.322773058946133,31.924683284486054
1054,210.8,25.210649079208213,33.33087560293684
1055,211.0,25.17946319467858,33.26664508284235
1056,211.2,25.29771805231317,34.338372415682876
1057,211.4,25.988320328521844,33.335303176633516
1058,211.6,25.911387571994158,32.638309158125985
1059,211.8,25.930008218996107,32.27005968218133
1060,212.0,26.07558495973013,32.440340670958804
1061,212.2,26.008411293165324,33.96985040988724
1062,212.4,25.75771500187959,35.596745552680595
1063,212.6,25.24349689798819,35.453305111376686
1064,212.8,25.632460719620592,34.19321428903218
1065,213.0,26.443923341313532,33.41322020137012
1066,213.2,25.7793790768289,32.46692092927137
1067,213.4,25.942347717784212,32.5762649314132
1068,213.6,25.55167892666281,32.080064563910106
1069,213.8,24.973739516248166,31.916079030236684
1070,214.0,25.346278887292456,32.906153433300695
1071,214.2,25.435669206904947,32.917256952706346
1072,214.4,24.82322598069427,31.94134275366657
1073,214.6,25.2376394079149,33.07703115826899
1074,214.8,25.129195400505488,32.00634643330586
1075,215.0,25.31731079935047,31.379616177057347
1076,215.2,25.277380425421555,31.5895674860975
1077,215.4,25.44941913508994,33.25970077301231
1078,215.6,25.08271408532139,33.20324203761068
1079,215.8,25.623437629006222,32.355318270517486
1080,216.0,25.470909351511164,32.95192802182757
1081,216.2,25.635154723347217,33.201033218819546
1082,216.4,25.670729697990534,33.496474804753355
1083,216.6,25.76784336457081,32.60229490098765
1084,216.8,25.522160936410355,33.17678401212488
1085,217.0,25.704718074590172,32.31516686579963
1086,217.2,25.58696019137932,33.204505112445915
1087,217.4,25.683101996055044,31.773540862053185
1088,217.6,25.89767195680407,30.52098251856154
1089,217.8,25.860590001102196,31.07568118501193
1090,218.0,25.9043318813365,31.19935739725271
1091,218.2,25.950292337802413,32.8106487980098
1092,218.4,25.592277200770518,31.907533814483724
1093,218.6,26.30393308876226,30.831113135139496
1094,218.8,25.795585868008136,29.10799416003055
1095,219.0,25.693064516668944,29.954855976870636
1096,219.2,25.795685255245097,29.866647591108308
1097,219.4,26.418362734940388,31.32476091008466
1098,219.6,26.042691356215716,30.394061575759796
1099,219.8,25.752597759396075,30.128888650249586
1100,220.0,26.07697827137736,30.206426019028157
1101,220.2,25.734808403040986,29.53118798339683
1102,220.4,26.022553042003587,29.543463286084624
1103,220.6,26.739838223110546,29.285787838296187
1104,220.8,25.804864626344937,29.344427376207793
1105,221.0,26.10711455724162,28.511657157074662
1106,221.2,25.71311832628893,28.426412775485723
1107,221.4,25.534328332640317,29.10739768775454
1108,221.6,25.871795911301405,28.652283784356744
1109,221.8,25.536165885069632,28.411439696556815
1110,222.0,25.310009030781806,28.27253609715418
1111,222.2,25.05344702019986,29.22322650148412
1112,222.4,25.650792712475827,28.58796885821274
1113,222.6,25.870630196645134,28.378253792778157
1114,222.8,25.9178154422946,28.787298746189148
1115,223.0,25.289030904627698,28.519678699199574
1116,223.2,25.463402454853096,28.199349261276755
1117,223.4,26.017945003928073,28.185743322048058
1118,223.6,26.57068952543882,28.451105816040325
1119,223.8,26.000609409204596,28.52007355182745
1120,224.0,26.126260805310356,28.769338861844755
1121,224.2,26.21595324517194,29.974389521341905
1122,224.4,26.33309897042592,29.38918676529248
1123,224.6,25.82264284081548,29.36441929064432
1124,224.8,26.332430993550723,29.96958581882749
1125,225.0,26.801713462842166,31.48411119239334
1126,225.2,26.29613929090383,30.853517942056705
1127,225.4,26.370312379411697,31.089623726943714
1128,225.6,26.734530726182236,31.233293824512785
1129,225.8,26.245953576651424,30.543786018396272
1130,226.0,26.72680259768828,31.452939921657492
1131,226.2,26.504884793523264,30.67877303986771
1132,226.4,26.622276871306806,31.082956234909737
1133,226.6,25.970705073771654,30.733940833643857
1134,226.8,26.792383806250044,30.385576211811873
1135,227.0,26.123754690018107,28.978805825442077
1136,227.2,26.1913964879551,28.734080668886783
1137,227.4,25.938068110538694,28.794669201846755
1138,227.6,25.758329639439996,29.563696483178802
1139,227.8,26.206392083684825,29.573065329353213
1140,228.0,25.788754352779982,29.38129940307795
1141,228.2,25.837507062618272,30.95114471105699
1142,228.4,25.640433582873534,30.843193591011193
1143,228.6,26.66215127547222,29.059618888121634
1144,228.8,26.838319092842028,29.82255051024237
1145,229.0,26.280333246127043,29.58863246409204
1146,229.2,26.30981172866377,29.633912692530753
1147,229.4,26.719552717228623,30.35501278591715
1148,229.6,25.80585979316732,28.911202496011377
1149,229.8,26.39521793549851,29.835123263434586
1150,230.0,26.220025507451243,30.409748983557467
1151,230.2,26.5374869133547,28.8741172086749
1152,230.4,26.130805480068794,29.630147552838228
1153,230.6,25.829822811845684,29.646582970259097
1154,230.8,25.79878720935196,29.200856547852663
1155,231.0,25.606671703245148,29.241541381092752
1156,231.2,25.503199501335523,28.900966336402426
1157,231.4,25.835607362565167,29.636804182288532
1158,231.6,25.913620866881107,29.22744449180432
1159,231.8,26.51288210091909,29.828310844367664
1160,232.0,26.59284325961792,30.10563650741067
1161,232.2,26.294208092838005,29.804958931657183
1162,232.4,25.847515845554586,30.468009335711205
1163,232.6,26.305462557136682,31.235075183834855
1164,232.8,26.531156200095026,32.13911434864063
1165,233.0,26.292217704781695,31.090009774138032
1166,233.2,26.507026960261584,29.90604881842739
1167,233.4,26.540697317601452,30.593207769578775
1168,233.6,26.16312715133515,30.793016649473536
1169,233.8,25.952842034940133,29.500334300576597
1170,234.0,26.057577897404226,29.852484278579954
1171,234.2,26.705838116314954,29.68158840013356
1172,234.4,26.459764011286236,30.37947948806138
1173,234.6,26.361992366961662,28.98153170855907
1174,234.8,26.225562881194584,29.235000924423797
1175,235.0,26.20126896774038,29.528689385943434
1176,235.2,26.154779027952422,29.43544444781927
1177,235.4,26.550486650265135,28.756162387768402
1178,235.6,26.227387422945537,29.94617253369026
1179,235.8,26.066089036197166,29.555768704740053
1180,236.0,26.346711510888017,29.134310892814852
1181,236.2,26.057767708526615,28.61046571805961
1182,236.4,26.345940944534984,29.066893731703196
1183,236.6,26.531285339127084,29.683228090229328
1184,236.8,26.426717705627365,30.67937426297561
1185,237.0,26.50617391357787,30.018914082043942
1186,237.2,26.022793369666367,30.2281780508423
1187,237.4,27.04699751646384,30.79346488805922
1188,237.6,26.67812538741928,30.396640428298237
1189,237.8,26.643159650246353,30.686227157621975
1190,238.0,26.27475827473279,30.326998988641456
1191,238.2,26.1529636029469,30.502050697451043
1192,238.4,26.405236025581495,30.285249866778905
1193,238.6,26.077189561725834,30.862612338361274
1194,238.8,26.25563734177928,32.059194729597955
1195,239.0,26.537563979008475,29.718944607452137
1196,239.2,26.123079550764675,30.62799912131054
1197,239.4,26.42562473424884,30.25755742879086
1198,239.6,26.224281640911634,29.857091010589482
1199,239.8,25.627038146462052,29.144464121658633
1200,240.0,25.75405813194345,29.891194092379415
1201,240.2,25.774386459221745,28.42452212605566
1202,240.4,26.058470662161078,29.278814973601854
1203,240.6,25.694896884853108,28.964897354841078
1204,240.8,25.24137444635646,29.68864607791637
1205,241.0,25.652363625250214,29.228501549476835
1206,241.2,25.93565851175619,28.502484141572985
1207,241.4,25.688731540151927,28.88573378835498
1208,241.6,25.537836396318333,29.61934783568479
1209,241.8,25.314016398267913,29.752570549959344
1210,242.0,25.56130051697794,29.661436131693513
1211,242.2,25.34958705340633,28.51999193203437
1212,242.4,25.222532507339047,29.084252851306893
1213,242.6,25.77782232644465,28.96375398652893
1214,242.8,25.972948518752656,28.95384614599747
1215,243.0,25.514631856000804,29.41088395968977
1216,243.2,25.99669691062471,30.227651400224747
1217,243.4,25.43848041375728,30.863138036415414
1218,243.6,25.996771290349113,30.52488495362942
1219,243.8,25.464356153047834,30.697241133153746
1220,244.0,25.488660962399685,29.75681972918573
1221,244.2,25.79502675939262,29.516546893096766
1222,244.4,26.22950342887149,29.71005200330001
1223,244.6,26.255915659112308,29.863629820892772
1224,244.8,25.942994700804213,29.191914177409835
1225,245.0,25.924309672870884,28.977992691142163
1226,245.2,26.47086634458174,29.589499034893556
1227,245.4,26.726810248860655,30.066889524109556
1228,245.6,27.01962776761477,29.59754828770329
1229,245.8,26.010984274479764,28.4718298689719
1230,246.0,26.207366462674273,28.696184469273298
1231,246.2,26.381275562384566,29.658297463294982
1232,246.4,26.208292950633126,29.536498411483976
1233,246.6,26.531802745398696,29.415064863252876
1234,246.8,26.167223106009207,30.16347127957654
1235,247.0,26.16956279659878,30.92758581626518
1236,247.2,25.778336734393513,30.502282727621257
1237,247.4,26.080037533124354,29.087974721457016
1238,247.6,25.84608361665827,31.025993994177625
1239,247.8,25.71709539787178,30.794847601748188
1240,248.0,25.537014895784512,29.632334210130335
1241,248.2,25.398940381832823,30.297493395624194
1242,248.4,26.381952609157736,29.240016385266543
1243,248.6,25.498084373993944,31.379702980456248
1244,248.8,26.20128292484794,30.26076642594362
1245,249.0,26.166685079645443,31.459118905026923
1246,249.2,25.850057678697304,31.51445502001385
1247,249.4,26.249049542091633,30.61735222357129
1248,249.6,25.831928331051703,29.969571378988384
1249,249.8,25.737000667649752,30.777125125059865
1250,250.0,26.399804411789123,30.55046286047705
1251,250.2,26.051280305766067,31.109935506892867
1252,250.4,26.123568648371446,30.531262795068866
1253,250.6,26.382748928809168,30.289382712314087
1254,250.8,26.27012744863708,30.743029940307725
1255,251.0,25.970075187042397,29.51177598548741
1256,251.2,26.175232940819942,30.697442915394472
1257,251.4,25.964796471265956,30.766080415494258
1258,251.6,26.06437280430365,29.91731684002129
1259,251.8,26.187523456784692,29.188410251692446
1260,252.0,26.308759968904205,30.185430091859956
1261,252.2,25.593491322191277,30.59718928625696
1262,252.4,25.868527111615396,31.132135123010094
1263,252.6,25.91530224123333,31.861056286603027
1264,252.8,26.057158045673052,31.86430804894925
1265,253.0,26.02019131740292,32.55644438896001
1266,253.2,25.754451462157856,31.126706559599683
1267,253.4,26.072015643915485,29.723062634396527
1268,253.6,26.777362797750474,30.233754622673633
1269,253.8,26.323829824796157,30.03544339431076
1270,254.0,26.549689233850216,29.931689531261235
1271,254.2,26.04900661091094,31.076641371839084
1272,254.4,25.87342645042174,30.701380494758457
1273,254.6,25.926441228119778,30.622440533672425
1274,254.8,25.803701705625308,29.687420847378636
1275,255.0,25.83001750969641,30.914018229625082
1276,255.2,25.142380167381823,30.93907361795241
1277,255.4,25.31805214930077,30.64059113678176
1278,255.6,25.407362725424957,30.070832426871785
1279,255.8,25.311346807949235,29.82371221163378
1280,256.0,25.084102962202977,32.490533441983935
1281,256.2,25.803567482422242,30.40540252728171
1282,256.4,25.253107878112193,30.08403124212785
1283,256.6,25.354578490658003,29.935650915782798
1284,256.8,25.41609333196533,29.39136369417488
1285,257.0,25.204728610989882,31.78432397683518
1286,257.2,25.851860035597177,31.71133243065855
1287,257.4,25.224907632386277,30.157866606600415
1288,257.6,25.479283682655893,31.182644501030236
1289,257.8,25.887831707860784,30.20949167240685
1290,258.0,25.148148678831436,31.513060986218093
1291,258.2,24.96878616719071,31.365654467827767
1292,258.4,25.322570790799034,30.49242536502916
1293,258.6,25.40700839396177,29.784681341631494
1294,258.8,25.320445910714355,30.404438859852878
1295,259.0,25.209994866139443,30.842025488315045
1296,259.2,25.57043714771675,29.84813297800901
1297,259.4,25.186814452548585,30.053354793370012
1298,259.6,25.507322458224905,30.98116733199639
1299,259.8,25.075000855797626,29.757561819708883
1300,260.0,25.650163165230126,29.790269352558212
1301,260.2,25.43228583536352,30.098273381056067
1302,260.4,25.5494749005542,29.98621849665114
1303,260.6,25.058900496031487,30.034373182422684
1304,260.8,25.651212661370764,30.081045370233166
1305,261.0,25.974034195452038,30.53062080058901
1306,261.2,25.343487825929515,30.987585834819622
1307,261.4,25.545360124193337,30.493260408017434
1308,261.6,25.713623823019855,30.033425944261914
1309,261.8,25.258357324506147,29.8571817120061
1310,262.0,25.687415779229948,30.510098285764524
1311,262.2,25.58819328288114,30.455581421901826
1312,262.4,25.86930287017053,30.767358527687854
1313,262.6,26.36677785279901,31.022428760520448
1314,262.8,25.749147243501465,30.574682769512286
1315,263.0,26.5900604982332,30.165287984742328
1316,263.2,26.258385743011527,30.169206747388422
1317,263.4,26.44433082255683,30.08635331086584
1318,263.6,26.264210941324638,30.430613449510563
1319,263.8,25.927752441515647,30.133466532360174
1320,264.0,26.186635981164216,29.961300587555925
1321,264.2,26.388555430185303,30.76491188138929
1322,264.4,26.455245409731596,31.030554063536673
1323,264.6,26.48137789421728,29.824702977647412
1324,264.8,26.254364755999397,30.484671582824294
1325,265.0,26.438588178992436,30.196824060923703
1326,265.2,26.855587216722334,30.842308162487473
1327,265.4,26.825804413534208,29.779985207877562
1328,265.6,26.29138656257389,29.97360192348256
1329,265.8,26.391824352334417,30.119498289317157
1330,266.0,26.777388613039793,30.841658475294555
1331,266.2,26.116599360476325,31.20910160543975
1332,266.4,26.096020601248426,31.48662909071216
1333,266.6,26.08960859369122,32.28099321825938
1334,266.8,26.152058596300613,33.394677006633174
1335,267.0,26.57340572384295,31.804716197072594
1336,267.2,26.297493500842982,31.65392758678039
1337,267.4,26.621228626493,31.987332025686566
1338,267.6,26.450122013101737,30.734520284242038
1339,267.8,26.52446649750037,29.80894468438801
1340,268.0,26.366642419487437,30.045290445881218
1341,268.2,26.426638445386274,30.21972329246416
1342,268.4,26.43514033164765,30.233050790763873
1343,268.6,26.33624810689963,31.267035063732312
1344,268.8,26.005689564153258,30.526778652652855
1345,269.0,25.318217658840485,30.73310345867008
1346,269.2,26.128400707455622,29.853701946293853
1347,269.4,25.329948055182726,30.81499800212099
1348,269.6,25.957198585562576,30.38081228838401
1349,269.8,26.766516429750705,31.287502804856416
1350,270.0,26.243713847132554,30.46221633802891
1351,270.2,25.930173322351724,31.039380646246894
1352,270.4,26.11040987696677,30.17431084720622
1353,270.6,26.579081404494406,30.156978634024387
1354,270.8,26.050532483329942,30.134993234012683
1355,271.0,26.237870686808606,30.397655962165427
1356,271.2,26.017932916790546,29.614665416630228
1357,271.4,26.255658223355084,30.673028464302185
1358,271.6,26.335724796056365,30.968860926684368
1359,271.8,26.183515001128846,30.404115226593536
1360,272.0,26.262984528640473,29.74107562004431
1361,272.2,26.32642948688226,30.62255118745586
1362,272.4,25.93423659583278,31.073711678766422
1363,272.6,25.847315024893224,30.47657345867235
1364,272.8,25.962078127292845,30.685110971704347
1365,273.0,26.307595399572296,29.54287292943438
1366,273.2,26.42296826852511,30.177749606247435
1367,273.4,26.19460319610124,31.674026389730596
1368,273.6,25.945023088719175,32.05652344455596
1369,273.8,26.117764449514205,31.33038191043523
1370,274.0,25.38748966627859,30.057276743214693
1371,274.2,25.91403628501148,31.041185220892494
1372,274.4,25.699971641970187,31.8506827010571
1373,274.6,26.537145012989992,30.554123361298828
1374,274.8,26.34907923068769,30.204761759253746
1375,275.0,26.03388778237745,31.297730685325348
1376,275.2,26.114488188102733,31.055345264420325
1377,275.4,25.540581067694458,31.631536314834893
1378,275.6,25.966594866309073,31.52333456402127
1379,275.8,25.628651793739028,30.736717346432293
1380,276.0,26.37719994787326,30.417855329238613
1381,276.2,25.842124868256995,30.15967332055946
1382,276.4,25.521644761250258,31.863882524431187
1383,276.6,25.808981839159138,29.273566756056503
1384,276.8,25.47692158608173,28.269462139798158
1385,277.0,25.981506325177055,30.589330364565892
1386,277.2,25.901614044921022,30.191431683173857
1387,277.4,25.65423051596906,30.014066430722004
1388,277.6,25.7537485063824,29.321894237235227
1389,277.8,25.67273486111829,31.43771862611823
1390,278.0,25.435080193937534,30.66630550650797
1391,278.2,25.53139817484377,30.52677353394558
1392,278.4,25.92642168965515,29.809170550180713
1393,278.6,25.672606034208368,30.662263682204802
1394,278.8,25.82812384255213,31.335451451447664
1395,279.0,25.715994585786536,30.95834470215461
1396,279.2,25.554235901902356,32.331382367759105
1397,279.4,25.814204330686735,32.39099414475753
1398,279.6,25.68739690889892,33.89819386904574
1399,279.8,25.866551064734747,34.99237657348801
1400,280.0,25.41622004824364,35.70595270601485
1401,280.2,25.893974438955407,34.55521873078318
1402,280.4,25.758924979895014,34.24699503919367
1403,280.6,25.694095589776072,35.557172918182104
1404,280.8,26.15359777871669,34.33403466658485
1405,281.0,25.86921420536947,33.7727678057427
1406,281.2,25.753125742608965,31.09737952890059
1407,281.4,26.22832512528497,30.852084141734487
1408,281.6,26.64078405341914,30.87285872763283
1409,281.8,26.61549283898384,31.049429003256712
1410,282.0,26.53553342431111,30.912063937428318
1411,282.2,26.56530428203337,31.70077737106752
1412,282.4,26.438240794842567,31.751553911676385
1413,282.6,26.414235673870316,29.947017839160953
1414,282.8,26.267925105677794,30.438002949107467
1415,283.0,26.87579993711436,31.887545650442494
1416,283.2,26.276607013061568,31.678125943011935
1417,283.4,26.276350627645023,30.486598628441158
1418,283.6,26.45822213799419,28.879742553731234
1419,283.8,25.5246196920437,29.080824304372978
1420,284.0,25.895944444687107,30.12106575714278
1421,284.2,25.99031571478208,29.25245727059154
1422,284.4,25.93492292581425,29.12744619534531
1423,284.6,26.252271894581018,29.556696882175572
1424,284.8,26.704036553489747,30.06629904762696
1425,285.0,26.507746672176395,28.898519367350207
1426,285.2,26.582383503846383,28.93882476876254
1427,285.4,26.08814035306758,30.094445041038487
1428,285.6,26.469534846522684,29.08085591655324
1429,285.8,26.51769312500005,29.564502706300654
1430,286.0,26.718561881383025,30.02375605722558
1431,286.2,26.530710591619822,29.57672756724429
1432,286.4,26.658324493694057,29.72352477928562
1433,286.6,26.478788172510388,29.72297627023266
1434,286.8,26.122888286733613,29.28090473655374
1435,287.0,26.753578439786914,29.66096067511061
1436,287.2,26.246765718009758,29.0542158214735
1437,287.4,26.51645800231673,30.041774628732377
1438,287.6,26.474344436528806,29.377160324830097
1439,287.8,26.10422566976312,30.316417298033244
1440,288.0,25.87694494767343,29.46048957351877
1441,288.2,25.70202430038635,30.358675107932804
1442,288.4,25.80283455491922,30.068537272664393
1443,288.6,26.079399068580216,30.44893442366113
1444,288.8,26.00491873773021,29.65170607395548
1445,289.0,26.49373756333961,30.634025884878582
1446,289.2,25.837501845404173,31.621747846255644
1447,289.4,25.42546012825312,30.3893687351884
1448,289.6,25.195133617695056,30.22119127533072
1449,289.8,25.947666447047496,30.40628259915768
1450,290.0,25.92470001413836,30.880089087952605
1451,290.2,26.00973523991488,31.560840696376175
1452,290.4,26.032676449323716,29.986277571588648
1453,290.6,26.29493472695457,30.21457811584778
1454,290.8,25.90434026146864,31.810456400566746
1455,291.0,26.241203209237447,30.945738936350168
1456,291.2,26.754234214434135,29.917250794099544
1457,291.4,26.219068292004774,31.491120082338885
1458,291.6,26.029895071484155,31.384386532046058
1459,291.8,26.452920270147537,31.4253024984396
1460,292.0,25.798737273518498,31.30336934054617
1461,292.2,26.05204643822492,30.212594522951793
1462,292.4,25.633214353423885,30.402694215487262
1463,292.6,26.07369614297265,30.37520081444715
1464,292.8,26.063424152878373,30.373238533839192
1465,293.0,25.73407187538705,30.24541325469468
1466,293.2,26.42842744480092,30.37555376807687
1467,293.4,26.61951315644135,30.99778303452567
1468,293.6,26.2582789417621,32.22469277321363
1469,293.8,25.934136489679094,31.828817278705984
1470,294.0,26.047005335841728,30.935114161939165
1471,294.2,25.795687643774688,30.335708911973246
1472,294.4,26.24811173763719,30.632598649816604
1473,294.6,25.75517794539321,31.259642627702778
1474,294.8,25.618550141425047,30.4494528906157
1475,295.0,26.060103639418305,30.721773181487233
1476,295.2,26.21110497510016,30.768820168593166
1477,295.4,25.71203667528623,31.442119166087704
1478,295.6,26.035171418145403,32.00213857933015
1479,295.8,25.811625210511966,30.967720257729088
1480,296.0,25.81909898203032,31.04836606058807
1481,296.2,25.602345794065297,30.405381800914185
1482,296.4,25.829652465680564,29.952926513777765
1483,296.6,25.85233312373917,30.504883597559537
1484,296.8,25.910835367979256,30.535716075258094
1485,297.0,25.824631307485536,31.391994600192003
1486,297.2,26.050723967963147,31.007053235460834
1487,297.4,26.294751856395525,31.04983548078622
1488,297.6,26.138156589468075,30.939437357372285
1489,297.8,26.236865446132505,30.956041132902122
1490,298.0,25.649157518184943,30.930138363239767
1491,298.2,26.218481853427896,30.646043096053067
1492,298.4,26.402719372466265,31.45607739243199
1493,298.6,25.998528279145788,31.164250325131157
1494,298.8,25.857743594553863,30.8429628198042
1495,299.0,26.016811553161613,31.402817803892987
1496,299.2,25.851782175589033,31.783285245990548
1497,299.4,26.204605350055044,30.221184110319943
1498,299.6,25.716977171232394,31.53822263467738
1499,299.8,25.822493059200575,30.213703061598604
1500,300.0,26.12628829492822,30.277126857360262
1501,300.2,25.499190532899775,30.3018132583619
1502,300.4,25.7296338835527,30.372158350237306
1503,300.6,25.523374930688952,31.691646217038745
1504,300.8,26.025262675576364,31.36412469415302
1505,301.0,26.266201555542846,31.103446072145253
1506,301.2,26.5848953646263,30.840402720185676
1507,301.4,26.23485279423066,31.414331619700583
1508,301.6,26.884523101029625,30.132364279604225
1509,301.8,26.185872782562978,30.281126447242205
1510,302.0,25.87362353772555,30.56646356112169
1511,302.2,25.837932959365425,32.187138954205814
1512,302.4,26.066259426198666,31.57367542272154
1513,302.6,26.67403381255356,31.667972656167716
1514,302.8,26.230036120155553,31.554069768924222
1515,303.0,26.483284476300213,31.839115966034885
1516,303.2,26.919503614772456,32.4980885432351
1517,303.4,26.381074950013605,31.781548330172694
1518,303.6,26.682442209726457,31.149319849243483
1519,303.8,26.38011372639656,30.93509263768806
1520,304.0,26.20720070449785,31.73015512763556
1521,304.2,26.077268259419963,31.41719539572999
1522,304.4,26.417899913315694,30.718410715319003
1523,304.6,26.792773207159975,31.54814333942792
1524,304.8,26.917588428784697,30.35126720584093
1525,305.0,27.09187067066045,30.91603815736405
1526,305.2,26.434256445914944,30.981485290096014
1527,305.4,26.070677416723857,31.543666492975078
1528,305.6,26.336896891439444,33.31397818742461
1529,305.8,25.62237611974849,31.247811942974888
1530,306.0,25.873221547844587,32.722318198096595
1531,306.2,25.972987633031845,33.39003961002296
1532,306.4,26.061248690419166,32.12028137573162
1533,306.6,25.86423490066483,31.037073200941972
1534,306.8,26.041493335541965,31.430571771500336
1535,307.0,25.832792046778962,30.415801765661428
1536,307.2,26.19428363004906,31.41971653308703
1537,307.4,26.083246702270706,29.943225800852478
1538,307.6,26.218169020065712,32.17263218673488
1539,307.8,26.064070890042935,31.859018716690116
1540,308.0,25.726571787190924,31.858266772435382
1541,308.2,25.79775850029298,30.76498614311806
1542,308.4,25.737455920720496,30.74122003401081
1543,308.6,25.647646874782854,30.693914535922136
1544,308.8,25.54710006108141,31.675300678608753
1545,309.0,25.720419285839025,31.155190668805293
1546,309.2,25.78005111295609,30.877455200307022
1547,309.4,26.329958268825322,31.62669123742479
1548,309.6,26.247521959817565,30.61397962635226
1549,309.8,25.915920234224696,32.01203628614226
1550,310.0,26.302986777701737,31.604647670803864
1551,310.2,26.11461432639318,31.284721460248065
1552,310.4,25.641669999283604,31.558403439349306
1553,310.6,25.506248789066113,31.974598200324085
1554,310.8,25.6469998351505,31.614384937884015
1555,311.0,25.858924051777503,31.683713166525596
1556,311.2,25.715299245407834,30.798308564531574
1557,311.4,25.916947296527166,31.140943486909347
1558,311.6,26.16924873126809,32.55731587033032
1559,311.8,26.024151357388646,31.411796565637687
1560,312.0,26.09404039098915,30.287137676784003
1561,312.2,26.029564375397946,30.123829699398097
1562,312.4,26.265092531250854,29.889856517294856
1563,312.6,26.580566647275354,31.141052391625358
1564,312.8,26.396785784512932,32.072266637626164
1565,313.0,26.01151138142791,32.25519743408606
1566,313.2,25.957469224292655,30.94819548135177
1567,313.4,25.926838016615022,31.61907745013175
1568,313.6,25.972377930008502,32.979938446573954
1569,313.8,26.598883649641873,33.46690251682161
1570,314.0,26.25874215627726,33.918415064594456
1571,314.2,26.046766393787934,34.14029043615036
1572,314.4,26.315272911604996,33.48217493317349
1573,314.6,25.988379607023187,34.405491615009815
1574,314.8,26.086922329657167,33.35747758603433
1575,315.0,26.108378092299596,33.95943686808284
1576,315.2,26.18649281355449,31.546420704656065
1577,315.4,26.295009105899766,31.29660859092372
1578,315.6,26.556352353371917,31.41959274680815
1579,315.8,26.29470633503609,34.15942679293976
1580,316.0,27.014299178041117,33.185215249881544
1581,316.2,26.20058055251037,32.01983857773206
1582,316.4,26.794861942983488,32.643849793491974
1583,316.6,26.818271908206647,31.72126085671193
1584,316.8,26.815584649021904,32.154766778375816
1585,317.0,27.381167744834062,31.241129198011116
1586,317.2,27.235122994916605,32.322761537723984
1587,317.4,26.416236708424634,32.625427024363475
1588,317.6,26.805645105577064,32.10989001236019
1589,317.8,26.435925481974692,31.171810405426786
1590,318.0,26.425633431874235,30.555784251732213
1591,318.2,26.373985066345227,30.474196043836226
1592,318.4,26.642570306685027,32.21161119087204
1593,318.6,26.675050386915345,32.3138075402421
1594,318.8,26.292294866775652,31.569047196643982
1595,319.0,26.80475054148936,31.073007782186973
1596,319.2,26.627523921172056,31.61834639288033
1597,319.4,26.497596966230734,32.29414943500546
1598,319.6,26.66064141525926,31.93134128968208
1599,319.8,26.52700489330802,31.115560949979937
1600,320.0,26.6204238478674,29.802905855888472
1601,320.2,26.799219304791617,31.455423407641305
1602,320.4,26.690308903476126,33.270641241805436
1603,320.6,26.552165543164318,32.74475190472165
1604,320.8,26.26519349163496,30.716997743677066
1605,321.0,26.19316432369508,30.631086615301005
1606,321.2,26.251550068386273,31.12725071359821
1607,321.4,26.251133281579328,32.073363086053305
1608,321.6,26.691808780483885,32.11761909004209
1609,321.8,26.770773054562223,32.58018343223176
1610,322.0,26.76664463950339,31.891468583194168
1611,322.2,26.808348514787905,31.781654617460436
1612,322.4,26.76015026310976,31.31525969272415
1613,322.6,26.769775027473635,32.15938599710775
1614,322.8,26.44735007846932,31.551949177289007
1615,323.0,26.418170771623437,30.972546771561284
1616,323.2,26.899869473484138,30.929477801559987
1617,323.4,26.982256237793504,30.408793815436784
1618,323.6,26.95358827773404,31.154388933839055
1619,323.8,26.355327066120196,31.41368133002785
1620,324.0,26.048230490252774,32.13219239536793
1621,324.2,26.37770126953199,32.22987158459034
1622,324.4,26.530811452495705,31.62659137966832
1623,324.6,26.175750849247997,31.331363605681975
1624,324.8,26.288565899234914,31.13123709878424
1625,325.0,26.62139224254807,31.338415599829666
1626,325.2,26.177156181115926,30.968081610172952
1627,325.4,26.295564680880613,31.071339794360913
1628,325.6,26.535834115126296,31.439831890510575
1629,325.8,26.51551336165472,30.67940093606514
1630,326.0,26.027986226395836,31.267570261557875
1631,326.2,26.130021117904633,30.451047032932266
1632,326.4,26.016280951309547,30.368622221189007
1633,326.6,26.6650424537549,30.43149428202144
1634,326.8,26.108321123918564,30.570679716829098
1635,327.0,26.20350074188147,30.918044080546206
1636,327.2,26.44903272105913,30.092286311164948
1637,327.4,26.24596584419193,29.720242316727532
1638,327.6,26.434132645953042,28.95270388588529
1639,327.8,26.80603323929793,29.794547830275565
1640,328.0,26.50785808148678,30.95512495511871
1641,328.2,26.404041974687356,31.4663657301265
1642,328.4,26.59009468181554,32.86727153034276
1643,328.6,26.310857216384342,32.99446519289727
1644,328.8,26.086129909633044,31.968465995310307
1645,329.0,26.428976922598974,30.985187176292488
1646,329.2,26.213214991902547,31.75373439618231
1647,329.4,26.1993395134452,31.57567955520059
1648,329.6,26.784003628917283,30.25753973010455
1649,329.8,26.37977367091725,29.816472733758648
1650,330.0,26.10055362334623,30.849866662497487
1651,330.2,26.749434549192298,31.290749184757296
1652,330.4,26.31793918214795,30.245310760002972
1653,330.6,26.325222086675886,30.792371021501747
1654,330.8,25.70347465145413,30.339640338852583
1655,331.0,26.229853680026533,30.618764945446458
1656,331.2,26.585940483136927,30.052484705039436
1657,331.4,26.48766674754305,30.880550305100517
1658,331.6,26.6304747347098,30.828524766601966
1659,331.8,26.379289903669903,31.42057247848734
1660,332.0,25.94977948166736,30.47771050525956
1661,332.2,26.29708183003109,29.74006986780534
1662,332.4,26.31793755497227,30.147191207932238
1663,332.6,26.677441810974145,31.420220912612304
1664,332.8,27.029994365807358,31.546029661400116
1665,333.0,26.10064104799319,30.35079767866623
1666,333.2,26.539386790122308,30.237702053061486
1667,333.4,26.539271546067084,31.254707738297917
1668,333.6,26.526439532647366,31.174555354446735
1669,333.8,26.745785754363563,30.136012938854073
1670,334.0,26.166802281067618,30.48018272212637
1671,334.2,26.871743033443945,29.891379296954725
1672,334.4,26.867351239540767,30.930871254213603
1673,334.6,26.420789842511546,30.28336594830952
1674,334.8,26.352293806831444,30.651377379837655
1675,335.0,26.398007842544843,30.240284289163398
1676,335.2,26.379302927574713,30.064987156269105
1677,335.4,26.235778743174464,31.47563301749627
