system	atom_pair	n_frames	mean_A	sd_A	min_A	max_A	full_mean_A
d4tmpp-l28r	r18_O_O3P	990	6.188580434020202	0.9579140162691797	3.94325062	11.81670292	6.2235090388711285
d4tmpp-l28r	r18_O_O4P	990	8.123911537757577	0.9438091161011314	4.98407612	13.27059022	8.15461917981019
d4tmpp-l28r	r18_O_O5P	990	9.140264858232323	0.999824623190635	5.92024708	14.86927167	9.175306925874127
d4tmpp-l28r	r20_N_O3P	990	4.808909664414142	0.6396206039618694	3.18271682	8.14188279	4.827817275124875
d4tmpp-l28r	r20_N_O4P	990	7.481953183424243	0.5972932061728174	4.71526278	10.58798186	7.495798932147852
d4tmpp-l28r	r20_N_O5P	990	9.443041793040402	0.5502334082676237	7.29853	12.55341442	9.455309283966036
d4tmpp-l28r	r22_O_O3P	990	5.058115937989898	0.5813337288551516	3.8179221	8.54822224	5.0636940661038965
d4tmpp-l28r	r22_O_O4P	990	6.452395410393939	0.7157037551676625	4.36817432	10.67415023	6.462591697862138
d4tmpp-l28r	r22_O_O5P	990	8.853056219070707	0.6202538442686807	7.2030536	12.80810144	8.861089962087913
d4tmpp-l28r	r27_OD1_O3P	990	6.988651892313132	1.0147003395427865	4.58442398	9.45605459	7.001288880129871
d4tmpp-l28r	r27_OD1_O4P	990	7.6469469643535355	0.9202534569502651	4.85892108	10.50730681	7.66307592014985
d4tmpp-l28r	r27_OD1_O5P	990	7.566817247212121	0.710656972870533	5.82301635	10.54136774	7.581815494575424
d4tmpp-l28r	r27_OD2_O3P	990	6.30710829010101	0.9796060982492938	4.38751684	8.46323711	6.30464447103896
d4tmpp-l28r	r27_OD2_O4P	990	7.070720397646465	0.8667543707036571	5.46434626	9.11064229	7.072377484285714
d4tmpp-l28r	r27_OD2_O5P	990	7.187420737989899	0.6038767341944288	6.02463155	9.25264065	7.190280918011988
d4tmpp-l28r	r49_O_O3P	990	7.515389747414141	0.8895977705117847	5.36167726	11.37747991	7.520405621628372
d4tmpp-l28r	r49_O_O4P	990	7.216252319595959	0.9251429183449833	5.07865942	11.13976979	7.219338528341658
d4tmpp-l28r	r49_O_O5P	990	7.554626994313131	0.9518444746796125	5.04379705	10.52393435	7.561962227822178
d4tmpp-l28r	r52_NH1_O3P	990	13.602933616616161	3.39685102930126	5.46775764	20.29472667	13.558947076373626
d4tmpp-l28r	r52_NH1_O4P	990	11.508717738212122	3.553267862495445	3.64201497	18.99132495	11.459612773916085
d4tmpp-l28r	r52_NH1_O5P	990	10.486306141181819	3.8242278536907586	2.87687382	18.15698703	10.436176794265734
d4tmpp-l28r	r52_NH2_O3P	990	13.423295572818182	3.424235063804169	6.52326007	20.49808392	13.403784846773227
d4tmpp-l28r	r52_NH2_O4P	990	11.415668500070707	3.4419388608144956	4.40410558	19.33204609	11.390297487252747
d4tmpp-l28r	r52_NH2_O5P	990	10.47039255130303	3.5605623986616175	3.35123161	18.78870599	10.443300141938064
d4tmpp-l28r	r28_NE_O3P	990	5.932569273111111	0.8393323991776149	2.83518806	9.61286919	5.9411539204595405
d4tmpp-l28r	r28_NE_O4P	990	3.5970857943434345	0.7109112868052083	2.62036639	8.41375131	3.614466182047952
d4tmpp-l28r	r28_NE_O5P	990	3.7272237473535355	1.0401051490695052	2.61198212	9.35681749	3.7512711109290704
d4tmpp-l28r	r28_NH1_O3P	990	7.172074526959595	0.7080207846860738	3.72911656	10.75101314	7.162172085814186
d4tmpp-l28r	r28_NH1_O4P	990	4.851159147868687	0.6125977798864038	2.73436828	8.73026759	4.858644172507493
d4tmpp-l28r	r28_NH1_O5P	990	5.40245925150505	1.0412722135484096	2.72538282	10.58854934	5.4207698454145845
d4tmpp-l28r	r28_NH2_O3P	990	6.225502504090909	1.2854993484284742	2.63109939	11.18751902	6.2465410794005995
d4tmpp-l28r	r28_NH2_O4P	990	4.033763128454546	1.113341659293662	2.62874478	10.15952002	4.064783052477522
d4tmpp-l28r	r28_NH2_O5P	990	4.508221987111111	1.5476682205089343	2.71514826	11.56414594	4.546351656513487
d4tmpp-wt	r18_O_O3P	990	5.97134187450505	0.5994921989489399	3.96241173	10.41290473	5.990941978121878
d4tmpp-wt	r18_O_O4P	990	7.6647056533232325	0.6934494763345823	4.60577006	12.04406901	7.684898644485514
d4tmpp-wt	r18_O_O5P	990	8.418045230949495	0.7298113933569356	5.19308023	13.48223169	8.451657273726273
d4tmpp-wt	r20_N_O3P	990	4.622056235181818	0.41491227382515666	2.75193292	7.73835682	4.636291154455543
d4tmpp-wt	r20_N_O4P	990	7.263064430868688	0.5146566709713163	3.60973301	10.21660949	7.274051744795205
d4tmpp-wt	r20_N_O5P	990	9.175612312686868	0.4493116012600262	6.29726206	12.08686715	9.187512997792208
d4tmpp-wt	r22_O_O3P	990	5.050982005969697	0.6264230528608095	3.60280006	8.26780242	5.070649187802197
d4tmpp-wt	r22_O_O4P	990	6.597181521575757	0.7366007550432915	4.4276126	10.02773262	6.6175145848551455
d4tmpp-wt	r22_O_O5P	990	9.05983360908081	0.6585747666811949	5.92570647	11.7143341	9.072806126973028
d4tmpp-wt	r27_OD1_O3P	990	7.042283459626263	1.0819637154067876	4.51382497	9.74119669	7.064365319000999
d4tmpp-wt	r27_OD1_O4P	990	7.968953098525252	1.0225707649491877	5.37214203	10.64237788	7.989597142357643
d4tmpp-wt	r27_OD1_O5P	990	8.161355450666667	0.8238312428939775	6.13100995	10.33571054	8.17362991977023
d4tmpp-wt	r27_OD2_O3P	990	6.365253560121212	1.008026323169964	4.06401017	9.48282713	6.372744602207793
d4tmpp-wt	r27_OD2_O4P	990	7.333130087686869	0.9508089054054499	4.96327543	10.43179886	7.339413546823177
d4tmpp-wt	r27_OD2_O5P	990	7.675407818757576	0.7311683369868089	6.10862386	10.35610194	7.675420085144855
d4tmpp-wt	r49_O_O3P	990	7.264144032979798	0.7733584285051738	4.26456557	10.30014036	7.2539349988111885
d4tmpp-wt	r49_O_O4P	990	6.6085699289595965	0.8394424408300315	3.78970218	9.67236549	6.60214835967033
d4tmpp-wt	r49_O_O5P	990	6.696216695343434	0.8818400832796561	4.06777397	10.04861102	6.7057958108091915
d4tmpp-wt	r52_NH1_O3P	990	11.991287123727274	3.3535154440146058	6.62430883	21.48713281	11.945018661078922
d4tmpp-wt	r52_NH1_O4P	990	9.571166585171717	3.4570229958952576	4.01455231	19.06873108	9.521866936613387
d4tmpp-wt	r52_NH1_O5P	990	8.237853248121212	3.705178317364463	2.83210767	16.61588141	8.19089167102897
d4tmpp-wt	r52_NH2_O3P	990	11.760830511868686	3.426108451062279	5.58768754	20.78139277	11.708108946723275
d4tmpp-wt	r52_NH2_O4P	990	9.457456065797981	3.399953428512328	3.04409462	18.99028692	9.403151109570429
d4tmpp-wt	r52_NH2_O5P	990	8.235993569444444	3.5159704811665775	2.80127278	16.54386363	8.19304278925075
tmpp-l28r	r18_O_O3P	990	9.552535612373736	2.259218728181512	4.02008009	16.56698219	9.543548753936065
tmpp-l28r	r18_O_O4P	990	8.900628932444446	2.1513054334806143	5.13878633	15.67365626	8.91883858869131
tmpp-l28r	r18_O_O5P	990	7.409548246959596	2.2188959460690074	3.56550869	13.7656974	7.465368438961039
tmpp-l28r	r20_N_O3P	990	10.435783036464645	1.0527953815534885	6.76878846	14.60913352	10.391127614485516
tmpp-l28r	r20_N_O4P	990	10.846977181747475	0.9527751567736351	7.05547305	14.59499345	10.820767883746255
tmpp-l28r	r20_N_O5P	990	9.828293915929292	0.9712840671255649	6.1034504	13.36614887	9.835420483426573
tmpp-l28r	r22_O_O3P	990	10.070669915777776	0.9278710678667007	5.08351641	12.25726074	10.03509727192807
tmpp-l28r	r22_O_O4P	990	11.732510985161616	0.8987034117954041	7.4018875	13.89535113	11.691476328421578
tmpp-l28r	r22_O_O5P	990	11.852534962383839	0.9037227552787787	7.47096367	13.91207586	11.82711742010989
tmpp-l28r	r27_OD1_O3P	990	8.744811118	0.40758811511349746	7.46465574	10.06281196	8.750935899790209
tmpp-l28r	r27_OD1_O4P	990	10.552469688737373	0.3066110611867003	9.3948183	11.53860028	10.544883712457542
tmpp-l28r	r27_OD1_O5P	990	10.420067999858585	0.23949900166832216	9.53645687	11.40621667	10.406580863146852
tmpp-l28r	r27_OD2_O3P	990	8.00905908670707	0.554903140665466	5.79321474	10.05013641	8.002366892147853
tmpp-l28r	r27_OD2_O4P	990	9.841313074919192	0.4275917291476654	8.08880267	11.71450157	9.821274633956044
tmpp-l28r	r27_OD2_O5P	990	9.698371329838384	0.32298014001020836	8.04686329	11.20351524	9.676247807802197
tmpp-l28r	r49_O_O3P	990	9.042318933727273	0.9711646342321261	5.71537566	12.24419208	9.011899706123877
tmpp-l28r	r49_O_O4P	990	7.248153673232323	1.012855755328696	4.01895553	10.12687888	7.236268593426573
tmpp-l28r	r49_O_O5P	990	7.109064520777777	0.977050033725814	3.87208414	10.16337663	7.116999758781219
tmpp-l28r	r52_NH1_O3P	990	11.936044775333334	2.800137390288018	2.79162069	19.00640594	11.90793288025974
tmpp-l28r	r52_NH1_O4P	990	11.383845204636364	2.301525339411632	3.79442337	17.1110743	11.33723986117882
tmpp-l28r	r52_NH1_O5P	990	13.41521583968687	2.1927232822872376	5.64014125	18.54647704	13.34253531898102
tmpp-l28r	r52_NH2_O3P	990	12.010927845121211	2.9678161163204253	3.61120673	19.20914829	11.978487143046953
tmpp-l28r	r52_NH2_O4P	990	11.546809011595961	2.416652020048587	3.85690394	17.03036827	11.49288975911089
tmpp-l28r	r52_NH2_O5P	990	13.589574632414143	2.260205820658036	4.70607929	18.89932043	13.506802553396604
tmpp-l28r	r28_NE_O3P	990	5.798057581474747	0.9167931351079284	3.52083301	8.75780198	5.80813705017982
tmpp-l28r	r28_NE_O4P	990	8.213239867525253	1.0004533636658381	5.56102258	11.40807326	8.180560693876124
tmpp-l28r	r28_NE_O5P	990	9.835108611838384	1.101891901285532	6.88484103	13.24532106	9.785547916983019
tmpp-l28r	r28_NH1_O3P	990	6.785366585565656	1.5470234391052893	2.7814884	9.91989914	6.790747754185814
tmpp-l28r	r28_NH1_O4P	990	8.95960985180808	1.7610799420231813	4.24949905	12.75641379	8.922451563046954
tmpp-l28r	r28_NH1_O5P	990	10.573371279242423	1.850940012975267	5.293286	14.15869474	10.523259855724277
tmpp-l28r	r28_NH2_O3P	990	6.93914149250505	1.669312624594319	2.93455998	10.96242686	6.938227270869132
tmpp-l28r	r28_NH2_O4P	990	9.014880673616162	1.94800629726519	4.45997577	13.6608834	8.974546738161838
tmpp-l28r	r28_NH2_O5P	990	10.611764346080808	2.0714093591189466	5.7428447	15.3630698	10.56030933071928
tmpp-wt	r18_O_O3P	990	7.654130211525253	1.6297877895470023	4.05607193	13.83391867	7.636183568181819
tmpp-wt	r18_O_O4P	990	7.853777271868688	1.5612283138370413	4.30035437	14.11805506	7.85279254993007
tmpp-wt	r18_O_O5P	990	7.4998650966666665	2.004537148673929	3.57187474	15.98460643	7.530787808081919
tmpp-wt	r20_N_O3P	990	8.6876774370101	1.5671640057372258	3.57358685	13.5087928	8.64567911125874
tmpp-wt	r20_N_O4P	990	9.925133533858586	1.3187064247241427	4.94892325	14.08809218	9.889514434285713
tmpp-wt	r20_N_O5P	990	9.92713615041414	0.9044014210806455	6.97227228	13.58255175	9.91705514931069
tmpp-wt	r22_O_O3P	990	9.198828342838384	1.3421238173824546	3.25651909	12.44678007	9.18764900961039
tmpp-wt	r22_O_O4P	990	11.261238595727274	1.55644781539005	3.55680839	14.43599768	11.22907838994006
tmpp-wt	r22_O_O5P	990	12.055419746252525	1.3422967965619328	4.65801113	14.82346448	12.029264418711287
tmpp-wt	r27_OD1_O3P	990	9.054109257383839	0.5770735749690047	7.71662357	11.12085839	9.06263811043956
tmpp-wt	r27_OD1_O4P	990	10.630921332464647	0.5049291242021716	8.5955441	12.02694181	10.623634538341658
tmpp-wt	r27_OD1_O5P	990	10.438401497141415	0.5851139603304284	8.07119086	11.87068507	10.4219148601998
tmpp-wt	r27_OD2_O3P	990	7.841191922878789	0.6045038055872369	6.2106937	9.63557925	7.842208512907092
tmpp-wt	r27_OD2_O4P	990	9.61190258331313	0.7170082861320365	6.45201987	11.40613384	9.594446040299701
tmpp-wt	r27_OD2_O5P	990	9.607146180979798	0.8066050952184547	6.09121682	11.11000952	9.582133377072928
tmpp-wt	r49_O_O3P	990	8.31891450120202	1.354566601689569	3.86072655	11.42260355	8.286362658731269
tmpp-wt	r49_O_O4P	990	6.95946641680808	1.2341487112045706	3.11424001	10.04370287	6.937989181188811
tmpp-wt	r49_O_O5P	990	7.656419640484848	0.9732023630213091	4.0376628	10.79146772	7.649515722987013
tmpp-wt	r52_NH1_O3P	990	11.76395611829293	3.0120122455904412	4.77451821	19.32298064	11.767138292347651
tmpp-wt	r52_NH1_O4P	990	10.735763326131314	2.842096634756722	3.81719748	16.96073918	10.72324454004995
tmpp-wt	r52_NH1_O5P	990	12.420195393060606	2.9339177897762765	4.34770181	17.81835317	12.380438327902098
tmpp-wt	r52_NH2_O3P	990	11.666046660979797	3.3596468506758996	3.34168395	19.52876991	11.671292185094906
tmpp-wt	r52_NH2_O4P	990	10.743806665161616	3.0622758619912243	3.3978498	17.09993218	10.732256734345656
tmpp-wt	r52_NH2_O5P	990	12.473663706949495	3.078003117616911	4.05678189	18.3175444	12.433258682087914
