variant,protein_atom_to_ligand_atom,mean_distance_TMP_A,mean_distance_4DTMP_A,change_4DTMP_minus_TMP_A
WT,r18_O_O3P,7.654,5.971,-1.683
WT,r18_O_O4P,7.854,7.665,-0.189
WT,r18_O_O5P,7.5,8.418,0.918
WT,r20_N_O3P,8.688,4.622,-4.066
WT,r20_N_O4P,9.925,7.263,-2.662
WT,r20_N_O5P,9.927,9.176,-0.752
WT,r22_O_O3P,9.199,5.051,-4.148
WT,r22_O_O4P,11.261,6.597,-4.664
WT,r22_O_O5P,12.055,9.06,-2.996
WT,r27_OD1_O3P,9.054,7.042,-2.012
WT,r27_OD1_O4P,10.631,7.969,-2.662
WT,r27_OD1_O5P,10.438,8.161,-2.277
WT,r27_OD2_O3P,7.841,6.365,-1.476
WT,r27_OD2_O4P,9.612,7.333,-2.279
WT,r27_OD2_O5P,9.607,7.675,-1.932
WT,r49_O_O3P,8.319,7.264,-1.055
WT,r49_O_O4P,6.959,6.609,-0.351
WT,r49_O_O5P,7.656,6.696,-0.96
WT,r52_NH1_O3P,11.764,11.991,0.227
WT,r52_NH1_O4P,10.736,9.571,-1.165
WT,r52_NH1_O5P,12.42,8.238,-4.182
WT,r52_NH2_O3P,11.666,11.761,0.095
WT,r52_NH2_O4P,10.744,9.457,-1.286
WT,r52_NH2_O5P,12.474,8.236,-4.238
L28R,r18_O_O3P,9.553,6.189,-3.364
L28R,r18_O_O4P,8.901,8.124,-0.777
L28R,r18_O_O5P,7.41,9.14,1.731
L28R,r20_N_O3P,10.436,4.809,-5.627
L28R,r20_N_O4P,10.847,7.482,-3.365
L28R,r20_N_O5P,9.828,9.443,-0.385
L28R,r22_O_O3P,10.071,5.058,-5.013
L28R,r22_O_O4P,11.733,6.452,-5.28
L28R,r22_O_O5P,11.853,8.853,-2.999
L28R,r27_OD1_O3P,8.745,6.989,-1.756
L28R,r27_OD1_O4P,10.552,7.647,-2.906
L28R,r27_OD1_O5P,10.42,7.567,-2.853
L28R,r27_OD2_O3P,8.009,6.307,-1.702
L28R,r27_OD2_O4P,9.841,7.071,-2.771
L28R,r27_OD2_O5P,9.698,7.187,-2.511
L28R,r28_NE_O3P,5.798,5.933,0.135
L28R,r28_NE_O4P,8.213,3.597,-4.616
L28R,r28_NE_O5P,9.835,3.727,-6.108
L28R,r28_NH1_O3P,6.785,7.172,0.387
L28R,r28_NH1_O4P,8.96,4.851,-4.108
L28R,r28_NH1_O5P,10.573,5.402,-5.171
L28R,r28_NH2_O3P,6.939,6.226,-0.714
L28R,r28_NH2_O4P,9.015,4.034,-4.981
L28R,r28_NH2_O5P,10.612,4.508,-6.104
L28R,r49_O_O3P,9.042,7.515,-1.527
L28R,r49_O_O4P,7.248,7.216,-0.032
L28R,r49_O_O5P,7.109,7.555,0.446
L28R,r52_NH1_O3P,11.936,13.603,1.667
L28R,r52_NH1_O4P,11.384,11.509,0.125
L28R,r52_NH1_O5P,13.415,10.486,-2.929
L28R,r52_NH2_O3P,12.011,13.423,1.412
L28R,r52_NH2_O4P,11.547,11.416,-0.131
L28R,r52_NH2_O5P,13.59,10.47,-3.119
