frame_id	uniform_weight	reconstructed_weight
1.000000000000000000e+00	8.368200836820083180e-04	2.802239463621152539e-16
2.000000000000000000e+00	8.368200836820083180e-04	5.328323542797238148e-11
3.000000000000000000e+00	8.368200836820083180e-04	6.258660599594293914e-14
4.000000000000000000e+00	8.368200836820083180e-04	2.751875326999887935e-15
5.000000000000000000e+00	8.368200836820083180e-04	1.680133972614394320e-15
6.000000000000000000e+00	8.368200836820083180e-04	2.480661351110419225e-07
7.000000000000000000e+00	8.368200836820083180e-04	3.702277704579074020e-09
8.000000000000000000e+00	8.368200836820083180e-04	9.970859793376003804e-10
9.000000000000000000e+00	8.368200836820083180e-04	1.269521886564943195e-14
1.000000000000000000e+01	8.368200836820083180e-04	2.128622604770638831e-13
1.100000000000000000e+01	8.368200836820083180e-04	6.883556839827385740e-12
1.200000000000000000e+01	8.368200836820083180e-04	7.522836467296904568e-07
1.300000000000000000e+01	8.368200836820083180e-04	3.366064038033668911e-09
1.400000000000000000e+01	8.368200836820083180e-04	7.680268070219058797e-16
1.500000000000000000e+01	8.368200836820083180e-04	7.602221345018558191e-11
1.600000000000000000e+01	8.368200836820083180e-04	1.271028154820800152e-14
1.700000000000000000e+01	8.368200836820083180e-04	1.746040665675285736e-12
1.800000000000000000e+01	8.368200836820083180e-04	7.925223446604782087e-10
1.900000000000000000e+01	8.368200836820083180e-04	4.509226737048228337e-15
2.000000000000000000e+01	8.368200836820083180e-04	1.663013234079703615e-15
2.100000000000000000e+01	8.368200836820083180e-04	8.197378892197251048e-12
2.200000000000000000e+01	8.368200836820083180e-04	8.453720831169367182e-12
2.300000000000000000e+01	8.368200836820083180e-04	1.264434462848648755e-07
2.400000000000000000e+01	8.368200836820083180e-04	3.881299221363340018e-02
2.500000000000000000e+01	8.368200836820083180e-04	2.001921295560413639e-03
2.600000000000000000e+01	8.368200836820083180e-04	1.150001732690259818e-13
2.700000000000000000e+01	8.368200836820083180e-04	7.556110021277026282e-13
2.800000000000000000e+01	8.368200836820083180e-04	4.219387894274652384e-02
2.900000000000000000e+01	8.368200836820083180e-04	2.406689682544027051e-06
3.000000000000000000e+01	8.368200836820083180e-04	1.687061349786776909e-10
3.100000000000000000e+01	8.368200836820083180e-04	1.775884057703163015e-05
3.200000000000000000e+01	8.368200836820083180e-04	3.608443243485329253e-04
3.300000000000000000e+01	8.368200836820083180e-04	4.544405651614264667e-04
3.400000000000000000e+01	8.368200836820083180e-04	1.575862011705939417e-05
3.500000000000000000e+01	8.368200836820083180e-04	1.620676841755055022e-07
3.600000000000000000e+01	8.368200836820083180e-04	3.013972940059148433e-04
3.700000000000000000e+01	8.368200836820083180e-04	4.758119416889892330e-06
3.800000000000000000e+01	8.368200836820083180e-04	5.641761616645093518e-10
3.900000000000000000e+01	8.368200836820083180e-04	1.711454650210488387e-12
4.000000000000000000e+01	8.368200836820083180e-04	1.448266007015264896e-08
4.100000000000000000e+01	8.368200836820083180e-04	1.579517815671159910e-05
4.200000000000000000e+01	8.368200836820083180e-04	2.884621413662668575e-10
4.300000000000000000e+01	8.368200836820083180e-04	1.040155117121602736e-06
4.400000000000000000e+01	8.368200836820083180e-04	9.759451847253470037e-09
4.500000000000000000e+01	8.368200836820083180e-04	1.671139801174647222e-06
4.600000000000000000e+01	8.368200836820083180e-04	1.959117340010671843e-08
4.700000000000000000e+01	8.368200836820083180e-04	3.649508864951361071e-06
4.800000000000000000e+01	8.368200836820083180e-04	1.722698036793299410e-06
4.900000000000000000e+01	8.368200836820083180e-04	8.675424041969306821e-05
5.000000000000000000e+01	8.368200836820083180e-04	1.345135714110095407e-08
5.100000000000000000e+01	8.368200836820083180e-04	1.359533868399913478e-07
5.200000000000000000e+01	8.368200836820083180e-04	2.540976478959133988e-08
5.300000000000000000e+01	8.368200836820083180e-04	6.552253518237857956e-13
5.400000000000000000e+01	8.368200836820083180e-04	3.096595757576046033e-09
5.500000000000000000e+01	8.368200836820083180e-04	1.205181600340224249e-05
5.600000000000000000e+01	8.368200836820083180e-04	7.458876274204671863e-02
5.700000000000000000e+01	8.368200836820083180e-04	1.311013157534722584e-06
5.800000000000000000e+01	8.368200836820083180e-04	1.812337254504049898e-10
5.900000000000000000e+01	8.368200836820083180e-04	1.889290147021646768e-04
6.000000000000000000e+01	8.368200836820083180e-04	2.396151291628592895e-09
6.100000000000000000e+01	8.368200836820083180e-04	2.122041140540955396e-09
6.200000000000000000e+01	8.368200836820083180e-04	4.072640223071163993e-10
6.300000000000000000e+01	8.368200836820083180e-04	7.382557808942686943e-10
6.400000000000000000e+01	8.368200836820083180e-04	3.067621172368816909e-13
6.500000000000000000e+01	8.368200836820083180e-04	8.707244517483174293e-11
6.600000000000000000e+01	8.368200836820083180e-04	1.404371227171688106e-10
6.700000000000000000e+01	8.368200836820083180e-04	1.465977817198290412e-14
6.800000000000000000e+01	8.368200836820083180e-04	1.454590956508951770e-13
6.900000000000000000e+01	8.368200836820083180e-04	2.396899019200248543e-18
7.000000000000000000e+01	8.368200836820083180e-04	3.861008144106608539e-08
7.100000000000000000e+01	8.368200836820083180e-04	2.290966715092022716e-11
7.200000000000000000e+01	8.368200836820083180e-04	7.913242765529780723e-12
7.300000000000000000e+01	8.368200836820083180e-04	1.016471410295203311e-18
7.400000000000000000e+01	8.368200836820083180e-04	1.002061859265721187e-14
7.500000000000000000e+01	8.368200836820083180e-04	1.176353178416046697e-11
7.600000000000000000e+01	8.368200836820083180e-04	1.377300912370506571e-11
7.700000000000000000e+01	8.368200836820083180e-04	9.718152329418806179e-08
7.800000000000000000e+01	8.368200836820083180e-04	3.870321882622613802e-03
7.900000000000000000e+01	8.368200836820083180e-04	3.553511846965939228e-08
8.000000000000000000e+01	8.368200836820083180e-04	2.064686318450048118e-06
8.100000000000000000e+01	8.368200836820083180e-04	1.862650407094223014e-12
8.200000000000000000e+01	8.368200836820083180e-04	1.826345624272873252e-06
8.300000000000000000e+01	8.368200836820083180e-04	1.243461526969207018e-16
8.400000000000000000e+01	8.368200836820083180e-04	3.110361249469065966e-13
8.500000000000000000e+01	8.368200836820083180e-04	1.490557325948323453e-14
8.600000000000000000e+01	8.368200836820083180e-04	2.375160819689843801e-13
8.700000000000000000e+01	8.368200836820083180e-04	3.722292947111817926e-20
8.800000000000000000e+01	8.368200836820083180e-04	7.174657873720526351e-19
8.900000000000000000e+01	8.368200836820083180e-04	7.617301753460476386e-17
9.000000000000000000e+01	8.368200836820083180e-04	2.671092817574907143e-15
9.100000000000000000e+01	8.368200836820083180e-04	3.633795293073674304e-15
9.200000000000000000e+01	8.368200836820083180e-04	3.116432318018813321e-15
9.300000000000000000e+01	8.368200836820083180e-04	3.010345816457369701e-15
9.400000000000000000e+01	8.368200836820083180e-04	1.795813386300743900e-14
9.500000000000000000e+01	8.368200836820083180e-04	2.490016402746396717e-13
9.600000000000000000e+01	8.368200836820083180e-04	2.006623503734458791e-09
9.700000000000000000e+01	8.368200836820083180e-04	3.924520417198650049e-15
9.800000000000000000e+01	8.368200836820083180e-04	9.217638081708648347e-17
9.900000000000000000e+01	8.368200836820083180e-04	4.762952006732356321e-12
1.000000000000000000e+02	8.368200836820083180e-04	5.772903548349291278e-09
1.010000000000000000e+02	8.368200836820083180e-04	1.520511065319645232e-14
1.020000000000000000e+02	8.368200836820083180e-04	6.826950973151469297e-13
1.030000000000000000e+02	8.368200836820083180e-04	3.681025579133850396e-14
1.040000000000000000e+02	8.368200836820083180e-04	2.864549356605450125e-14
1.050000000000000000e+02	8.368200836820083180e-04	3.566323910411848875e-11
1.060000000000000000e+02	8.368200836820083180e-04	1.149309377390227142e-16
1.070000000000000000e+02	8.368200836820083180e-04	7.753923114872063656e-09
1.080000000000000000e+02	8.368200836820083180e-04	3.947678170500664792e-08
1.090000000000000000e+02	8.368200836820083180e-04	4.323070572104555099e-10
1.100000000000000000e+02	8.368200836820083180e-04	6.093330225519060859e-13
1.110000000000000000e+02	8.368200836820083180e-04	3.754147957162571759e-07
1.120000000000000000e+02	8.368200836820083180e-04	4.414341983425858265e-18
1.130000000000000000e+02	8.368200836820083180e-04	5.033954118137256600e-18
1.140000000000000000e+02	8.368200836820083180e-04	1.416229070639245215e-07
1.150000000000000000e+02	8.368200836820083180e-04	8.094598584004768287e-06
1.160000000000000000e+02	8.368200836820083180e-04	5.056477855990713439e-14
1.170000000000000000e+02	8.368200836820083180e-04	3.825386097285224825e-13
1.180000000000000000e+02	8.368200836820083180e-04	1.044129007317168699e-05
1.190000000000000000e+02	8.368200836820083180e-04	4.664098756299876742e-15
1.200000000000000000e+02	8.368200836820083180e-04	1.440540144174700916e-06
1.210000000000000000e+02	8.368200836820083180e-04	1.078055785383800114e-11
1.220000000000000000e+02	8.368200836820083180e-04	9.638216618032516414e-08
1.230000000000000000e+02	8.368200836820083180e-04	4.438410100907218725e-04
1.240000000000000000e+02	8.368200836820083180e-04	2.838069610796904336e-07
1.250000000000000000e+02	8.368200836820083180e-04	2.104729987299523086e-09
1.260000000000000000e+02	8.368200836820083180e-04	1.026271229643405408e-07
1.270000000000000000e+02	8.368200836820083180e-04	1.473816131237788430e-05
1.280000000000000000e+02	8.368200836820083180e-04	2.463900508637736410e-08
1.290000000000000000e+02	8.368200836820083180e-04	4.940489500496404696e-11
1.300000000000000000e+02	8.368200836820083180e-04	1.409808516740620257e-08
1.310000000000000000e+02	8.368200836820083180e-04	4.065102670925399849e-08
1.320000000000000000e+02	8.368200836820083180e-04	3.279539887758805741e-08
1.330000000000000000e+02	8.368200836820083180e-04	6.973012495159656016e-08
1.340000000000000000e+02	8.368200836820083180e-04	8.147741022490049623e-09
1.350000000000000000e+02	8.368200836820083180e-04	9.463219852553964680e-08
1.360000000000000000e+02	8.368200836820083180e-04	1.212132528590848951e-09
1.370000000000000000e+02	8.368200836820083180e-04	1.261343227131749143e-07
1.380000000000000000e+02	8.368200836820083180e-04	5.571913069707136818e-08
1.390000000000000000e+02	8.368200836820083180e-04	3.523941321445345799e-07
1.400000000000000000e+02	8.368200836820083180e-04	3.284154300009536563e-13
1.410000000000000000e+02	8.368200836820083180e-04	5.275565261238326177e-10
1.420000000000000000e+02	8.368200836820083180e-04	1.698597185188489883e-10
1.430000000000000000e+02	8.368200836820083180e-04	3.206673977448824442e-09
1.440000000000000000e+02	8.368200836820083180e-04	1.477608009388928080e-06
1.450000000000000000e+02	8.368200836820083180e-04	1.558397972072321189e-07
1.460000000000000000e+02	8.368200836820083180e-04	6.416359151866122623e-08
1.470000000000000000e+02	8.368200836820083180e-04	5.714575572853924997e-11
1.480000000000000000e+02	8.368200836820083180e-04	2.983886196567607172e-09
1.490000000000000000e+02	8.368200836820083180e-04	4.241155496520711911e-08
1.500000000000000000e+02	8.368200836820083180e-04	4.640484782773921522e-10
1.510000000000000000e+02	8.368200836820083180e-04	5.208979833560257897e-07
1.520000000000000000e+02	8.368200836820083180e-04	9.668873710991741281e-09
1.530000000000000000e+02	8.368200836820083180e-04	3.041861575149778565e-11
1.540000000000000000e+02	8.368200836820083180e-04	2.599162818101877104e-05
1.550000000000000000e+02	8.368200836820083180e-04	3.297663777599971032e-08
1.560000000000000000e+02	8.368200836820083180e-04	3.234495107484833663e-10
1.570000000000000000e+02	8.368200836820083180e-04	1.053849566770228199e-10
1.580000000000000000e+02	8.368200836820083180e-04	9.549247531833751555e-08
1.590000000000000000e+02	8.368200836820083180e-04	2.825643747233364858e-07
1.600000000000000000e+02	8.368200836820083180e-04	1.811792889157617211e-10
1.610000000000000000e+02	8.368200836820083180e-04	4.514625573158191802e-11
1.620000000000000000e+02	8.368200836820083180e-04	5.574423329620699252e-13
1.630000000000000000e+02	8.368200836820083180e-04	1.080805095824527437e-14
1.640000000000000000e+02	8.368200836820083180e-04	6.476286544991667103e-14
1.650000000000000000e+02	8.368200836820083180e-04	2.578031467507469819e-13
1.660000000000000000e+02	8.368200836820083180e-04	2.742174228745366612e-12
1.670000000000000000e+02	8.368200836820083180e-04	1.192152503835685256e-17
1.680000000000000000e+02	8.368200836820083180e-04	9.402891665037793136e-18
1.690000000000000000e+02	8.368200836820083180e-04	2.211945035908494853e-16
1.700000000000000000e+02	8.368200836820083180e-04	3.217935161761642352e-14
1.710000000000000000e+02	8.368200836820083180e-04	1.890995112013382708e-13
1.720000000000000000e+02	8.368200836820083180e-04	2.964810815653566528e-16
1.730000000000000000e+02	8.368200836820083180e-04	3.656861309337286177e-11
1.740000000000000000e+02	8.368200836820083180e-04	4.002594686878697588e-06
1.750000000000000000e+02	8.368200836820083180e-04	1.905737757940174682e-06
1.760000000000000000e+02	8.368200836820083180e-04	8.564531442967007052e-03
1.770000000000000000e+02	8.368200836820083180e-04	1.371989508390595489e-15
1.780000000000000000e+02	8.368200836820083180e-04	8.574215043633529454e-12
1.790000000000000000e+02	8.368200836820083180e-04	7.829748923691446852e-06
1.800000000000000000e+02	8.368200836820083180e-04	1.281463608251650049e-03
1.810000000000000000e+02	8.368200836820083180e-04	7.413525512344110082e-04
1.820000000000000000e+02	8.368200836820083180e-04	3.234668907818042820e-07
1.830000000000000000e+02	8.368200836820083180e-04	3.903913745794605712e-08
1.840000000000000000e+02	8.368200836820083180e-04	3.393519023660072648e-09
1.850000000000000000e+02	8.368200836820083180e-04	9.385893699035687732e-08
1.860000000000000000e+02	8.368200836820083180e-04	1.033000287001739504e-12
1.870000000000000000e+02	8.368200836820083180e-04	6.575418812635932448e-17
1.880000000000000000e+02	8.368200836820083180e-04	2.517471188880600011e-16
1.890000000000000000e+02	8.368200836820083180e-04	1.011370786342914244e-11
1.900000000000000000e+02	8.368200836820083180e-04	3.577405706208802202e-15
1.910000000000000000e+02	8.368200836820083180e-04	9.514365132573117797e-07
1.920000000000000000e+02	8.368200836820083180e-04	1.013964739080246042e-06
1.930000000000000000e+02	8.368200836820083180e-04	1.918047096442844760e-06
1.940000000000000000e+02	8.368200836820083180e-04	3.019497460337693096e-10
1.950000000000000000e+02	8.368200836820083180e-04	2.107774554169990957e-12
1.960000000000000000e+02	8.368200836820083180e-04	3.374291289267384676e-08
1.970000000000000000e+02	8.368200836820083180e-04	1.382883660534612810e-13
1.980000000000000000e+02	8.368200836820083180e-04	1.724628275806968635e-11
1.990000000000000000e+02	8.368200836820083180e-04	2.401286651098318563e-14
2.000000000000000000e+02	8.368200836820083180e-04	2.977005668710491481e-11
2.010000000000000000e+02	8.368200836820083180e-04	1.499927011322012575e-04
2.020000000000000000e+02	8.368200836820083180e-04	1.673483361625729970e-01
2.030000000000000000e+02	8.368200836820083180e-04	2.240756743786842444e-03
2.040000000000000000e+02	8.368200836820083180e-04	1.152870776704025286e-05
2.050000000000000000e+02	8.368200836820083180e-04	1.366175219134708192e-07
2.060000000000000000e+02	8.368200836820083180e-04	1.320070727894287997e-02
2.070000000000000000e+02	8.368200836820083180e-04	1.409986907601554215e-06
2.080000000000000000e+02	8.368200836820083180e-04	2.475307918208552861e-04
2.090000000000000000e+02	8.368200836820083180e-04	3.946212271979881295e-12
2.100000000000000000e+02	8.368200836820083180e-04	7.531869050439867015e-11
2.110000000000000000e+02	8.368200836820083180e-04	2.282729754361900095e-08
2.120000000000000000e+02	8.368200836820083180e-04	3.969183127699853724e-09
2.130000000000000000e+02	8.368200836820083180e-04	1.312531138554197602e-04
2.140000000000000000e+02	8.368200836820083180e-04	1.820496494180929396e-10
2.150000000000000000e+02	8.368200836820083180e-04	6.173140112829481464e-05
2.160000000000000000e+02	8.368200836820083180e-04	1.150959482166523373e-07
2.170000000000000000e+02	8.368200836820083180e-04	2.541120054382946782e-10
2.180000000000000000e+02	8.368200836820083180e-04	7.577014296033632108e-13
2.190000000000000000e+02	8.368200836820083180e-04	6.320805773263251948e-08
2.200000000000000000e+02	8.368200836820083180e-04	4.710397053785301644e-15
2.210000000000000000e+02	8.368200836820083180e-04	3.206238677033043056e-12
2.220000000000000000e+02	8.368200836820083180e-04	5.656618308501423074e-12
2.230000000000000000e+02	8.368200836820083180e-04	2.464987850651138617e-13
2.240000000000000000e+02	8.368200836820083180e-04	7.849439409548697363e-14
2.250000000000000000e+02	8.368200836820083180e-04	3.035700842508650398e-09
2.260000000000000000e+02	8.368200836820083180e-04	1.173106360107178790e-07
2.270000000000000000e+02	8.368200836820083180e-04	1.706626145238193917e-10
2.280000000000000000e+02	8.368200836820083180e-04	5.245207179415887213e-10
2.290000000000000000e+02	8.368200836820083180e-04	9.851459697880791027e-08
2.300000000000000000e+02	8.368200836820083180e-04	3.527659559975116253e-07
2.310000000000000000e+02	8.368200836820083180e-04	2.884586579076696735e-17
2.320000000000000000e+02	8.368200836820083180e-04	1.098830174583364835e-08
2.330000000000000000e+02	8.368200836820083180e-04	8.255786385147077438e-08
2.340000000000000000e+02	8.368200836820083180e-04	7.607199484187149831e-07
2.350000000000000000e+02	8.368200836820083180e-04	1.290772361325107284e-08
2.360000000000000000e+02	8.368200836820083180e-04	3.978010891826244013e-08
2.370000000000000000e+02	8.368200836820083180e-04	6.947068222769589962e-14
2.380000000000000000e+02	8.368200836820083180e-04	7.801132624250200722e-11
2.390000000000000000e+02	8.368200836820083180e-04	7.736141688566946636e-07
2.400000000000000000e+02	8.368200836820083180e-04	2.026514527385185699e-13
2.410000000000000000e+02	8.368200836820083180e-04	7.094267451987794543e-13
2.420000000000000000e+02	8.368200836820083180e-04	1.738983426782656096e-12
2.430000000000000000e+02	8.368200836820083180e-04	1.483353794648931315e-13
2.440000000000000000e+02	8.368200836820083180e-04	2.630704419214980330e-13
2.450000000000000000e+02	8.368200836820083180e-04	7.195422113385823589e-08
2.460000000000000000e+02	8.368200836820083180e-04	1.418613285125797560e-11
2.470000000000000000e+02	8.368200836820083180e-04	8.207917388619873437e-12
2.480000000000000000e+02	8.368200836820083180e-04	2.266394345882716575e-09
2.490000000000000000e+02	8.368200836820083180e-04	4.194179610654036621e-10
2.500000000000000000e+02	8.368200836820083180e-04	1.831511378875102188e-12
2.510000000000000000e+02	8.368200836820083180e-04	1.094344018076228142e-19
2.520000000000000000e+02	8.368200836820083180e-04	3.999479355588408959e-16
2.530000000000000000e+02	8.368200836820083180e-04	5.192968951863191019e-10
2.540000000000000000e+02	8.368200836820083180e-04	5.593684441346771458e-08
2.550000000000000000e+02	8.368200836820083180e-04	3.304572820340805048e-14
2.560000000000000000e+02	8.368200836820083180e-04	3.118824125794419671e-10
2.570000000000000000e+02	8.368200836820083180e-04	1.949754823121635807e-12
2.580000000000000000e+02	8.368200836820083180e-04	4.688445813764291087e-11
2.590000000000000000e+02	8.368200836820083180e-04	4.820170183045797600e-09
2.600000000000000000e+02	8.368200836820083180e-04	1.462835807450500852e-11
2.610000000000000000e+02	8.368200836820083180e-04	4.289394785056978209e-07
2.620000000000000000e+02	8.368200836820083180e-04	2.107644276083470225e-11
2.630000000000000000e+02	8.368200836820083180e-04	1.310580620694984689e-08
2.640000000000000000e+02	8.368200836820083180e-04	2.093686798187483708e-13
2.650000000000000000e+02	8.368200836820083180e-04	1.118187288476200480e-13
2.660000000000000000e+02	8.368200836820083180e-04	2.853269981448674727e-10
2.670000000000000000e+02	8.368200836820083180e-04	2.183702717164783258e-13
2.680000000000000000e+02	8.368200836820083180e-04	4.852529616132730573e-13
2.690000000000000000e+02	8.368200836820083180e-04	2.360059311817239498e-12
2.700000000000000000e+02	8.368200836820083180e-04	8.823196394114546680e-14
2.710000000000000000e+02	8.368200836820083180e-04	1.887706079193885106e-14
2.720000000000000000e+02	8.368200836820083180e-04	2.764073256035211292e-14
2.730000000000000000e+02	8.368200836820083180e-04	1.474132695862337098e-10
2.740000000000000000e+02	8.368200836820083180e-04	3.239906539407454779e-16
2.750000000000000000e+02	8.368200836820083180e-04	2.543407504448473669e-12
2.760000000000000000e+02	8.368200836820083180e-04	1.487727743927428901e-12
2.770000000000000000e+02	8.368200836820083180e-04	7.291874523437731376e-14
2.780000000000000000e+02	8.368200836820083180e-04	3.294788285199036214e-11
2.790000000000000000e+02	8.368200836820083180e-04	3.220881576859028283e-09
2.800000000000000000e+02	8.368200836820083180e-04	3.149065225802171108e-09
2.810000000000000000e+02	8.368200836820083180e-04	4.573736005164841075e-11
2.820000000000000000e+02	8.368200836820083180e-04	3.051844873544120397e-07
2.830000000000000000e+02	8.368200836820083180e-04	1.918505007057962541e-03
2.840000000000000000e+02	8.368200836820083180e-04	7.986935683967871160e-10
2.850000000000000000e+02	8.368200836820083180e-04	1.715315103862156463e-06
2.860000000000000000e+02	8.368200836820083180e-04	2.668764248241296770e-10
2.870000000000000000e+02	8.368200836820083180e-04	7.122607273626942507e-13
2.880000000000000000e+02	8.368200836820083180e-04	1.216638167579554978e-10
2.890000000000000000e+02	8.368200836820083180e-04	1.284215635376081189e-07
2.900000000000000000e+02	8.368200836820083180e-04	3.402074655371008159e-11
2.910000000000000000e+02	8.368200836820083180e-04	6.585337055023343906e-11
2.920000000000000000e+02	8.368200836820083180e-04	7.908681183558805137e-13
2.930000000000000000e+02	8.368200836820083180e-04	3.702864516636474399e-09
2.940000000000000000e+02	8.368200836820083180e-04	2.284659751435876387e-04
2.950000000000000000e+02	8.368200836820083180e-04	4.735174632776445124e-14
2.960000000000000000e+02	8.368200836820083180e-04	1.704734217631287779e-11
2.970000000000000000e+02	8.368200836820083180e-04	2.983887905796549851e-11
2.980000000000000000e+02	8.368200836820083180e-04	7.839810309908341293e-15
2.990000000000000000e+02	8.368200836820083180e-04	1.065087796201718872e-14
3.000000000000000000e+02	8.368200836820083180e-04	1.399041298775440746e-10
3.010000000000000000e+02	8.368200836820083180e-04	7.201381570333789987e-05
3.020000000000000000e+02	8.368200836820083180e-04	2.061394242324468617e-06
3.030000000000000000e+02	8.368200836820083180e-04	4.676169644411235881e-08
3.040000000000000000e+02	8.368200836820083180e-04	5.311618197762154568e-11
3.050000000000000000e+02	8.368200836820083180e-04	8.195620414607935364e-05
3.060000000000000000e+02	8.368200836820083180e-04	2.977589231898437341e-10
3.070000000000000000e+02	8.368200836820083180e-04	2.140747854037741475e-11
3.080000000000000000e+02	8.368200836820083180e-04	6.209265780579778359e-10
3.090000000000000000e+02	8.368200836820083180e-04	9.693223242671271950e-06
3.100000000000000000e+02	8.368200836820083180e-04	1.084673927117467001e-11
3.110000000000000000e+02	8.368200836820083180e-04	7.487808090175563236e-13
3.120000000000000000e+02	8.368200836820083180e-04	3.991853362675698859e-12
3.130000000000000000e+02	8.368200836820083180e-04	8.201934418625521249e-11
3.140000000000000000e+02	8.368200836820083180e-04	1.126005444750370538e-09
3.150000000000000000e+02	8.368200836820083180e-04	8.252239660086778450e-10
3.160000000000000000e+02	8.368200836820083180e-04	1.011451980465543336e-11
3.170000000000000000e+02	8.368200836820083180e-04	9.685849703544605918e-16
3.180000000000000000e+02	8.368200836820083180e-04	5.001825952453718620e-10
3.190000000000000000e+02	8.368200836820083180e-04	1.442983446747724539e-09
3.200000000000000000e+02	8.368200836820083180e-04	4.819422361407664852e-11
3.210000000000000000e+02	8.368200836820083180e-04	6.482371922857068491e-10
3.220000000000000000e+02	8.368200836820083180e-04	1.893455340846256346e-09
3.230000000000000000e+02	8.368200836820083180e-04	4.918841343930605313e-13
3.240000000000000000e+02	8.368200836820083180e-04	7.403448893170617127e-10
3.250000000000000000e+02	8.368200836820083180e-04	5.294018163349741078e-11
3.260000000000000000e+02	8.368200836820083180e-04	1.485967491049872703e-09
3.270000000000000000e+02	8.368200836820083180e-04	7.132362569664308410e-07
3.280000000000000000e+02	8.368200836820083180e-04	1.169048386796257393e-09
3.290000000000000000e+02	8.368200836820083180e-04	2.468411463849162195e-09
3.300000000000000000e+02	8.368200836820083180e-04	1.605834214126575985e-08
3.310000000000000000e+02	8.368200836820083180e-04	1.515962520587232940e-12
3.320000000000000000e+02	8.368200836820083180e-04	1.860782912832821607e-10
3.330000000000000000e+02	8.368200836820083180e-04	1.312454423889358740e-07
3.340000000000000000e+02	8.368200836820083180e-04	3.008884194612911969e-09
3.350000000000000000e+02	8.368200836820083180e-04	8.688498667506272533e-02
3.360000000000000000e+02	8.368200836820083180e-04	2.803110980300830441e-06
3.370000000000000000e+02	8.368200836820083180e-04	1.708275258252200450e-09
3.380000000000000000e+02	8.368200836820083180e-04	8.750513505604967189e-13
3.390000000000000000e+02	8.368200836820083180e-04	3.253735836076795940e-10
3.400000000000000000e+02	8.368200836820083180e-04	4.986704785964756745e-10
3.410000000000000000e+02	8.368200836820083180e-04	1.767591665551938121e-17
3.420000000000000000e+02	8.368200836820083180e-04	1.308479082442372608e-15
3.430000000000000000e+02	8.368200836820083180e-04	5.723895145273401832e-13
3.440000000000000000e+02	8.368200836820083180e-04	5.188190094290397279e-10
3.450000000000000000e+02	8.368200836820083180e-04	3.003148388143865000e-09
3.460000000000000000e+02	8.368200836820083180e-04	2.683527207875476248e-14
3.470000000000000000e+02	8.368200836820083180e-04	1.751532480957497587e-14
3.480000000000000000e+02	8.368200836820083180e-04	1.615558639985048445e-11
3.490000000000000000e+02	8.368200836820083180e-04	3.000234458216736316e-03
3.500000000000000000e+02	8.368200836820083180e-04	8.464041530162732954e-09
3.510000000000000000e+02	8.368200836820083180e-04	7.038786667437757804e-11
3.520000000000000000e+02	8.368200836820083180e-04	5.107148645792805249e-12
3.530000000000000000e+02	8.368200836820083180e-04	5.564719915831127427e-08
3.540000000000000000e+02	8.368200836820083180e-04	1.390866241358371253e-17
3.550000000000000000e+02	8.368200836820083180e-04	5.612081708876455994e-11
3.560000000000000000e+02	8.368200836820083180e-04	2.614626634489845559e-08
3.570000000000000000e+02	8.368200836820083180e-04	2.501610988309791662e-06
3.580000000000000000e+02	8.368200836820083180e-04	3.092102075385088723e-06
3.590000000000000000e+02	8.368200836820083180e-04	1.312678892847980706e-10
3.600000000000000000e+02	8.368200836820083180e-04	2.291950735685079986e-14
3.610000000000000000e+02	8.368200836820083180e-04	1.878234778477296553e-08
3.620000000000000000e+02	8.368200836820083180e-04	3.855043971122574937e-11
3.630000000000000000e+02	8.368200836820083180e-04	6.298398777581214679e-11
3.640000000000000000e+02	8.368200836820083180e-04	6.890375959034064126e-06
3.650000000000000000e+02	8.368200836820083180e-04	2.173097800404630060e-11
3.660000000000000000e+02	8.368200836820083180e-04	1.298829898779701719e-09
3.670000000000000000e+02	8.368200836820083180e-04	1.079370940006756072e-07
3.680000000000000000e+02	8.368200836820083180e-04	5.676920619869542068e-13
3.690000000000000000e+02	8.368200836820083180e-04	6.484221110549784063e-16
3.700000000000000000e+02	8.368200836820083180e-04	7.008283447818568491e-12
3.710000000000000000e+02	8.368200836820083180e-04	3.686259353067151936e-06
3.720000000000000000e+02	8.368200836820083180e-04	2.928330148925758080e-08
3.730000000000000000e+02	8.368200836820083180e-04	5.855828584445260665e-02
3.740000000000000000e+02	8.368200836820083180e-04	4.292974737362374159e-08
3.750000000000000000e+02	8.368200836820083180e-04	4.437766296975872399e-06
3.760000000000000000e+02	8.368200836820083180e-04	6.958315981342679878e-08
3.770000000000000000e+02	8.368200836820083180e-04	9.597498095996782004e-06
3.780000000000000000e+02	8.368200836820083180e-04	2.921021198223811491e-09
3.790000000000000000e+02	8.368200836820083180e-04	7.132686306049748845e-11
3.800000000000000000e+02	8.368200836820083180e-04	3.067560741339865329e-13
3.810000000000000000e+02	8.368200836820083180e-04	4.660708385431566254e-11
3.820000000000000000e+02	8.368200836820083180e-04	6.076439309469581894e-11
3.830000000000000000e+02	8.368200836820083180e-04	1.220247015612655911e-09
3.840000000000000000e+02	8.368200836820083180e-04	2.456648931183953310e-09
3.850000000000000000e+02	8.368200836820083180e-04	8.276005522623288275e-10
3.860000000000000000e+02	8.368200836820083180e-04	1.532554607604915398e-10
3.870000000000000000e+02	8.368200836820083180e-04	4.923341463465392246e-08
3.880000000000000000e+02	8.368200836820083180e-04	4.742241826182751585e-06
3.890000000000000000e+02	8.368200836820083180e-04	8.480370902733270709e-09
3.900000000000000000e+02	8.368200836820083180e-04	2.333406655506561439e-05
3.910000000000000000e+02	8.368200836820083180e-04	5.529192370830047815e-06
3.920000000000000000e+02	8.368200836820083180e-04	1.632557788204024290e-14
3.930000000000000000e+02	8.368200836820083180e-04	1.037757488948150855e-09
3.940000000000000000e+02	8.368200836820083180e-04	1.460780377618480297e-06
3.950000000000000000e+02	8.368200836820083180e-04	4.232009215219007103e-12
3.960000000000000000e+02	8.368200836820083180e-04	2.584034139973334223e-11
3.970000000000000000e+02	8.368200836820083180e-04	5.276781219095926260e-15
3.980000000000000000e+02	8.368200836820083180e-04	1.290040069296049207e-04
3.990000000000000000e+02	8.368200836820083180e-04	6.357368334520196642e-11
4.000000000000000000e+02	8.368200836820083180e-04	1.331583617662850100e-10
4.010000000000000000e+02	8.368200836820083180e-04	2.176240104354948456e-15
4.020000000000000000e+02	8.368200836820083180e-04	3.371108165939063535e-18
4.030000000000000000e+02	8.368200836820083180e-04	9.783370783861102690e-16
4.040000000000000000e+02	8.368200836820083180e-04	9.488821605558118735e-17
4.050000000000000000e+02	8.368200836820083180e-04	5.090541716299871361e-15
4.060000000000000000e+02	8.368200836820083180e-04	1.409833080447149547e-11
4.070000000000000000e+02	8.368200836820083180e-04	2.434118217751691666e-12
4.080000000000000000e+02	8.368200836820083180e-04	9.761704755713424773e-17
4.090000000000000000e+02	8.368200836820083180e-04	2.721550049223924729e-12
4.100000000000000000e+02	8.368200836820083180e-04	5.311639700749896823e-11
4.110000000000000000e+02	8.368200836820083180e-04	3.410203367986901727e-13
4.120000000000000000e+02	8.368200836820083180e-04	1.108727130703795749e-01
4.130000000000000000e+02	8.368200836820083180e-04	2.657622217548585357e-11
4.140000000000000000e+02	8.368200836820083180e-04	5.659528248987483818e-15
4.150000000000000000e+02	8.368200836820083180e-04	8.554889383695169880e-14
4.160000000000000000e+02	8.368200836820083180e-04	1.752579342641694317e-12
4.170000000000000000e+02	8.368200836820083180e-04	2.323030933391889059e-13
4.180000000000000000e+02	8.368200836820083180e-04	1.709389063720426752e-12
4.190000000000000000e+02	8.368200836820083180e-04	5.448111604562636236e-17
4.200000000000000000e+02	8.368200836820083180e-04	2.391086402789021194e-12
4.210000000000000000e+02	8.368200836820083180e-04	1.410663366352639335e-13
4.220000000000000000e+02	8.368200836820083180e-04	1.135079921885774750e-09
4.230000000000000000e+02	8.368200836820083180e-04	4.876587843753350012e-12
4.240000000000000000e+02	8.368200836820083180e-04	3.664967925116091645e-13
4.250000000000000000e+02	8.368200836820083180e-04	8.528730942125270237e-16
4.260000000000000000e+02	8.368200836820083180e-04	5.264825133320664315e-14
4.270000000000000000e+02	8.368200836820083180e-04	3.262566973615257419e-11
4.280000000000000000e+02	8.368200836820083180e-04	2.802605490191956038e-13
4.290000000000000000e+02	8.368200836820083180e-04	1.581447953716841537e-08
4.300000000000000000e+02	8.368200836820083180e-04	1.422272864192931778e-17
4.310000000000000000e+02	8.368200836820083180e-04	2.583743554647667737e-13
4.320000000000000000e+02	8.368200836820083180e-04	1.256071435825986662e-13
4.330000000000000000e+02	8.368200836820083180e-04	6.667402497378424677e-10
4.340000000000000000e+02	8.368200836820083180e-04	1.085037938932081796e-06
4.350000000000000000e+02	8.368200836820083180e-04	5.823690356745164082e-04
4.360000000000000000e+02	8.368200836820083180e-04	2.013079025569180684e-08
4.370000000000000000e+02	8.368200836820083180e-04	2.887660854559711310e-06
4.380000000000000000e+02	8.368200836820083180e-04	1.707071565046041658e-11
4.390000000000000000e+02	8.368200836820083180e-04	4.815572441494898092e-13
4.400000000000000000e+02	8.368200836820083180e-04	2.841714693213394029e-10
4.410000000000000000e+02	8.368200836820083180e-04	2.635264707923469170e-11
4.420000000000000000e+02	8.368200836820083180e-04	2.261866269286294812e-10
4.430000000000000000e+02	8.368200836820083180e-04	2.829471515226830272e-10
4.440000000000000000e+02	8.368200836820083180e-04	2.001188866137853777e-13
4.450000000000000000e+02	8.368200836820083180e-04	9.377304926284366429e-10
4.460000000000000000e+02	8.368200836820083180e-04	2.146188728623420863e-16
4.470000000000000000e+02	8.368200836820083180e-04	7.331292014823930515e-13
4.480000000000000000e+02	8.368200836820083180e-04	3.867200367223347250e-09
4.490000000000000000e+02	8.368200836820083180e-04	3.157898279774914543e-12
4.500000000000000000e+02	8.368200836820083180e-04	1.477670268806945567e-07
4.510000000000000000e+02	8.368200836820083180e-04	6.626637066065348010e-12
4.520000000000000000e+02	8.368200836820083180e-04	9.377926108629001243e-07
4.530000000000000000e+02	8.368200836820083180e-04	1.371645374495306354e-13
4.540000000000000000e+02	8.368200836820083180e-04	7.218648009797130759e-14
4.550000000000000000e+02	8.368200836820083180e-04	7.752096950346032423e-12
4.560000000000000000e+02	8.368200836820083180e-04	6.691766152148830155e-11
4.570000000000000000e+02	8.368200836820083180e-04	4.553680286151661919e-09
4.580000000000000000e+02	8.368200836820083180e-04	3.287130883162515926e-16
4.590000000000000000e+02	8.368200836820083180e-04	1.443072013651359561e-14
4.600000000000000000e+02	8.368200836820083180e-04	6.760508129359004189e-15
4.610000000000000000e+02	8.368200836820083180e-04	2.716798517428015417e-15
4.620000000000000000e+02	8.368200836820083180e-04	2.792492283987190840e-10
4.630000000000000000e+02	8.368200836820083180e-04	7.972510092279222967e-12
4.640000000000000000e+02	8.368200836820083180e-04	4.886610739413620410e-07
4.650000000000000000e+02	8.368200836820083180e-04	1.077248456342157570e-11
4.660000000000000000e+02	8.368200836820083180e-04	1.620202391899037102e-17
4.670000000000000000e+02	8.368200836820083180e-04	2.254060307050956520e-10
4.680000000000000000e+02	8.368200836820083180e-04	8.114315260326083112e-12
4.690000000000000000e+02	8.368200836820083180e-04	5.193139316818052010e-14
4.700000000000000000e+02	8.368200836820083180e-04	1.223829913080585467e-12
4.710000000000000000e+02	8.368200836820083180e-04	4.612883440825209512e-13
4.720000000000000000e+02	8.368200836820083180e-04	1.065608937376715840e-09
4.730000000000000000e+02	8.368200836820083180e-04	1.746608878178721900e-10
4.740000000000000000e+02	8.368200836820083180e-04	1.720299001685477183e-07
4.750000000000000000e+02	8.368200836820083180e-04	2.816026131666769628e-10
4.760000000000000000e+02	8.368200836820083180e-04	1.031540733798735940e-05
4.770000000000000000e+02	8.368200836820083180e-04	1.085565455750996414e-08
4.780000000000000000e+02	8.368200836820083180e-04	1.074634384686528899e-04
4.790000000000000000e+02	8.368200836820083180e-04	3.241368851816017652e-07
4.800000000000000000e+02	8.368200836820083180e-04	1.859816148954321911e-10
4.810000000000000000e+02	8.368200836820083180e-04	4.662926696145968477e-06
4.820000000000000000e+02	8.368200836820083180e-04	1.861556423317740898e-09
4.830000000000000000e+02	8.368200836820083180e-04	1.660209484161585762e-11
4.840000000000000000e+02	8.368200836820083180e-04	1.248551674604580775e-08
4.850000000000000000e+02	8.368200836820083180e-04	1.596859172111420933e-04
4.860000000000000000e+02	8.368200836820083180e-04	2.667416825362513600e-06
4.870000000000000000e+02	8.368200836820083180e-04	6.803616783368425142e-11
4.880000000000000000e+02	8.368200836820083180e-04	3.196479372429095395e-06
4.890000000000000000e+02	8.368200836820083180e-04	7.890305213537168738e-02
4.900000000000000000e+02	8.368200836820083180e-04	4.818898919702104297e-16
4.910000000000000000e+02	8.368200836820083180e-04	8.100373765973197986e-10
4.920000000000000000e+02	8.368200836820083180e-04	4.801393168567591744e-12
4.930000000000000000e+02	8.368200836820083180e-04	8.342423052083243117e-12
4.940000000000000000e+02	8.368200836820083180e-04	1.205293358914281757e-15
4.950000000000000000e+02	8.368200836820083180e-04	2.784717171373972660e-13
4.960000000000000000e+02	8.368200836820083180e-04	2.151640360653641305e-12
4.970000000000000000e+02	8.368200836820083180e-04	2.768883673365356900e-06
4.980000000000000000e+02	8.368200836820083180e-04	4.952774189845773099e-07
4.990000000000000000e+02	8.368200836820083180e-04	1.036012097958537483e-06
5.000000000000000000e+02	8.368200836820083180e-04	6.095436672664426847e-03
5.010000000000000000e+02	8.368200836820083180e-04	1.574316174391294781e-07
5.020000000000000000e+02	8.368200836820083180e-04	6.453143273121966773e-13
5.030000000000000000e+02	8.368200836820083180e-04	2.183762634362084073e-06
5.040000000000000000e+02	8.368200836820083180e-04	8.695082046936321092e-07
5.050000000000000000e+02	8.368200836820083180e-04	2.194305572445549274e-05
5.060000000000000000e+02	8.368200836820083180e-04	7.565441160956148247e-08
5.070000000000000000e+02	8.368200836820083180e-04	1.871582319892867226e-08
5.080000000000000000e+02	8.368200836820083180e-04	1.137048403436387289e-11
5.090000000000000000e+02	8.368200836820083180e-04	5.110137155093511483e-12
5.100000000000000000e+02	8.368200836820083180e-04	1.504428092383255654e-08
5.110000000000000000e+02	8.368200836820083180e-04	3.814881128458300187e-09
5.120000000000000000e+02	8.368200836820083180e-04	3.037831181871941770e-15
5.130000000000000000e+02	8.368200836820083180e-04	4.956467098805930783e-13
5.140000000000000000e+02	8.368200836820083180e-04	2.208685880587818681e-07
5.150000000000000000e+02	8.368200836820083180e-04	4.967900564600541344e-12
5.160000000000000000e+02	8.368200836820083180e-04	1.094788551844024670e-10
5.170000000000000000e+02	8.368200836820083180e-04	1.361780334640730732e-12
5.180000000000000000e+02	8.368200836820083180e-04	2.218449448021089247e-09
5.190000000000000000e+02	8.368200836820083180e-04	1.092083391297717363e-09
5.200000000000000000e+02	8.368200836820083180e-04	3.456649231630904614e-11
5.210000000000000000e+02	8.368200836820083180e-04	1.178851300715642893e-06
5.220000000000000000e+02	8.368200836820083180e-04	6.032658720583462895e-04
5.230000000000000000e+02	8.368200836820083180e-04	8.000031524497477232e-09
5.240000000000000000e+02	8.368200836820083180e-04	9.789311476701577143e-11
5.250000000000000000e+02	8.368200836820083180e-04	7.980829966659098866e-13
5.260000000000000000e+02	8.368200836820083180e-04	1.302951802190873298e-10
5.270000000000000000e+02	8.368200836820083180e-04	1.564050800579143601e-12
5.280000000000000000e+02	8.368200836820083180e-04	9.414176978084705188e-13
5.290000000000000000e+02	8.368200836820083180e-04	1.000889070559755441e-11
5.300000000000000000e+02	8.368200836820083180e-04	4.525748800557349508e-19
5.310000000000000000e+02	8.368200836820083180e-04	1.097050155672240378e-11
5.320000000000000000e+02	8.368200836820083180e-04	7.178971843776820859e-10
5.330000000000000000e+02	8.368200836820083180e-04	3.185634734601359544e-12
5.340000000000000000e+02	8.368200836820083180e-04	8.730713142311332393e-07
5.350000000000000000e+02	8.368200836820083180e-04	1.461794137517228863e-13
5.360000000000000000e+02	8.368200836820083180e-04	8.372259820290525912e-08
5.370000000000000000e+02	8.368200836820083180e-04	2.125894116891813290e-02
5.380000000000000000e+02	8.368200836820083180e-04	3.586679312517818159e-06
5.390000000000000000e+02	8.368200836820083180e-04	1.285813604516513883e-08
5.400000000000000000e+02	8.368200836820083180e-04	1.506456945033766638e-06
5.410000000000000000e+02	8.368200836820083180e-04	4.067151507093842472e-04
5.420000000000000000e+02	8.368200836820083180e-04	1.660127862927401184e-06
5.430000000000000000e+02	8.368200836820083180e-04	6.521475747577560417e-10
5.440000000000000000e+02	8.368200836820083180e-04	2.598433326865804316e-04
5.450000000000000000e+02	8.368200836820083180e-04	6.560513931929501074e-08
5.460000000000000000e+02	8.368200836820083180e-04	1.420975357585271710e-05
5.470000000000000000e+02	8.368200836820083180e-04	4.434612955820861908e-07
5.480000000000000000e+02	8.368200836820083180e-04	2.348280685086677553e-05
5.490000000000000000e+02	8.368200836820083180e-04	1.044923461184186029e-09
5.500000000000000000e+02	8.368200836820083180e-04	3.721394526083868305e-10
5.510000000000000000e+02	8.368200836820083180e-04	2.899354556344869579e-09
5.520000000000000000e+02	8.368200836820083180e-04	1.453081985266217677e-07
5.530000000000000000e+02	8.368200836820083180e-04	3.177697668648903991e-06
5.540000000000000000e+02	8.368200836820083180e-04	2.663408245138247424e-15
5.550000000000000000e+02	8.368200836820083180e-04	1.138348615953481557e-05
5.560000000000000000e+02	8.368200836820083180e-04	2.028150988211380287e-05
5.570000000000000000e+02	8.368200836820083180e-04	5.929466117731464156e-12
5.580000000000000000e+02	8.368200836820083180e-04	1.991298385317744560e-08
5.590000000000000000e+02	8.368200836820083180e-04	6.342888602891511647e-05
5.600000000000000000e+02	8.368200836820083180e-04	3.230086557073398864e-08
5.610000000000000000e+02	8.368200836820083180e-04	6.997652726881044468e-07
5.620000000000000000e+02	8.368200836820083180e-04	8.707937065916828663e-10
5.630000000000000000e+02	8.368200836820083180e-04	5.015038829569687454e-09
5.640000000000000000e+02	8.368200836820083180e-04	3.810415414121797261e-14
5.650000000000000000e+02	8.368200836820083180e-04	2.574907677420205438e-11
5.660000000000000000e+02	8.368200836820083180e-04	2.219042929150993784e-13
5.670000000000000000e+02	8.368200836820083180e-04	7.819272932969817402e-11
5.680000000000000000e+02	8.368200836820083180e-04	4.424418895036444078e-05
5.690000000000000000e+02	8.368200836820083180e-04	8.830152781956872676e-07
5.700000000000000000e+02	8.368200836820083180e-04	2.313215132946541025e-09
5.710000000000000000e+02	8.368200836820083180e-04	8.173274290530531856e-11
5.720000000000000000e+02	8.368200836820083180e-04	1.327308203716741680e-10
5.730000000000000000e+02	8.368200836820083180e-04	5.041494180552280307e-10
5.740000000000000000e+02	8.368200836820083180e-04	3.092607726043265478e-13
5.750000000000000000e+02	8.368200836820083180e-04	1.124083155323153774e-11
5.760000000000000000e+02	8.368200836820083180e-04	1.418646384715159459e-10
5.770000000000000000e+02	8.368200836820083180e-04	7.865341896380137179e-19
5.780000000000000000e+02	8.368200836820083180e-04	2.396810151535897241e-10
5.790000000000000000e+02	8.368200836820083180e-04	2.010982747122722617e-09
5.800000000000000000e+02	8.368200836820083180e-04	1.756073223746791473e-14
5.810000000000000000e+02	8.368200836820083180e-04	9.991970807859302242e-13
5.820000000000000000e+02	8.368200836820083180e-04	7.201789439253411907e-16
5.830000000000000000e+02	8.368200836820083180e-04	5.477276233008945307e-14
5.840000000000000000e+02	8.368200836820083180e-04	6.122514042574188254e-15
5.850000000000000000e+02	8.368200836820083180e-04	1.512187112931100131e-13
5.860000000000000000e+02	8.368200836820083180e-04	1.280887073352137182e-14
5.870000000000000000e+02	8.368200836820083180e-04	1.953260670844824344e-14
5.880000000000000000e+02	8.368200836820083180e-04	1.106965307314772527e-16
5.890000000000000000e+02	8.368200836820083180e-04	2.793570140566761881e-13
5.900000000000000000e+02	8.368200836820083180e-04	1.993878185087751246e-12
5.910000000000000000e+02	8.368200836820083180e-04	2.006799390703254595e-09
5.920000000000000000e+02	8.368200836820083180e-04	4.148593986671553668e-10
5.930000000000000000e+02	8.368200836820083180e-04	3.373076052760402969e-06
5.940000000000000000e+02	8.368200836820083180e-04	7.374879297463916952e-08
5.950000000000000000e+02	8.368200836820083180e-04	1.918368839286362539e-12
5.960000000000000000e+02	8.368200836820083180e-04	3.542371677938028519e-03
5.970000000000000000e+02	8.368200836820083180e-04	6.930221752257505108e-11
5.980000000000000000e+02	8.368200836820083180e-04	2.147175210246142053e-09
5.990000000000000000e+02	8.368200836820083180e-04	2.638445249954486722e-09
6.000000000000000000e+02	8.368200836820083180e-04	1.415302541925344119e-13
6.010000000000000000e+02	8.368200836820083180e-04	3.740091747868278286e-12
6.020000000000000000e+02	8.368200836820083180e-04	5.571797467548718736e-09
6.030000000000000000e+02	8.368200836820083180e-04	5.344410987493592347e-08
6.040000000000000000e+02	8.368200836820083180e-04	3.514654639474408092e-11
6.050000000000000000e+02	8.368200836820083180e-04	1.176542179362125244e-13
6.060000000000000000e+02	8.368200836820083180e-04	1.265045400720242443e-13
6.070000000000000000e+02	8.368200836820083180e-04	1.699999816503599942e-07
6.080000000000000000e+02	8.368200836820083180e-04	2.876351563523767406e-10
6.090000000000000000e+02	8.368200836820083180e-04	8.493624642526612563e-14
6.100000000000000000e+02	8.368200836820083180e-04	3.700399224632105470e-08
6.110000000000000000e+02	8.368200836820083180e-04	6.988102374577933353e-12
6.120000000000000000e+02	8.368200836820083180e-04	1.707160050686534462e-06
6.130000000000000000e+02	8.368200836820083180e-04	1.004122087984313956e-13
6.140000000000000000e+02	8.368200836820083180e-04	3.301906888399858440e-12
6.150000000000000000e+02	8.368200836820083180e-04	2.313937170636437500e-10
6.160000000000000000e+02	8.368200836820083180e-04	1.186563752538325606e-10
6.170000000000000000e+02	8.368200836820083180e-04	2.118257617603930319e-15
6.180000000000000000e+02	8.368200836820083180e-04	4.501409327591899569e-15
6.190000000000000000e+02	8.368200836820083180e-04	1.001571195600006550e-11
6.200000000000000000e+02	8.368200836820083180e-04	8.388727792006983108e-12
6.210000000000000000e+02	8.368200836820083180e-04	5.230472716322233542e-14
6.220000000000000000e+02	8.368200836820083180e-04	1.906416743681201129e-09
6.230000000000000000e+02	8.368200836820083180e-04	5.504770927604942108e-13
6.240000000000000000e+02	8.368200836820083180e-04	6.308300286125432066e-12
6.250000000000000000e+02	8.368200836820083180e-04	3.580993198587836164e-14
6.260000000000000000e+02	8.368200836820083180e-04	2.321867051436807960e-14
6.270000000000000000e+02	8.368200836820083180e-04	8.952341361443948224e-12
6.280000000000000000e+02	8.368200836820083180e-04	4.900563023683207024e-13
6.290000000000000000e+02	8.368200836820083180e-04	1.530805432146878935e-06
6.300000000000000000e+02	8.368200836820083180e-04	6.795759990852606768e-10
6.310000000000000000e+02	8.368200836820083180e-04	4.744951120520523809e-11
6.320000000000000000e+02	8.368200836820083180e-04	1.724707859001872498e-09
6.330000000000000000e+02	8.368200836820083180e-04	6.260724099791010989e-11
6.340000000000000000e+02	8.368200836820083180e-04	1.491293061643368325e-17
6.350000000000000000e+02	8.368200836820083180e-04	5.106000350621084658e-12
6.360000000000000000e+02	8.368200836820083180e-04	2.890799729501377960e-06
6.370000000000000000e+02	8.368200836820083180e-04	3.484405824444139182e-06
6.380000000000000000e+02	8.368200836820083180e-04	5.124964607667711804e-04
6.390000000000000000e+02	8.368200836820083180e-04	8.096425548841220420e-10
6.400000000000000000e+02	8.368200836820083180e-04	2.824764855839286122e-07
6.410000000000000000e+02	8.368200836820083180e-04	2.652776359515864607e-13
6.420000000000000000e+02	8.368200836820083180e-04	2.713217718831476074e-14
6.430000000000000000e+02	8.368200836820083180e-04	4.420520622870656411e-10
6.440000000000000000e+02	8.368200836820083180e-04	2.137107687362443910e-12
6.450000000000000000e+02	8.368200836820083180e-04	3.395227096307815825e-10
6.460000000000000000e+02	8.368200836820083180e-04	4.064875509734567976e-13
6.470000000000000000e+02	8.368200836820083180e-04	1.463179173805399049e-09
6.480000000000000000e+02	8.368200836820083180e-04	6.496993291232874542e-11
6.490000000000000000e+02	8.368200836820083180e-04	6.609485253235313765e-07
6.500000000000000000e+02	8.368200836820083180e-04	1.451582339754556959e-15
6.510000000000000000e+02	8.368200836820083180e-04	2.875825997992648222e-13
6.520000000000000000e+02	8.368200836820083180e-04	8.036712201861734002e-13
6.530000000000000000e+02	8.368200836820083180e-04	2.085259021432955570e-17
6.540000000000000000e+02	8.368200836820083180e-04	1.207634467653237184e-14
6.550000000000000000e+02	8.368200836820083180e-04	2.500007399294393227e-17
6.560000000000000000e+02	8.368200836820083180e-04	4.473410798609673854e-11
6.570000000000000000e+02	8.368200836820083180e-04	9.392346251594447899e-14
6.580000000000000000e+02	8.368200836820083180e-04	2.039727169857484178e-09
6.590000000000000000e+02	8.368200836820083180e-04	1.752263258542860316e-15
6.600000000000000000e+02	8.368200836820083180e-04	6.066410029177646009e-11
6.610000000000000000e+02	8.368200836820083180e-04	2.546680345674748364e-15
6.620000000000000000e+02	8.368200836820083180e-04	1.655592951005682732e-08
6.630000000000000000e+02	8.368200836820083180e-04	5.431442670859095945e-12
6.640000000000000000e+02	8.368200836820083180e-04	4.631110772395974127e-11
6.650000000000000000e+02	8.368200836820083180e-04	1.155194927804235579e-03
6.660000000000000000e+02	8.368200836820083180e-04	6.525940977746001491e-19
6.670000000000000000e+02	8.368200836820083180e-04	5.251286031346016035e-03
6.680000000000000000e+02	8.368200836820083180e-04	2.734637444314313916e-08
6.690000000000000000e+02	8.368200836820083180e-04	5.239637106421053631e-10
6.700000000000000000e+02	8.368200836820083180e-04	2.474516235831894569e-07
6.710000000000000000e+02	8.368200836820083180e-04	1.119328323578341622e-09
6.720000000000000000e+02	8.368200836820083180e-04	1.329064900714191744e-13
6.730000000000000000e+02	8.368200836820083180e-04	2.337539665390919283e-10
6.740000000000000000e+02	8.368200836820083180e-04	1.653099265187527079e-08
6.750000000000000000e+02	8.368200836820083180e-04	6.953197699706395787e-10
6.760000000000000000e+02	8.368200836820083180e-04	8.193348751703212358e-16
6.770000000000000000e+02	8.368200836820083180e-04	3.584658406750194141e-11
6.780000000000000000e+02	8.368200836820083180e-04	3.031162787543642012e-09
6.790000000000000000e+02	8.368200836820083180e-04	3.678454047223261976e-12
6.800000000000000000e+02	8.368200836820083180e-04	9.100976463940236474e-10
6.810000000000000000e+02	8.368200836820083180e-04	1.932845934401922554e-09
6.820000000000000000e+02	8.368200836820083180e-04	3.344773962287951523e-13
6.830000000000000000e+02	8.368200836820083180e-04	1.171598671359638970e-11
6.840000000000000000e+02	8.368200836820083180e-04	4.801950481171285282e-09
6.850000000000000000e+02	8.368200836820083180e-04	2.173727531691502711e-13
6.860000000000000000e+02	8.368200836820083180e-04	1.374734065814099919e-05
6.870000000000000000e+02	8.368200836820083180e-04	1.454358601085019581e-10
6.880000000000000000e+02	8.368200836820083180e-04	7.303064925605027082e-13
6.890000000000000000e+02	8.368200836820083180e-04	6.588741691640182210e-08
6.900000000000000000e+02	8.368200836820083180e-04	2.820767857607628905e-10
6.910000000000000000e+02	8.368200836820083180e-04	2.747732704836383642e-07
6.920000000000000000e+02	8.368200836820083180e-04	3.661009231395796412e-03
6.930000000000000000e+02	8.368200836820083180e-04	2.583612301972406735e-10
6.940000000000000000e+02	8.368200836820083180e-04	5.485716027414915680e-03
6.950000000000000000e+02	8.368200836820083180e-04	2.330121685062713705e-08
6.960000000000000000e+02	8.368200836820083180e-04	2.671780136760046300e-11
6.970000000000000000e+02	8.368200836820083180e-04	1.398831203107149179e-05
6.980000000000000000e+02	8.368200836820083180e-04	4.632648517109336127e-10
6.990000000000000000e+02	8.368200836820083180e-04	9.726935441235346984e-16
7.000000000000000000e+02	8.368200836820083180e-04	4.693723615607067593e-11
7.010000000000000000e+02	8.368200836820083180e-04	2.923465452029399160e-11
7.020000000000000000e+02	8.368200836820083180e-04	3.388434808062823010e-09
7.030000000000000000e+02	8.368200836820083180e-04	5.725954008422544180e-12
7.040000000000000000e+02	8.368200836820083180e-04	1.250640442955404179e-13
7.050000000000000000e+02	8.368200836820083180e-04	5.539460284306493520e-14
7.060000000000000000e+02	8.368200836820083180e-04	1.266068103112381310e-15
7.070000000000000000e+02	8.368200836820083180e-04	1.202509471858531628e-16
7.080000000000000000e+02	8.368200836820083180e-04	2.790895388617537179e-13
7.090000000000000000e+02	8.368200836820083180e-04	1.738835508847187871e-14
7.100000000000000000e+02	8.368200836820083180e-04	1.193171931812988453e-11
7.110000000000000000e+02	8.368200836820083180e-04	1.736520713659092209e-11
7.120000000000000000e+02	8.368200836820083180e-04	1.274373510799115069e-14
7.130000000000000000e+02	8.368200836820083180e-04	1.533294725197634703e-16
7.140000000000000000e+02	8.368200836820083180e-04	6.955990047511310237e-11
7.150000000000000000e+02	8.368200836820083180e-04	2.742715402662398697e-14
7.160000000000000000e+02	8.368200836820083180e-04	9.791577677841473105e-15
7.170000000000000000e+02	8.368200836820083180e-04	6.823024186345244718e-15
7.180000000000000000e+02	8.368200836820083180e-04	1.905312977944548016e-15
7.190000000000000000e+02	8.368200836820083180e-04	6.877902493142892395e-15
7.200000000000000000e+02	8.368200836820083180e-04	3.144227536720973996e-12
7.210000000000000000e+02	8.368200836820083180e-04	3.061988506942637128e-18
7.220000000000000000e+02	8.368200836820083180e-04	1.479036112417828061e-17
7.230000000000000000e+02	8.368200836820083180e-04	1.669577179398018540e-19
7.240000000000000000e+02	8.368200836820083180e-04	3.899009067706087067e-14
7.250000000000000000e+02	8.368200836820083180e-04	8.571436236588636914e-19
7.260000000000000000e+02	8.368200836820083180e-04	3.127548413407067892e-13
7.270000000000000000e+02	8.368200836820083180e-04	1.043061124902094858e-12
7.280000000000000000e+02	8.368200836820083180e-04	3.486652048996382749e-15
7.290000000000000000e+02	8.368200836820083180e-04	2.725696413461740277e-14
7.300000000000000000e+02	8.368200836820083180e-04	4.885956676248974819e-10
7.310000000000000000e+02	8.368200836820083180e-04	5.718892893975517641e-11
7.320000000000000000e+02	8.368200836820083180e-04	7.841997060319208419e-13
7.330000000000000000e+02	8.368200836820083180e-04	2.037539064427358831e-14
7.340000000000000000e+02	8.368200836820083180e-04	1.351097979389959618e-05
7.350000000000000000e+02	8.368200836820083180e-04	1.758096950210200674e-09
7.360000000000000000e+02	8.368200836820083180e-04	1.179463004499174231e-11
7.370000000000000000e+02	8.368200836820083180e-04	2.024209905136935652e-12
7.380000000000000000e+02	8.368200836820083180e-04	3.742185685943474957e-10
7.390000000000000000e+02	8.368200836820083180e-04	7.145700733186245388e-13
7.400000000000000000e+02	8.368200836820083180e-04	1.378130594894524582e-12
7.410000000000000000e+02	8.368200836820083180e-04	4.225317082240857265e-10
7.420000000000000000e+02	8.368200836820083180e-04	1.489889863615146727e-04
7.430000000000000000e+02	8.368200836820083180e-04	3.658658183655965032e-09
7.440000000000000000e+02	8.368200836820083180e-04	5.042462390820820663e-08
7.450000000000000000e+02	8.368200836820083180e-04	3.810759682147771317e-15
7.460000000000000000e+02	8.368200836820083180e-04	2.527619948752253869e-09
7.470000000000000000e+02	8.368200836820083180e-04	1.186588568499501993e-09
7.480000000000000000e+02	8.368200836820083180e-04	7.633559987481208128e-14
7.490000000000000000e+02	8.368200836820083180e-04	2.187528447840478321e-07
7.500000000000000000e+02	8.368200836820083180e-04	4.686537764636529412e-15
7.510000000000000000e+02	8.368200836820083180e-04	5.548224543849524972e-12
7.520000000000000000e+02	8.368200836820083180e-04	3.287479920702713515e-12
7.530000000000000000e+02	8.368200836820083180e-04	2.329492810447178614e-11
7.540000000000000000e+02	8.368200836820083180e-04	7.242536691891832829e-03
7.550000000000000000e+02	8.368200836820083180e-04	3.506008153812062580e-10
7.560000000000000000e+02	8.368200836820083180e-04	1.089995278139021454e-13
7.570000000000000000e+02	8.368200836820083180e-04	2.448235072252918707e-11
7.580000000000000000e+02	8.368200836820083180e-04	1.435364968471704364e-10
7.590000000000000000e+02	8.368200836820083180e-04	1.688024212586543717e-07
7.600000000000000000e+02	8.368200836820083180e-04	1.611332385950846785e-11
7.610000000000000000e+02	8.368200836820083180e-04	2.291671766800166912e-06
7.620000000000000000e+02	8.368200836820083180e-04	8.267819325542734050e-14
7.630000000000000000e+02	8.368200836820083180e-04	1.414188601968461106e-13
7.640000000000000000e+02	8.368200836820083180e-04	3.019041558003051606e-05
7.650000000000000000e+02	8.368200836820083180e-04	1.892438216107052323e-07
7.660000000000000000e+02	8.368200836820083180e-04	3.787327439415127402e-16
7.670000000000000000e+02	8.368200836820083180e-04	7.505568202526750992e-16
7.680000000000000000e+02	8.368200836820083180e-04	1.261554003029043401e-14
7.690000000000000000e+02	8.368200836820083180e-04	5.784895124906009312e-12
7.700000000000000000e+02	8.368200836820083180e-04	4.934053601047228550e-15
7.710000000000000000e+02	8.368200836820083180e-04	5.146504966151324231e-12
7.720000000000000000e+02	8.368200836820083180e-04	4.981731970389547446e-13
7.730000000000000000e+02	8.368200836820083180e-04	2.853771893553395122e-19
7.740000000000000000e+02	8.368200836820083180e-04	6.875448748806028638e-13
7.750000000000000000e+02	8.368200836820083180e-04	3.843765746927678195e-12
7.760000000000000000e+02	8.368200836820083180e-04	2.654650589326905838e-08
7.770000000000000000e+02	8.368200836820083180e-04	5.513609594101094406e-11
7.780000000000000000e+02	8.368200836820083180e-04	2.785072014489182058e-08
7.790000000000000000e+02	8.368200836820083180e-04	6.135586249356832508e-13
7.800000000000000000e+02	8.368200836820083180e-04	9.041080126839106646e-10
7.810000000000000000e+02	8.368200836820083180e-04	3.021998649119113510e-12
7.820000000000000000e+02	8.368200836820083180e-04	3.263179133014277117e-10
7.830000000000000000e+02	8.368200836820083180e-04	1.407810657366579560e-07
7.840000000000000000e+02	8.368200836820083180e-04	3.292123214245221471e-06
7.850000000000000000e+02	8.368200836820083180e-04	2.776545232295961122e-16
7.860000000000000000e+02	8.368200836820083180e-04	4.126201745183030639e-11
7.870000000000000000e+02	8.368200836820083180e-04	4.886372867954499925e-09
7.880000000000000000e+02	8.368200836820083180e-04	1.098963519946491585e-16
7.890000000000000000e+02	8.368200836820083180e-04	2.376055474531182552e-13
7.900000000000000000e+02	8.368200836820083180e-04	5.530089962375111777e-12
7.910000000000000000e+02	8.368200836820083180e-04	9.880762075524306071e-13
7.920000000000000000e+02	8.368200836820083180e-04	4.180992982271408764e-12
7.930000000000000000e+02	8.368200836820083180e-04	1.292612258770725323e-10
7.940000000000000000e+02	8.368200836820083180e-04	7.335882426883799689e-05
7.950000000000000000e+02	8.368200836820083180e-04	1.587780794084236870e-10
7.960000000000000000e+02	8.368200836820083180e-04	7.335854746935983151e-07
7.970000000000000000e+02	8.368200836820083180e-04	4.056822412217186122e-10
7.980000000000000000e+02	8.368200836820083180e-04	4.573254855670389932e-08
7.990000000000000000e+02	8.368200836820083180e-04	1.396572538578327690e-10
8.000000000000000000e+02	8.368200836820083180e-04	7.171091055165610805e-09
8.010000000000000000e+02	8.368200836820083180e-04	1.117538862702655968e-05
8.020000000000000000e+02	8.368200836820083180e-04	2.687115762381767989e-08
8.030000000000000000e+02	8.368200836820083180e-04	1.171756753924608432e-08
8.040000000000000000e+02	8.368200836820083180e-04	1.084211750271464412e-07
8.050000000000000000e+02	8.368200836820083180e-04	1.059898524034971450e-08
8.060000000000000000e+02	8.368200836820083180e-04	7.819647122257013143e-09
8.070000000000000000e+02	8.368200836820083180e-04	4.648534428508393181e-12
8.080000000000000000e+02	8.368200836820083180e-04	1.210569664811107201e-10
8.090000000000000000e+02	8.368200836820083180e-04	1.554600875070239369e-06
8.100000000000000000e+02	8.368200836820083180e-04	7.414678965748578314e-09
8.110000000000000000e+02	8.368200836820083180e-04	2.790027676012521255e-06
8.120000000000000000e+02	8.368200836820083180e-04	4.631187670352154026e-07
8.130000000000000000e+02	8.368200836820083180e-04	4.271661109452472086e-09
8.140000000000000000e+02	8.368200836820083180e-04	4.565702528347751355e-10
8.150000000000000000e+02	8.368200836820083180e-04	4.358386551529728140e-06
8.160000000000000000e+02	8.368200836820083180e-04	1.548973803189240191e-09
8.170000000000000000e+02	8.368200836820083180e-04	1.343949721574636346e-11
8.180000000000000000e+02	8.368200836820083180e-04	2.983059655779333501e-17
8.190000000000000000e+02	8.368200836820083180e-04	3.536665604971864122e-06
8.200000000000000000e+02	8.368200836820083180e-04	8.546241570706921031e-07
8.210000000000000000e+02	8.368200836820083180e-04	1.257711767267577875e-07
8.220000000000000000e+02	8.368200836820083180e-04	1.665780443128077481e-10
8.230000000000000000e+02	8.368200836820083180e-04	2.143453057027850620e-06
8.240000000000000000e+02	8.368200836820083180e-04	3.072561405196703280e-10
8.250000000000000000e+02	8.368200836820083180e-04	7.392364740022692162e-07
8.260000000000000000e+02	8.368200836820083180e-04	9.596048800253887388e-05
8.270000000000000000e+02	8.368200836820083180e-04	8.177007085301698906e-12
8.280000000000000000e+02	8.368200836820083180e-04	3.619532338822738139e-11
8.290000000000000000e+02	8.368200836820083180e-04	1.019352105745938657e-06
8.300000000000000000e+02	8.368200836820083180e-04	1.982371024935160999e-09
8.310000000000000000e+02	8.368200836820083180e-04	1.317959445224972783e-11
8.320000000000000000e+02	8.368200836820083180e-04	3.180350845271886267e-13
8.330000000000000000e+02	8.368200836820083180e-04	4.472519976623202361e-11
8.340000000000000000e+02	8.368200836820083180e-04	7.301577933339518096e-13
8.350000000000000000e+02	8.368200836820083180e-04	3.046897881037295545e-15
8.360000000000000000e+02	8.368200836820083180e-04	8.837257893741680176e-13
8.370000000000000000e+02	8.368200836820083180e-04	1.053407145542069150e-17
8.380000000000000000e+02	8.368200836820083180e-04	9.175516534689527109e-16
8.390000000000000000e+02	8.368200836820083180e-04	8.698667110916970663e-12
8.400000000000000000e+02	8.368200836820083180e-04	3.736393225162552351e-16
8.410000000000000000e+02	8.368200836820083180e-04	9.307864031137203475e-09
8.420000000000000000e+02	8.368200836820083180e-04	1.167213606678958490e-14
8.430000000000000000e+02	8.368200836820083180e-04	1.185878720387537236e-14
8.440000000000000000e+02	8.368200836820083180e-04	4.012281432519205268e-20
8.450000000000000000e+02	8.368200836820083180e-04	4.132152757565815540e-13
8.460000000000000000e+02	8.368200836820083180e-04	1.776852477467272077e-17
8.470000000000000000e+02	8.368200836820083180e-04	3.088673895980556408e-19
8.480000000000000000e+02	8.368200836820083180e-04	3.277880967566090902e-19
8.490000000000000000e+02	8.368200836820083180e-04	1.234853727843572210e-02
8.500000000000000000e+02	8.368200836820083180e-04	6.253870988911942701e-03
8.510000000000000000e+02	8.368200836820083180e-04	2.439658309837003749e-04
8.520000000000000000e+02	8.368200836820083180e-04	6.688157664191032961e-07
8.530000000000000000e+02	8.368200836820083180e-04	1.176648845219653600e-13
8.540000000000000000e+02	8.368200836820083180e-04	5.708473098525658540e-17
8.550000000000000000e+02	8.368200836820083180e-04	1.193857039920867188e-18
8.560000000000000000e+02	8.368200836820083180e-04	4.517564024174743472e-15
8.570000000000000000e+02	8.368200836820083180e-04	4.956126274562305817e-13
8.580000000000000000e+02	8.368200836820083180e-04	2.783937517501614685e-16
8.590000000000000000e+02	8.368200836820083180e-04	9.460347607227526550e-13
8.600000000000000000e+02	8.368200836820083180e-04	6.190536473846960894e-13
8.610000000000000000e+02	8.368200836820083180e-04	1.765943769037215850e-12
8.620000000000000000e+02	8.368200836820083180e-04	1.953170198441267358e-12
8.630000000000000000e+02	8.368200836820083180e-04	3.234598265336805011e-15
8.640000000000000000e+02	8.368200836820083180e-04	1.011097419699061272e-14
8.650000000000000000e+02	8.368200836820083180e-04	8.628235710015277627e-18
8.660000000000000000e+02	8.368200836820083180e-04	1.979659428722517822e-16
8.670000000000000000e+02	8.368200836820083180e-04	2.971134091880583188e-19
8.680000000000000000e+02	8.368200836820083180e-04	1.973934500581443034e-15
8.690000000000000000e+02	8.368200836820083180e-04	8.660452437675192615e-14
8.700000000000000000e+02	8.368200836820083180e-04	5.380826490638693336e-14
8.710000000000000000e+02	8.368200836820083180e-04	2.931151144046346279e-13
8.720000000000000000e+02	8.368200836820083180e-04	1.775217930459606988e-14
8.730000000000000000e+02	8.368200836820083180e-04	9.130939636558470673e-18
8.740000000000000000e+02	8.368200836820083180e-04	1.661869862053889641e-15
8.750000000000000000e+02	8.368200836820083180e-04	1.208012188408714575e-18
8.760000000000000000e+02	8.368200836820083180e-04	1.461748090557943999e-16
8.770000000000000000e+02	8.368200836820083180e-04	8.501230099515040298e-14
8.780000000000000000e+02	8.368200836820083180e-04	3.764542380070435612e-16
8.790000000000000000e+02	8.368200836820083180e-04	1.456165664624646398e-10
8.800000000000000000e+02	8.368200836820083180e-04	1.697648739443587921e-15
8.810000000000000000e+02	8.368200836820083180e-04	2.318791975056976099e-08
8.820000000000000000e+02	8.368200836820083180e-04	4.225379539425725793e-12
8.830000000000000000e+02	8.368200836820083180e-04	1.174293529189498030e-10
8.840000000000000000e+02	8.368200836820083180e-04	1.650356461159147586e-16
8.850000000000000000e+02	8.368200836820083180e-04	5.413081023376186433e-15
8.860000000000000000e+02	8.368200836820083180e-04	5.870631182501608179e-16
8.870000000000000000e+02	8.368200836820083180e-04	9.527845892474686102e-12
8.880000000000000000e+02	8.368200836820083180e-04	9.225159459479575743e-16
8.890000000000000000e+02	8.368200836820083180e-04	1.641563112957420874e-16
8.900000000000000000e+02	8.368200836820083180e-04	6.984803669877304076e-15
8.910000000000000000e+02	8.368200836820083180e-04	7.650985567924369201e-20
8.920000000000000000e+02	8.368200836820083180e-04	9.034530394410024587e-22
8.930000000000000000e+02	8.368200836820083180e-04	3.407702712796847203e-21
8.940000000000000000e+02	8.368200836820083180e-04	6.392660537637954517e-25
8.950000000000000000e+02	8.368200836820083180e-04	2.257013306990181775e-22
8.960000000000000000e+02	8.368200836820083180e-04	1.020297434833106598e-17
8.970000000000000000e+02	8.368200836820083180e-04	1.565117776996080519e-24
8.980000000000000000e+02	8.368200836820083180e-04	1.831241894816697394e-20
8.990000000000000000e+02	8.368200836820083180e-04	5.097098514477326691e-19
9.000000000000000000e+02	8.368200836820083180e-04	3.074640876619169726e-23
9.010000000000000000e+02	8.368200836820083180e-04	4.613727321031435990e-20
9.020000000000000000e+02	8.368200836820083180e-04	1.508333514490561932e-21
9.030000000000000000e+02	8.368200836820083180e-04	4.960728011435148407e-27
9.040000000000000000e+02	8.368200836820083180e-04	5.601729326918193780e-18
9.050000000000000000e+02	8.368200836820083180e-04	1.157358376745104770e-19
9.060000000000000000e+02	8.368200836820083180e-04	6.144894663482472743e-19
9.070000000000000000e+02	8.368200836820083180e-04	1.375841405943004949e-15
9.080000000000000000e+02	8.368200836820083180e-04	1.653647825086217386e-11
9.090000000000000000e+02	8.368200836820083180e-04	1.753586636680801138e-14
9.100000000000000000e+02	8.368200836820083180e-04	1.458562785080032894e-19
9.110000000000000000e+02	8.368200836820083180e-04	5.493709489009940098e-15
9.120000000000000000e+02	8.368200836820083180e-04	8.433454068150391145e-14
9.130000000000000000e+02	8.368200836820083180e-04	3.112792588881539764e-14
9.140000000000000000e+02	8.368200836820083180e-04	3.278013288105523016e-17
9.150000000000000000e+02	8.368200836820083180e-04	1.610860376706165175e-07
9.160000000000000000e+02	8.368200836820083180e-04	1.971859897020344814e-13
9.170000000000000000e+02	8.368200836820083180e-04	8.216573116022977269e-03
9.180000000000000000e+02	8.368200836820083180e-04	6.578874465919997500e-10
9.190000000000000000e+02	8.368200836820083180e-04	2.187945373150356168e-09
9.200000000000000000e+02	8.368200836820083180e-04	1.806084443305006508e-10
9.210000000000000000e+02	8.368200836820083180e-04	1.844194490119084025e-07
9.220000000000000000e+02	8.368200836820083180e-04	3.618560642637027308e-09
9.230000000000000000e+02	8.368200836820083180e-04	2.137680844315760380e-10
9.240000000000000000e+02	8.368200836820083180e-04	3.949233924512399919e-13
9.250000000000000000e+02	8.368200836820083180e-04	7.166721936781913614e-13
9.260000000000000000e+02	8.368200836820083180e-04	7.763959016894815344e-08
9.270000000000000000e+02	8.368200836820083180e-04	9.086605728549661407e-15
9.280000000000000000e+02	8.368200836820083180e-04	3.593229951798638583e-15
9.290000000000000000e+02	8.368200836820083180e-04	5.683639009954092453e-14
9.300000000000000000e+02	8.368200836820083180e-04	1.701989504316666362e-15
9.310000000000000000e+02	8.368200836820083180e-04	7.355563042063358395e-07
9.320000000000000000e+02	8.368200836820083180e-04	6.411508958674550643e-10
9.330000000000000000e+02	8.368200836820083180e-04	1.071422551637683595e-13
9.340000000000000000e+02	8.368200836820083180e-04	2.695052300100193895e-12
9.350000000000000000e+02	8.368200836820083180e-04	4.697847186747932529e-11
9.360000000000000000e+02	8.368200836820083180e-04	2.418348053512648336e-11
9.370000000000000000e+02	8.368200836820083180e-04	4.929420781853845288e-07
9.380000000000000000e+02	8.368200836820083180e-04	3.839183604344419870e-08
9.390000000000000000e+02	8.368200836820083180e-04	1.281526195997309254e-10
9.400000000000000000e+02	8.368200836820083180e-04	1.758271913825614699e-06
9.410000000000000000e+02	8.368200836820083180e-04	7.247846600857821753e-07
9.420000000000000000e+02	8.368200836820083180e-04	5.279503438980828067e-05
9.430000000000000000e+02	8.368200836820083180e-04	2.141690493366072031e-04
9.440000000000000000e+02	8.368200836820083180e-04	2.027469312793388472e-03
9.450000000000000000e+02	8.368200836820083180e-04	1.469894232535761668e-08
9.460000000000000000e+02	8.368200836820083180e-04	2.808746040092963568e-11
9.470000000000000000e+02	8.368200836820083180e-04	2.072961390925223209e-06
9.480000000000000000e+02	8.368200836820083180e-04	1.641897096059278053e-09
9.490000000000000000e+02	8.368200836820083180e-04	1.431971015973849456e-07
9.500000000000000000e+02	8.368200836820083180e-04	7.449292587147041000e-13
9.510000000000000000e+02	8.368200836820083180e-04	3.088249922052681716e-13
9.520000000000000000e+02	8.368200836820083180e-04	9.427254988627248835e-11
9.530000000000000000e+02	8.368200836820083180e-04	1.758558696422689497e-10
9.540000000000000000e+02	8.368200836820083180e-04	1.918333360636843816e-12
9.550000000000000000e+02	8.368200836820083180e-04	1.339923396923452876e-07
9.560000000000000000e+02	8.368200836820083180e-04	1.667506084526050373e-10
9.570000000000000000e+02	8.368200836820083180e-04	7.716864377468844372e-11
9.580000000000000000e+02	8.368200836820083180e-04	4.543122479072461319e-07
9.590000000000000000e+02	8.368200836820083180e-04	9.241467419158465758e-10
9.600000000000000000e+02	8.368200836820083180e-04	3.778072064557128163e-12
9.610000000000000000e+02	8.368200836820083180e-04	6.090328629927451875e-12
9.620000000000000000e+02	8.368200836820083180e-04	5.122763617769445383e-12
9.630000000000000000e+02	8.368200836820083180e-04	3.624038890691907512e-14
9.640000000000000000e+02	8.368200836820083180e-04	3.744978202251027355e-10
9.650000000000000000e+02	8.368200836820083180e-04	2.396816165966469493e-08
9.660000000000000000e+02	8.368200836820083180e-04	5.022336054754050824e-08
9.670000000000000000e+02	8.368200836820083180e-04	3.678345217559058282e-08
9.680000000000000000e+02	8.368200836820083180e-04	6.971392292301260305e-08
9.690000000000000000e+02	8.368200836820083180e-04	9.690452408531337621e-12
9.700000000000000000e+02	8.368200836820083180e-04	2.293678782809146392e-07
9.710000000000000000e+02	8.368200836820083180e-04	2.673465749981660746e-09
9.720000000000000000e+02	8.368200836820083180e-04	1.297648535374729309e-09
9.730000000000000000e+02	8.368200836820083180e-04	3.535349540935750525e-08
9.740000000000000000e+02	8.368200836820083180e-04	7.752103314582306797e-10
9.750000000000000000e+02	8.368200836820083180e-04	6.936206383158631634e-07
9.760000000000000000e+02	8.368200836820083180e-04	2.692367952550175543e-08
9.770000000000000000e+02	8.368200836820083180e-04	7.696611000050480877e-02
9.780000000000000000e+02	8.368200836820083180e-04	3.657103971503431282e-06
9.790000000000000000e+02	8.368200836820083180e-04	2.850247206834664502e-04
9.800000000000000000e+02	8.368200836820083180e-04	4.379336890010335515e-09
9.810000000000000000e+02	8.368200836820083180e-04	1.516826036273206530e-13
9.820000000000000000e+02	8.368200836820083180e-04	1.795020015267409486e-10
9.830000000000000000e+02	8.368200836820083180e-04	1.308506876564337194e-09
9.840000000000000000e+02	8.368200836820083180e-04	4.136428117882015555e-08
9.850000000000000000e+02	8.368200836820083180e-04	7.488221462858193264e-10
9.860000000000000000e+02	8.368200836820083180e-04	2.177409346421921005e-07
9.870000000000000000e+02	8.368200836820083180e-04	8.430323545879085949e-12
9.880000000000000000e+02	8.368200836820083180e-04	1.655435840223938071e-11
9.890000000000000000e+02	8.368200836820083180e-04	1.194940178498927801e-11
9.900000000000000000e+02	8.368200836820083180e-04	5.475699019134568844e-06
9.910000000000000000e+02	8.368200836820083180e-04	6.092126525889081379e-02
9.920000000000000000e+02	8.368200836820083180e-04	2.663228481181658075e-10
9.930000000000000000e+02	8.368200836820083180e-04	1.213327294957991518e-11
9.940000000000000000e+02	8.368200836820083180e-04	5.590531399662255057e-12
9.950000000000000000e+02	8.368200836820083180e-04	1.288017112182455690e-12
9.960000000000000000e+02	8.368200836820083180e-04	5.020945921290165216e-04
9.970000000000000000e+02	8.368200836820083180e-04	2.067674814386285595e-06
9.980000000000000000e+02	8.368200836820083180e-04	5.228287321080849609e-10
9.990000000000000000e+02	8.368200836820083180e-04	6.082099530735249095e-11
1.000000000000000000e+03	8.368200836820083180e-04	1.446836700132438037e-04
1.001000000000000000e+03	8.368200836820083180e-04	1.676493330737727824e-03
1.002000000000000000e+03	8.368200836820083180e-04	2.496184887145156375e-08
1.003000000000000000e+03	8.368200836820083180e-04	2.517195368239746370e-07
1.004000000000000000e+03	8.368200836820083180e-04	4.210938163183382679e-09
1.005000000000000000e+03	8.368200836820083180e-04	9.019566846004859024e-09
1.006000000000000000e+03	8.368200836820083180e-04	5.268688419963498140e-15
1.007000000000000000e+03	8.368200836820083180e-04	3.676036221881289798e-17
1.008000000000000000e+03	8.368200836820083180e-04	2.853362516591180236e-14
1.009000000000000000e+03	8.368200836820083180e-04	1.337182980886534514e-13
1.010000000000000000e+03	8.368200836820083180e-04	1.404337224749606678e-13
1.011000000000000000e+03	8.368200836820083180e-04	2.727050811644239592e-13
1.012000000000000000e+03	8.368200836820083180e-04	9.421614091081534750e-13
1.013000000000000000e+03	8.368200836820083180e-04	1.812227708181461717e-15
1.014000000000000000e+03	8.368200836820083180e-04	1.244587803481715222e-13
1.015000000000000000e+03	8.368200836820083180e-04	9.363256644449268229e-13
1.016000000000000000e+03	8.368200836820083180e-04	1.842047614091214595e-11
1.017000000000000000e+03	8.368200836820083180e-04	2.136640275329886774e-10
1.018000000000000000e+03	8.368200836820083180e-04	3.091299620029609580e-10
1.019000000000000000e+03	8.368200836820083180e-04	4.445386645595584829e-13
1.020000000000000000e+03	8.368200836820083180e-04	8.142762505324848773e-11
1.021000000000000000e+03	8.368200836820083180e-04	1.015648832629146844e-15
1.022000000000000000e+03	8.368200836820083180e-04	3.501224183286711837e-10
1.023000000000000000e+03	8.368200836820083180e-04	1.074227274481388446e-09
1.024000000000000000e+03	8.368200836820083180e-04	1.509946978801490651e-14
1.025000000000000000e+03	8.368200836820083180e-04	1.999185819868860269e-16
1.026000000000000000e+03	8.368200836820083180e-04	4.157898196664911122e-14
1.027000000000000000e+03	8.368200836820083180e-04	5.941837991093548143e-11
1.028000000000000000e+03	8.368200836820083180e-04	4.863271027564840220e-13
1.029000000000000000e+03	8.368200836820083180e-04	6.333008288356852045e-14
1.030000000000000000e+03	8.368200836820083180e-04	1.225176821473979405e-11
1.031000000000000000e+03	8.368200836820083180e-04	9.071896599186146773e-13
1.032000000000000000e+03	8.368200836820083180e-04	2.429097309479646896e-15
1.033000000000000000e+03	8.368200836820083180e-04	9.095548809185376935e-20
1.034000000000000000e+03	8.368200836820083180e-04	4.179166994314055444e-11
1.035000000000000000e+03	8.368200836820083180e-04	6.524389355824633540e-13
1.036000000000000000e+03	8.368200836820083180e-04	4.878633006396511445e-17
1.037000000000000000e+03	8.368200836820083180e-04	3.343527909538151780e-12
1.038000000000000000e+03	8.368200836820083180e-04	3.788137373456667973e-11
1.039000000000000000e+03	8.368200836820083180e-04	3.124131061779002974e-16
1.040000000000000000e+03	8.368200836820083180e-04	5.533981606161531865e-17
1.041000000000000000e+03	8.368200836820083180e-04	1.307090372687336015e-08
1.042000000000000000e+03	8.368200836820083180e-04	9.280181150857122953e-09
1.043000000000000000e+03	8.368200836820083180e-04	2.628488491512646867e-11
1.044000000000000000e+03	8.368200836820083180e-04	1.941504773733711051e-11
1.045000000000000000e+03	8.368200836820083180e-04	1.817865044660424054e-14
1.046000000000000000e+03	8.368200836820083180e-04	1.083659020112419670e-12
1.047000000000000000e+03	8.368200836820083180e-04	1.584438048793458270e-12
1.048000000000000000e+03	8.368200836820083180e-04	2.360705032899396529e-04
1.049000000000000000e+03	8.368200836820083180e-04	3.825775722612970858e-02
1.050000000000000000e+03	8.368200836820083180e-04	7.181309407442691776e-11
1.051000000000000000e+03	8.368200836820083180e-04	4.295692452351047586e-05
1.052000000000000000e+03	8.368200836820083180e-04	8.093320450964399041e-07
1.053000000000000000e+03	8.368200836820083180e-04	3.066368924468827987e-06
1.054000000000000000e+03	8.368200836820083180e-04	1.012068510350895808e-12
1.055000000000000000e+03	8.368200836820083180e-04	3.475633363712721216e-15
1.056000000000000000e+03	8.368200836820083180e-04	2.193948965346583071e-08
1.057000000000000000e+03	8.368200836820083180e-04	2.697130933395596658e-09
1.058000000000000000e+03	8.368200836820083180e-04	2.600708485150704349e-14
1.059000000000000000e+03	8.368200836820083180e-04	6.333470155931113806e-09
1.060000000000000000e+03	8.368200836820083180e-04	6.487263887219861421e-10
1.061000000000000000e+03	8.368200836820083180e-04	5.526782615331336119e-17
1.062000000000000000e+03	8.368200836820083180e-04	3.592718492785000073e-11
1.063000000000000000e+03	8.368200836820083180e-04	4.648942724796666593e-08
1.064000000000000000e+03	8.368200836820083180e-04	5.018877549433572887e-16
1.065000000000000000e+03	8.368200836820083180e-04	8.674460517611693528e-13
1.066000000000000000e+03	8.368200836820083180e-04	4.414889772315966584e-13
1.067000000000000000e+03	8.368200836820083180e-04	1.488226683722882075e-07
1.068000000000000000e+03	8.368200836820083180e-04	6.079706815879703217e-08
1.069000000000000000e+03	8.368200836820083180e-04	1.640715076505758192e-11
1.070000000000000000e+03	8.368200836820083180e-04	4.153314467173909006e-05
1.071000000000000000e+03	8.368200836820083180e-04	2.979124696812262015e-10
1.072000000000000000e+03	8.368200836820083180e-04	1.610940040927142237e-06
1.073000000000000000e+03	8.368200836820083180e-04	2.612019002987737320e-05
1.074000000000000000e+03	8.368200836820083180e-04	3.778857848604235650e-04
1.075000000000000000e+03	8.368200836820083180e-04	4.622306968339359938e-10
1.076000000000000000e+03	8.368200836820083180e-04	3.678515830090048199e-13
1.077000000000000000e+03	8.368200836820083180e-04	1.362569516154334206e-10
1.078000000000000000e+03	8.368200836820083180e-04	1.595263255511539145e-10
1.079000000000000000e+03	8.368200836820083180e-04	2.003071819628627487e-02
1.080000000000000000e+03	8.368200836820083180e-04	3.686179658129446190e-05
1.081000000000000000e+03	8.368200836820083180e-04	6.055699695927957134e-10
1.082000000000000000e+03	8.368200836820083180e-04	3.871978021833468563e-16
1.083000000000000000e+03	8.368200836820083180e-04	7.065992003796651618e-09
1.084000000000000000e+03	8.368200836820083180e-04	3.313566840151297280e-09
1.085000000000000000e+03	8.368200836820083180e-04	4.295779150648140123e-18
1.086000000000000000e+03	8.368200836820083180e-04	4.020155534096728096e-13
1.087000000000000000e+03	8.368200836820083180e-04	2.614749123613979609e-17
1.088000000000000000e+03	8.368200836820083180e-04	6.376319536182823886e-15
1.089000000000000000e+03	8.368200836820083180e-04	2.622719360698021624e-14
1.090000000000000000e+03	8.368200836820083180e-04	7.074374820886064085e-15
1.091000000000000000e+03	8.368200836820083180e-04	8.012462857132325262e-15
1.092000000000000000e+03	8.368200836820083180e-04	1.694005674057699813e-12
1.093000000000000000e+03	8.368200836820083180e-04	8.949824156613342338e-11
1.094000000000000000e+03	8.368200836820083180e-04	9.602011075841100662e-15
1.095000000000000000e+03	8.368200836820083180e-04	1.930162355138530602e-14
1.096000000000000000e+03	8.368200836820083180e-04	8.002013487664786536e-15
1.097000000000000000e+03	8.368200836820083180e-04	1.727507330485520817e-17
1.098000000000000000e+03	8.368200836820083180e-04	5.770556023378163078e-15
1.099000000000000000e+03	8.368200836820083180e-04	1.586106125450773224e-14
1.100000000000000000e+03	8.368200836820083180e-04	1.204887817551187350e-15
1.101000000000000000e+03	8.368200836820083180e-04	4.456107131451136993e-17
1.102000000000000000e+03	8.368200836820083180e-04	1.183098639294187867e-13
1.103000000000000000e+03	8.368200836820083180e-04	1.080019378874976142e-09
1.104000000000000000e+03	8.368200836820083180e-04	5.861013169992029356e-09
1.105000000000000000e+03	8.368200836820083180e-04	8.397954710217580899e-18
1.106000000000000000e+03	8.368200836820083180e-04	3.034545646211022447e-04
1.107000000000000000e+03	8.368200836820083180e-04	4.179852677143751382e-14
1.108000000000000000e+03	8.368200836820083180e-04	4.991527501279778470e-12
1.109000000000000000e+03	8.368200836820083180e-04	4.126618320995552943e-10
1.110000000000000000e+03	8.368200836820083180e-04	1.520824422900296860e-02
1.111000000000000000e+03	8.368200836820083180e-04	3.988472040675759379e-10
1.112000000000000000e+03	8.368200836820083180e-04	2.579786261460578453e-11
1.113000000000000000e+03	8.368200836820083180e-04	6.279150442459941164e-13
1.114000000000000000e+03	8.368200836820083180e-04	3.372311546629719494e-06
1.115000000000000000e+03	8.368200836820083180e-04	1.907886537670845054e-10
1.116000000000000000e+03	8.368200836820083180e-04	4.554288798919878130e-10
1.117000000000000000e+03	8.368200836820083180e-04	2.390544492436287884e-06
1.118000000000000000e+03	8.368200836820083180e-04	3.495574403739419166e-04
1.119000000000000000e+03	8.368200836820083180e-04	7.812264053692179265e-08
1.120000000000000000e+03	8.368200836820083180e-04	9.187481069405985278e-17
1.121000000000000000e+03	8.368200836820083180e-04	1.182290270720367836e-09
1.122000000000000000e+03	8.368200836820083180e-04	2.988134504940104860e-13
1.123000000000000000e+03	8.368200836820083180e-04	3.244473039024862570e-12
1.124000000000000000e+03	8.368200836820083180e-04	3.153552357162038682e-15
1.125000000000000000e+03	8.368200836820083180e-04	1.066064326194676654e-14
1.126000000000000000e+03	8.368200836820083180e-04	3.370697998799079378e-13
1.127000000000000000e+03	8.368200836820083180e-04	1.464490794163647300e-09
1.128000000000000000e+03	8.368200836820083180e-04	5.927410171881066243e-08
1.129000000000000000e+03	8.368200836820083180e-04	6.524999506735685441e-08
1.130000000000000000e+03	8.368200836820083180e-04	3.057425039723544479e-13
1.131000000000000000e+03	8.368200836820083180e-04	3.029083802845952890e-11
1.132000000000000000e+03	8.368200836820083180e-04	4.097239767729039215e-08
1.133000000000000000e+03	8.368200836820083180e-04	1.914158485879032045e-06
1.134000000000000000e+03	8.368200836820083180e-04	2.127899703034817987e-11
1.135000000000000000e+03	8.368200836820083180e-04	3.216603572850138494e-13
1.136000000000000000e+03	8.368200836820083180e-04	4.223580737997038457e-07
1.137000000000000000e+03	8.368200836820083180e-04	4.338931785169838594e-14
1.138000000000000000e+03	8.368200836820083180e-04	3.707270832400504521e-12
1.139000000000000000e+03	8.368200836820083180e-04	3.030899809591252125e-13
1.140000000000000000e+03	8.368200836820083180e-04	6.483842942481972561e-13
1.141000000000000000e+03	8.368200836820083180e-04	3.477297853904335622e-09
1.142000000000000000e+03	8.368200836820083180e-04	7.447631424558117113e-10
1.143000000000000000e+03	8.368200836820083180e-04	2.309948857835835844e-10
1.144000000000000000e+03	8.368200836820083180e-04	3.505200060268431081e-10
1.145000000000000000e+03	8.368200836820083180e-04	1.751557592346229754e-12
1.146000000000000000e+03	8.368200836820083180e-04	3.150042952595649745e-16
1.147000000000000000e+03	8.368200836820083180e-04	1.859805361803296060e-11
1.148000000000000000e+03	8.368200836820083180e-04	4.291907441016501971e-13
1.149000000000000000e+03	8.368200836820083180e-04	3.563372024034302059e-20
1.150000000000000000e+03	8.368200836820083180e-04	5.406619735496713695e-15
1.151000000000000000e+03	8.368200836820083180e-04	7.284889071759534836e-12
1.152000000000000000e+03	8.368200836820083180e-04	1.154001544428112990e-08
1.153000000000000000e+03	8.368200836820083180e-04	2.869346442081762955e-13
1.154000000000000000e+03	8.368200836820083180e-04	5.066713638983208353e-13
1.155000000000000000e+03	8.368200836820083180e-04	7.930584481893480352e-10
1.156000000000000000e+03	8.368200836820083180e-04	7.886948495579474080e-14
1.157000000000000000e+03	8.368200836820083180e-04	1.875135880466025836e-18
1.158000000000000000e+03	8.368200836820083180e-04	3.431130844743406670e-16
1.159000000000000000e+03	8.368200836820083180e-04	3.064494857001329215e-19
1.160000000000000000e+03	8.368200836820083180e-04	7.577207581999435372e-17
1.161000000000000000e+03	8.368200836820083180e-04	1.389047076540159360e-12
1.162000000000000000e+03	8.368200836820083180e-04	1.860581439495791086e-12
1.163000000000000000e+03	8.368200836820083180e-04	4.237625210953556614e-13
1.164000000000000000e+03	8.368200836820083180e-04	2.135945719032069804e-13
1.165000000000000000e+03	8.368200836820083180e-04	8.279075498706598833e-13
1.166000000000000000e+03	8.368200836820083180e-04	2.764884177074598978e-15
1.167000000000000000e+03	8.368200836820083180e-04	2.617895701739990240e-09
1.168000000000000000e+03	8.368200836820083180e-04	1.244043943090337350e-14
1.169000000000000000e+03	8.368200836820083180e-04	4.116254717263705934e-11
1.170000000000000000e+03	8.368200836820083180e-04	2.662187764058154132e-12
1.171000000000000000e+03	8.368200836820083180e-04	1.086189405284831047e-08
1.172000000000000000e+03	8.368200836820083180e-04	4.276860094461001217e-10
1.173000000000000000e+03	8.368200836820083180e-04	2.077929628718086653e-09
1.174000000000000000e+03	8.368200836820083180e-04	1.039692390371781205e-12
1.175000000000000000e+03	8.368200836820083180e-04	8.334353681129823311e-16
1.176000000000000000e+03	8.368200836820083180e-04	4.655856123313595136e-09
1.177000000000000000e+03	8.368200836820083180e-04	1.841984796997337181e-10
1.178000000000000000e+03	8.368200836820083180e-04	5.940847100135732191e-09
1.179000000000000000e+03	8.368200836820083180e-04	7.963641854956620640e-11
1.180000000000000000e+03	8.368200836820083180e-04	3.199561049609584514e-11
1.181000000000000000e+03	8.368200836820083180e-04	4.131205108848207347e-08
1.182000000000000000e+03	8.368200836820083180e-04	9.185763953964705844e-12
1.183000000000000000e+03	8.368200836820083180e-04	4.523592782973173780e-14
1.184000000000000000e+03	8.368200836820083180e-04	1.409739489584636463e-10
1.185000000000000000e+03	8.368200836820083180e-04	6.939885086981829244e-11
1.186000000000000000e+03	8.368200836820083180e-04	1.044409489896987456e-13
1.187000000000000000e+03	8.368200836820083180e-04	5.082045428872115281e-08
1.188000000000000000e+03	8.368200836820083180e-04	1.791193081240588120e-13
1.189000000000000000e+03	8.368200836820083180e-04	1.567792998525970089e-09
1.190000000000000000e+03	8.368200836820083180e-04	1.249099661729854374e-09
1.191000000000000000e+03	8.368200836820083180e-04	1.461927536039193986e-07
1.192000000000000000e+03	8.368200836820083180e-04	2.080913728513044942e-11
1.193000000000000000e+03	8.368200836820083180e-04	1.056085063258376431e-15
1.194000000000000000e+03	8.368200836820083180e-04	1.261417058687650887e-17
1.195000000000000000e+03	8.368200836820083180e-04	1.890000401164098893e-13
