system	resid	resname	atom	index
tmpp-wt	18	ASN	O	275
tmpp-wt	20	MET	N	286
tmpp-wt	22	TRP	O	340
tmpp-wt	27	ASP	OD1	406
tmpp-wt	27	ASP	OD2	407
tmpp-wt	49	SER	O	787
tmpp-wt	52	ARG	NH1	830
tmpp-wt	52	ARG	NH2	833
tmpp-wt	300	TMPP	O3P	21632
tmpp-wt	300	TMPP	O4P	21638
tmpp-wt	300	TMPP	O5P	21644
tmpp-l28r	18	ASN	O	275
tmpp-l28r	20	MET	N	286
tmpp-l28r	22	TRP	O	340
tmpp-l28r	27	ASP	OD1	406
tmpp-l28r	27	ASP	OD2	407
tmpp-l28r	49	SER	O	792
tmpp-l28r	52	ARG	NH1	835
tmpp-l28r	52	ARG	NH2	838
tmpp-l28r	28	ARG	NE	423
tmpp-l28r	28	ARG	NH1	426
tmpp-l28r	28	ARG	NH2	429
tmpp-l28r	300	TMPP	O3P	21627
tmpp-l28r	300	TMPP	O4P	21633
tmpp-l28r	300	TMPP	O5P	21639
d4tmpp-wt	18	ASN	O	275
d4tmpp-wt	20	MET	N	286
d4tmpp-wt	22	TRP	O	340
d4tmpp-wt	27	ASP	OD1	406
d4tmpp-wt	27	ASP	OD2	407
d4tmpp-wt	49	SER	O	789
d4tmpp-wt	52	ARG	NH1	832
d4tmpp-wt	52	ARG	NH2	835
d4tmpp-wt	303	D4PP	O3P	2586
d4tmpp-wt	303	D4PP	O4P	2592
d4tmpp-wt	303	D4PP	O5P	2595
d4tmpp-l28r	18	ASN	O	275
d4tmpp-l28r	20	MET	N	286
d4tmpp-l28r	22	TRP	O	340
d4tmpp-l28r	27	ASP	OD1	406
d4tmpp-l28r	27	ASP	OD2	407
d4tmpp-l28r	49	SER	O	794
d4tmpp-l28r	52	ARG	NH1	837
d4tmpp-l28r	52	ARG	NH2	840
d4tmpp-l28r	28	ARG	NE	423
d4tmpp-l28r	28	ARG	NH1	426
d4tmpp-l28r	28	ARG	NH2	429
d4tmpp-l28r	303	D4PP	O3P	2591
d4tmpp-l28r	303	D4PP	O4P	2597
d4tmpp-l28r	303	D4PP	O5P	2600
