claim_id,claim,answer_locator,provenance,reproducible,input_checked,method_note,status,source_locator,claims_array_note,agent_quote,evaluation_kind
B2-01,"20+20 trajectories; 20–1020 ns; 1001 points, 1 ns stride; trajectory is statistical unit",AGENT_RAW/HSP90_Q01_B_8813dc0f/answer.md; section matching Context,FROM_CITED_FILE,NOT_ATTEMPTED,YES,DEVELOPER_JUDGMENT: The delivered time axis and denominator agree.,VERIFIED,common/HSP90_SOURCE_AND_RUN_CARD.json; FIELD_DEFINITIONS.md,Full final prose scored regardless of claims[] membership; exact submitted claims saved separately.,,SCIENTIFIC_CLAIM
B2-02,"Both signed readouts positive=open-directed, both negative=closed-directed; other=conflict",AGENT_RAW/HSP90_Q01_B_8813dc0f/answer.md; section matching Direction definition,FROM_CITED_FILE,NOT_ATTEMPTED,YES,DEVELOPER_JUDGMENT: Operational signs are distinct from paper-native state labels.,VERIFIED,common/FIELD_DEFINITIONS.md:7,Full final prose scored regardless of claims[] membership; exact submitted claims saved separately.,,SCIENTIFIC_CLAIM
B2-03,Departure reference is first persistent direction; return is rule- and window-specific,AGENT_RAW/HSP90_Q01_B_8813dc0f/answer.md; section matching Event semantics,FROM_CITED_FILE,NOT_ATTEMPTED,YES,DEVELOPER_JUDGMENT: Does not prove a physical departure or absence of all returns.,VERIFIED,common/FIELD_DEFINITIONS.md:13-17,Full final prose scored regardless of claims[] membership; exact submitted claims saved separately.,,SCIENTIFIC_CLAIM
B2-04,Open starts stable; closed starts stable/open-like/neither; current proxy differs from paper native NOE/structural definitions,AGENT_RAW/HSP90_Q01_B_8813dc0f/answer.md; section matching Paper relationship,AUTHOR_REPORT,NOT_ATTEMPTED,YES,"DEVELOPER_JUDGMENT: Qualitative compatibility, not an exact reproduction.",VERIFIED,article pp.5–6 Fig.4; hidden/literature_claims.json:HPA-02/03/04,Full final prose scored regardless of claims[] membership; exact submitted claims saved separately.,,SCIENTIFIC_CLAIM
B2-05,"No equilibrium populations, physical rates or unique mechanism established by these derived tables",AGENT_RAW/HSP90_Q01_B_8813dc0f/answer.md; section matching Inference limits,FROM_CITED_FILE,NOT_ATTEMPTED,YES,"DEVELOPER_JUDGMENT: Bounded interpretation of a finite, seeded sample.",VERIFIED,hidden/grading_rubric.md:7; article p.6 non-ergodicity,Full final prose scored regardless of claims[] membership; exact submitted claims saved separately.,,SCIENTIFIC_CLAIM
B2-06,Current packet excludes raw coordinate arrays/full native NOE inputs,AGENT_RAW/HSP90_Q01_B_8813dc0f/answer.md; section matching Data availability,FROM_CITED_FILE,NOT_ATTEMPTED,YES,DEVELOPER_JUDGMENT: Packet-local limit; does not assert global data unavailable.,VERIFIED,common/SOURCE_INVENTORY.json:missing,Full final prose scored regardless of claims[] membership; exact submitted claims saved separately.,,SCIENTIFIC_CLAIM
B2-07,"Proposed coordinate/NOE correspondence, persistent state definitions and uncertainty analysis",AGENT_RAW/HSP90_Q01_B_8813dc0f/answer.md; section matching Next action,AGENT_PROPOSAL,NOT_ATTEMPTED,NO,"DEVELOPER_JUDGMENT: Proposed native-coordinate/NOE correspondence addresses the remaining gap. Not executed is a role label, not failure; broader kinetics proposals need separate scope.",NOT_INDEPENDENTLY_VERIFIED,answer.md:next action,Full final prose scored regardless of claims[] membership; exact submitted claims saved separately.,"1. 直接读取坐标，按论文 ATP-lid 残基 98–136 的 backbone RMSD、闭/开特异 NOE 距离违例和接触定义，预注册阈值并报告 frame、trajectory 和 seed-stratified 结果。
2. 将“离开起始态”“到达相反锚”“返回起始态”拆成互斥状态机：要求起始态先持续，经过 U/conflict，再由目标态持续确认；报告首次到达时间、删失和轨迹级区间。
3. 若目标是动力学，应增加独立轨迹/延长模拟，并将微秒 MD 与论文毫秒级 CPMG 交换量通过明确 forward model 分开比较，不把代理 readout 当作 NMR 速率的直接测量。",DESIGN_PROPOSAL
B2-08,"5/20,4/20,1/20 closed departures versus0 open; no returns",AGENT_RAW/HSP90_Q01_B_8813dc0f/answer.md; section matching Threshold results,FROM_AGENT_COMPUTATION,YES,YES,DEVELOPER_JUDGMENT: Recomputed raw signs and runs with original criterion.,VERIFIED,replay/code_02.py; hidden/reference_values.json,Full final prose scored regardless of claims[] membership; exact submitted claims saved separately.,,SCIENTIFIC_CLAIM
B2-09,Closed8341C/6764O/4915conflict; open20020O;41.66/33.79/24.55%,AGENT_RAW/HSP90_Q01_B_8813dc0f/answer.md; section matching Raw direction counts,FROM_AGENT_COMPUTATION,YES,YES,"DEVELOPER_JUDGMENT: Descriptive frame proportions only, not equilibrium populations.",VERIFIED,replay/code_02.py; direct_source_check.json,Full final prose scored regardless of claims[] membership; exact submitted claims saved separately.,,SCIENTIFIC_CLAIM
B2-10,10/20 closed-start trajectories contain at least one5-frame open-directed run;20/20 open-start,AGENT_RAW/HSP90_Q01_B_8813dc0f/answer.md; section matching Persistent open run,FROM_AGENT_COMPUTATION,YES,YES,DEVELOPER_JUDGMENT after Pro: useful scientific addition regardless of section placement; not an independently attributed Rules effect.,VERIFIED,replay/code_01.py stdout before error; code_02.py full run listing,Full final prose scored regardless of claims[] membership; exact submitted claims saved separately.,闭合起始组 **10/20** 条轨迹出现至少一个持续 OPEN_CONSENSUS run,SCIENTIFIC_CLAIM
B2-11,Closed169C/143O/108conflict; open420O; bins not independent,AGENT_RAW/HSP90_Q01_B_8813dc0f/answer.md; section matching Bin counts,FROM_AGENT_COMPUTATION,YES,YES,DEVELOPER_JUDGMENT: Correct aggregate; no equal-duration comparison justified.,VERIFIED,replay/code_02.py; common/trajectory_time_bins_50ns.tsv,Full final prose scored regardless of claims[] membership; exact submitted claims saved separately.,,SCIENTIFIC_CLAIM
B2-12,state_core not a kinetic state; no numerical core-coverage audit in final answer,AGENT_RAW/HSP90_Q01_B_8813dc0f/answer.md; section matching Core limit,FROM_CITED_FILE,NOT_ATTEMPTED,YES,"DEVELOPER_JUDGMENT after Pro: preserves scope; omission of numeric core coverage is a content difference, not demonstrated harmful omission.",VERIFIED,common/state_core_definition.json; answer.md,Full final prose scored regardless of claims[] membership; exact submitted claims saved separately.,`state_core` 是 anchor-relative structural support core，定义明确写明 **not kinetic state**,SCIENTIFIC_CLAIM
B2-13,RMP/prior/model unresolved; estimand and uncertainty states repeated,AGENT_RAW/HSP90_Q01_B_8813dc0f/answer.md; section matching Imported rule terminology,FROM_CITED_FILE,NOT_ATTEMPTED,NO,DEVELOPER_JUDGMENT: No demonstrated necessity of RMP-specific obligation for this target.,NOT_INDEPENDENTLY_VERIFIED,arm_B/ACTIVE_RULES.md; answer.md,Full final prose scored regardless of claims[] membership; exact submitted claims saved separately.,- 当前包不足以完整审计候选 NMR ensemble 的 RMP restraint、prior ensemble、fit objective 和 model uncertainty，因此不对跨来源 ensemble 支持作强结论（`PRIOR_OR_MODEL_UNRESOLVED`）。MD 与 NMR 的 observable、空间支持、时间平均和逆模型语义不能合并为单一指标（`ESTIMAND_OR_SUPPORT_MISMATCH`/`BRIDGE_UNAVAILABLE`）。MD 读数的测量/模型不确定性也不完整，故不报告精确误差条（`UNCERTAINTY_UNRESOLVED`）。,SCIENTIFIC_CLAIM
B2-14,Closed group明显更容易 under finite-window signed-readout definition,AGENT_RAW/HSP90_Q01_B_8813dc0f/answer.md; section matching Comparative conclusion,FROM_AGENT_COMPUTATION,YES,YES,"DEVELOPER_JUDGMENT: Read as descriptive direction asymmetry, not tested statistical significance.",VERIFIED,replay/code_02.py; answer conclusion,Full final prose scored regardless of claims[] membership; exact submitted claims saved separately.,,SCIENTIFIC_CLAIM
