coordinate_index_zero_based,pdb_serial,chain,pdb_residue_number,residue_name,atom_name
0,1,A,55,SER,N
4,5,A,55,SER,CA
11,12,A,55,SER,C
13,14,A,56,THR,N
15,16,A,56,THR,CA
25,26,A,56,THR,C
27,28,A,57,PHE,N
29,30,A,57,PHE,CA
45,46,A,57,PHE,C
47,48,A,58,SER,N
49,50,A,58,SER,CA
56,57,A,58,SER,C
58,59,A,59,LYS,N
60,61,A,59,LYS,CA
78,79,A,59,LYS,C
80,81,A,60,LEU,N
82,83,A,60,LEU,CA
97,98,A,60,LEU,C
99,100,A,61,ARG,N
101,102,A,61,ARG,CA
121,122,A,61,ARG,C
123,124,A,62,GLU,N
125,126,A,62,GLU,CA
136,137,A,62,GLU,C
138,139,A,63,GLN,N
140,141,A,63,GLN,CA
153,154,A,63,GLN,C
2735,2736,B,55,SER,N
2739,2740,B,55,SER,CA
2746,2747,B,55,SER,C
2748,2749,B,56,THR,N
2750,2751,B,56,THR,CA
2760,2761,B,56,THR,C
2762,2763,B,57,PHE,N
2764,2765,B,57,PHE,CA
2780,2781,B,57,PHE,C
2782,2783,B,58,SER,N
2784,2785,B,58,SER,CA
2791,2792,B,58,SER,C
2793,2794,B,59,LYS,N
2795,2796,B,59,LYS,CA
2813,2814,B,59,LYS,C
2815,2816,B,60,LEU,N
2817,2818,B,60,LEU,CA
2832,2833,B,60,LEU,C
2834,2835,B,61,ARG,N
2836,2837,B,61,ARG,CA
2856,2857,B,61,ARG,C
2858,2859,B,62,GLU,N
2860,2861,B,62,GLU,CA
2871,2872,B,62,GLU,C
2873,2874,B,63,GLN,N
2875,2876,B,63,GLN,CA
2888,2889,B,63,GLN,C
